catalog_index,src_id,l,b,status,group_id
0,3050515010100755,0.637682,9.408348,not_clean,-1
1,3050515010100260,0.602049,9.378313,not_clean,-1
2,3050515010101192,0.642199,9.403273,not_clean,-1
3,3050515010101269,0.701461,9.418143,not_clean,-1
4,3050515010100925,0.661552,9.374358,not_clean,-1
5,3050515010100725,0.725503,9.406905,not_clean,-1
6,3050515010101433,0.713712,9.395054,not_clean,-1
7,3050515040102258,0.780316,9.424687,not_clean,-1
8,3050515020101103,0.198246,9.014938,no_ext_contour,-1
9,3050515010100018,0.572161,9.270877,not_clean,-1
10,3050515020100989,0.241896,9.029814,no_ext_contour,-1
11,3050515020103194,0.161973,8.972436,no_ext_contour,-1
12,3050515020103227,0.216010,9.009796,no_ext_contour,-1
13,3050515010101288,0.722483,9.356399,not_clean,-1
14,3050515020100147,0.329764,9.076120,not_clean,-1
15,3050515010101625,0.466813,9.168378,not_clean,-1
16,3050515040102259,0.813478,9.407516,not_clean,-1
17,3050515040101930,0.839388,9.425262,not_clean,-1
18,3050515010100528,0.474439,9.170084,not_clean,-1
19,3050515010102732,0.446924,9.150188,not_clean,-1
20,3050515040102454,0.825510,9.409617,not_clean,-1
21,3050515020100508,0.213735,8.985609,no_ext_contour,-1
22,3050515020101532,0.185033,8.962099,no_ext_contour,-1
23,3050515010101258,0.785093,9.376195,not_clean,-1
24,3050515020100502,0.172599,8.951001,no_ext_contour,-1
25,3050515020102381,0.350933,9.073088,not_clean,-1
26,3050515010100031,0.603881,9.248015,not_clean,-1
27,3050515010102384,0.773425,9.364632,not_clean,-1
28,3050515010101368,0.752412,9.347176,not_clean,-1
29,3050515040104526,0.804680,9.382009,not_clean,-1
30,3050515010102183,0.757088,9.346419,not_clean,-1
31,3050515010101956,0.748375,9.337850,not_clean,-1
32,3050515040100547,0.807309,9.378287,not_clean,-1
33,3050515010100636,0.782558,9.355630,not_clean,-1
34,3050515010101147,0.485954,9.140929,not_clean,-1
35,3050515040102499,0.860276,9.398846,not_clean,-1
36,3050515040101497,0.877548,9.408324,not_clean,-1
37,3050515020101558,0.260233,8.980438,not_clean,-1
38,3050515040102986,0.896604,9.412523,no_ext_contour,-1
39,3050515010102522,0.787934,9.337320,no_ext_contour,-1
40,3050515040101077,0.827223,9.361864,not_clean,-1
41,3050515010101173,0.509868,9.142757,not_clean,-1
42,3050515020101610,0.336959,9.022279,not_clean,-1
43,3050515040104155,0.867898,9.388345,not_clean,-1
44,3050515040104857,0.889899,9.402168,not_clean,-1
45,3010546010101600,-0.052227,8.748141,not_clean,-1
46,3050515020101129,0.257905,8.962757,no_ext_contour,-1
47,3050515010100719,0.755924,9.306562,not_clean,-1
48,3050515020101957,0.413723,9.068640,no_ext_contour,-1
49,3050515040103596,0.895715,9.395619,not_clean,-1
50,3010546010102423,0.029092,8.796058,no_ext_contour,-1
51,3050515020100634,0.342050,9.011926,no_ext_contour,-1
52,3050515040101271,0.846245,9.357640,not_clean,-1
53,3050515010101781,0.796917,9.323549,not_clean,-1
54,3050515010102125,0.494527,9.114418,not_clean,-1
55,3050515010100202,0.634389,9.210174,not_clean,-1
56,3050515040103625,0.828244,9.342032,not_clean,-1
57,3050515020102079,0.385641,9.029061,no_ext_contour,-1
58,3050515020102812,0.430737,9.058821,not_clean,-1
59,3050515020102396,0.247361,8.929543,not_clean,-1
60,3050515010102286,0.490364,9.096817,not_clean,-1
61,3010546010102531,-0.016019,8.740740,no_ext_contour,-1
62,3010546010100763,0.023112,8.763959,no_ext_contour,-1
63,3010546010103580,0.014986,8.758059,no_ext_contour,-1
64,3010546010100648,-0.025784,8.726792,no_ext_contour,-1
65,3086222030101111,0.154885,8.851920,no_ext_contour,-1
66,3050515010100884,0.801031,9.297194,not_clean,-1
67,3050515040103171,0.878439,9.349929,no_ext_contour,-1
68,3050515040102706,0.886078,9.351207,not_clean,-1
69,3050515020102446,0.433256,9.038247,not_clean,-1
70,3050515020100882,0.377864,8.996532,not_clean,-1
71,3050515020100514,0.454137,9.048403,not_clean,-1
72,3050515040100445,0.876455,9.336701,no_ext_contour,-1
73,3050515020102365,0.231042,8.889916,no_ext_contour,-1
74,3010546010104842,0.077718,8.782151,not_clean,-1
75,3050515010100308,0.639654,9.168639,not_clean,-1
76,3050515010102110,0.786393,9.268775,not_clean,-1
77,3050515040101042,0.863843,9.318930,not_clean,-1
78,3010546010104038,-0.087577,8.661067,not_clean,-1
79,3010546010102493,0.097949,8.789662,not_clean,-1
80,3050515010100519,0.687464,9.192707,not_clean,-1
81,3050515020102634,0.241385,8.881607,not_clean,-1
82,3050515010100437,0.657511,9.168188,not_clean,-1
83,3010546010101034,-0.031500,8.689752,not_clean,-1
84,3050515010102062,0.814050,9.272618,no_ext_contour,-1
85,3050515040102945,0.846391,9.293138,not_clean,-1
86,3050515040101476,0.940894,9.358032,no_ext_contour,-1
87,3050515020102014,0.347472,8.948250,not_clean,-1
88,3010546010100314,0.093810,8.770023,no_ext_contour,-1
89,3050515020102152,0.203417,8.843387,not_clean,-1
90,3050515020101660,0.436816,9.003725,not_clean,-1
91,3050515020101571,0.344335,8.939194,no_ext_contour,-1
92,3050515010101825,0.542336,9.075806,not_clean,-1
93,3050515010101885,0.794562,9.249500,not_clean,-1
94,3050515010102817,0.505638,9.047536,no_ext_contour,-1
95,3050515020101921,0.290391,8.898437,not_clean,-1
96,3086222010101793,0.193619,8.830992,not_clean,-1
97,3050515010102184,0.570052,9.088056,not_clean,-1
98,3050515010102617,0.531035,9.058820,not_clean,-1
99,3010546010101407,-0.070265,8.640538,no_ext_contour,-1
100,3050515010102781,0.561486,9.073696,not_clean,-1
101,3086222010100118,0.201752,8.823667,not_clean,-1
102,3050515020104641,0.259820,8.863693,no_ext_contour,-1
103,3050515020101992,0.331133,8.912439,no_ext_contour,-1
104,3050515010101920,0.574653,9.079719,not_clean,-1
105,3050515040100469,0.938331,9.327942,not_clean,-1
106,3050515010100730,0.565308,9.070527,not_clean,-1
107,3050515010101142,0.843498,9.261707,not_clean,-1
108,3050515010100840,0.733090,9.183259,not_clean,-1
109,3050515040102535,0.916460,9.304832,not_clean,-1
110,3050515040103461,0.937262,9.318579,no_ext_contour,-1
111,3010546010102685,0.022830,8.685595,no_ext_contour,-1
112,3010546010102669,0.021502,8.676878,no_ext_contour,-1
113,3050515010102367,0.665705,9.119481,not_clean,-1
114,3010546010102264,0.052142,8.695040,no_ext_contour,-1
115,3050515010102340,0.675761,9.125053,not_clean,-1
116,3086222030104733,0.157893,8.764745,not_clean,-1
117,3086222030102872,0.140294,8.750225,not_clean,-1
118,3050515010100952,0.855210,9.241767,not_clean,-1
119,3050515010101333,0.829163,9.221398,not_clean,-1
120,3050515010102770,0.841959,9.228691,not_clean,-1
121,3010546010102738,0.052095,8.682293,no_ext_contour,-1
122,3050515010100846,0.817709,9.208240,not_clean,-1
123,3086222030103627,0.140592,8.740239,not_clean,-1
124,3050515010100992,0.829950,9.214591,not_clean,-1
125,3050515020102135,0.513936,8.995494,no_ext_contour,-1
126,3050515010102321,0.620462,9.068841,not_clean,-1
127,3050515010101055,0.726136,9.139883,not_clean,-1
128,3050515040101418,0.883316,9.244785,not_clean,-1
129,3050515040104007,0.930676,9.276519,not_clean,-1
130,3010546010104061,-0.097394,8.566412,no_ext_contour,-1
131,3050515040100604,0.910883,9.262384,no_ext_contour,-1
132,3050515010101036,0.687195,9.107517,not_clean,-1
133,3050515010101878,0.562268,9.021189,not_clean,-1
134,3050515010100246,0.769922,9.163168,not_clean,-1
135,3050515020100405,0.491520,8.970022,no_ext_contour,-1
136,3050515010100916,0.625308,9.061573,not_clean,-1
137,3050515010100523,0.696894,9.110017,not_clean,-1
138,3050515020102541,0.411003,8.912133,not_clean,-1
139,3050515040103073,0.863432,9.223882,not_clean,-1
140,3050515010100892,0.633164,9.064393,not_clean,-1
141,3010546010101869,0.018744,8.634589,no_ext_contour,-1
142,3050515020102108,0.413393,8.906007,not_clean,-1
143,3050515020101392,0.386704,8.883190,not_clean,-1
144,3050515040101087,0.882375,9.222269,not_clean,-1
145,3050515020102177,0.462667,8.930501,no_ext_contour,-1
146,3050515020102649,0.359251,8.858223,no_ext_contour,-1
147,3010546010102322,0.109740,8.681309,not_clean,-1
148,3050515010100317,0.572815,8.995557,not_clean,-1
149,3050515020101806,0.407172,8.881257,not_clean,-1
150,3050515040102785,0.925908,9.238514,not_clean,-1
151,3050515010102930,0.639798,9.040066,not_clean,-1
152,3050515040100789,0.971467,9.267603,no_ext_contour,-1
153,3050515020100625,0.329034,8.824560,not_clean,-1
154,3050515010100267,0.843286,9.177395,not_clean,-1
155,3050515010101760,0.710660,9.083719,not_clean,-1
156,3050515020102469,0.451533,8.904589,not_clean,-1
157,3050515040100594,0.977344,9.264070,not_clean,-1
158,3010546010102297,0.118176,8.670885,not_clean,-1
159,3050515010101612,0.728025,9.091000,not_clean,-1
160,3050515020103027,0.346753,8.827270,no_ext_contour,-1
161,3010546010100472,0.139864,8.679948,not_clean,-1
162,3050515010101739,0.731312,9.085077,not_clean,-1
163,3050515050102494,0.577076,8.978562,no_ext_contour,-1
164,3050515020102987,0.370980,8.836109,not_clean,-1
165,3086222010100534,0.314980,8.796943,not_clean,-1
166,3050515010102762,0.638453,9.020010,not_clean,-1
167,3050515010103398,0.753281,9.098307,not_clean,-1
168,3050515010102674,0.664417,9.035411,not_clean,-1
169,3086222030101025,0.238888,8.740362,no_ext_contour,-1
170,3088028010102226,0.990822,9.258287,no_ext_contour,-1
171,3088028010103095,0.957743,9.232273,no_ext_contour,-1
172,3050515010100867,0.615431,8.996469,not_clean,-1
173,3050515050102880,0.904136,9.194802,not_clean,-1
174,3050515050103414,0.880650,9.178467,no_ext_contour,-1
175,3050515010103737,0.693450,9.048755,not_clean,-1
176,3050515010102193,0.824950,9.138826,not_clean,-1
177,3086222030103570,0.162484,8.681463,no_ext_contour,-1
178,3088028010101755,0.984196,9.246724,no_ext_contour,-1
179,3050515020102839,0.489802,8.903616,no_ext_contour,-1
180,3086222030104154,0.146442,8.666089,not_clean,-1
181,3086222030103590,0.204025,8.705538,no_ext_contour,-1
182,3010546010100357,0.049427,8.598454,no_ext_contour,-1
183,3050515050100040,0.895153,9.179813,not_clean,-1
184,3050515050100897,0.594148,8.972599,no_ext_contour,-1
185,3050515010102506,0.683266,9.033912,not_clean,-1
186,3088028010101160,0.934071,9.206329,not_clean,-1
187,3050515010102222,0.826187,9.131871,not_clean,-1
188,3050515050103498,0.913093,9.189382,not_clean,-1
189,3086222010103302,0.313476,8.775603,no_ext_contour,-1
190,3050515050101644,0.845718,9.139100,no_ext_contour,-1
191,3086222030104214,0.223481,8.708852,no_ext_contour,-1
192,3086222030103952,0.207681,8.697001,no_ext_contour,-1
193,3050515050101276,0.652396,9.003316,not_clean,-1
194,3010546010101139,0.116130,8.631526,no_ext_contour,-1
195,3050515050103526,0.831640,9.121734,not_clean,-1
196,3088028010105297,0.985800,9.225356,not_clean,-1
197,3088028010103368,0.950429,9.199888,no_ext_contour,-1
198,3050515050100228,0.883657,9.151220,no_ext_contour,-1
199,3050515050102787,0.638838,8.981451,not_clean,-1
200,3050515050102337,0.786379,9.082855,no_ext_contour,-1
201,3050515050101837,0.916499,9.171958,no_ext_contour,-1
202,3086222010102551,0.431486,8.836931,no_ext_contour,-1
203,3086222030105199,0.248300,8.706817,no_ext_contour,-1
204,3088028010104086,0.969590,9.201724,no_ext_contour,-1
205,3050515050100743,0.632828,8.968218,no_ext_contour,-1
206,3086222030102050,0.218398,8.681228,no_ext_contour,-1
207,3086222010100937,0.283478,8.725472,no_ext_contour,-1
208,3086222010101322,0.454187,8.841678,no_ext_contour,-1
209,3050515050103001,0.704755,9.012193,not_clean,-1
210,3050515050101678,0.603030,8.939839,not_clean,-1
211,3086222030100928,0.181990,8.649222,no_ext_contour,-1
212,3086222030101716,0.162518,8.634757,no_ext_contour,-1
213,3050515050101417,0.799712,9.073867,not_clean,-1
214,3050515050101153,0.728777,9.024957,not_clean,-1
215,3086222030100240,0.178887,8.641063,no_ext_contour,-1
216,3086222030103553,0.138991,8.611846,no_ext_contour,-1
217,3086222010101754,0.543430,8.889810,not_clean,-1
218,3086222010103128,0.354992,8.757665,no_ext_contour,-1
219,3050515050101858,0.879985,9.114951,not_clean,-1
220,3088028010104821,1.002608,9.198737,no_ext_contour,-1
221,3050515050102893,0.809176,9.063804,no_ext_contour,-1
222,3088028010101310,1.010599,9.200887,no_ext_contour,-1
223,3050515050101931,0.769753,9.035074,not_clean,-1
224,3050515050101019,0.714088,8.995224,no_ext_contour,-1
225,3086222030103997,0.112263,8.576424,not_clean,-1
226,3086222010101771,0.300964,8.704883,not_clean,-1
227,3050515050101561,0.863345,9.092105,not_clean,-1
228,3050515050101567,0.608533,8.916739,no_ext_contour,-1
229,3088028010100662,0.969123,9.164596,no_ext_contour,-1
230,3086222010101275,0.432955,8.795315,not_clean,-1
231,3050515050100850,0.823202,9.062845,no_ext_contour,-1
232,3050515050101548,0.715564,8.987980,no_ext_contour,-1
233,3086222010101632,0.445020,8.800932,no_ext_contour,-1
234,3086222030101404,0.141186,8.590338,no_ext_contour,-1
235,3050515050101604,0.802378,9.045699,no_ext_contour,-1
236,3050515050103127,0.687599,8.965399,not_clean,-1
237,3086222030102139,0.173192,8.609414,no_ext_contour,-1
238,3050515050101537,0.802734,9.040397,not_clean,-1
239,3050515050101300,0.749004,9.003316,no_ext_contour,-1
240,3050515050102742,0.627731,8.918178,not_clean,-1
241,3050515050102881,0.655875,8.937210,no_ext_contour,-1
242,3050515050101656,0.599615,8.898288,no_ext_contour,-1
243,3050515050102702,0.789003,9.028281,no_ext_contour,-1
244,3050515050100509,0.784567,9.025013,no_ext_contour,-1
245,3050515050102379,0.891896,9.098663,no_ext_contour,-1
246,3050515050103121,0.716238,8.976955,no_ext_contour,-1
247,3050515050102626,0.754368,9.000685,not_clean,-1
248,3050515050102653,0.860793,9.073769,no_ext_contour,-1
249,3050515050102509,0.764837,9.007366,not_clean,-1
250,3050515050101434,0.733023,8.984426,no_ext_contour,-1
251,3050515050101995,0.874868,9.080503,no_ext_contour,-1
252,3050515050101487,0.567068,8.868203,not_clean,-1
253,3050515050103063,0.953444,9.133799,not_clean,-1
254,3086222010100521,0.556703,8.859606,no_ext_contour,-1
255,3086222010101405,0.480135,8.805050,not_clean,-1
256,3050515050103260,0.823826,9.039172,no_ext_contour,-1
257,3086222010103117,0.499892,8.815717,no_ext_contour,-1
258,3086222010104629,0.335293,8.701783,not_clean,-1
259,3050515050103231,0.809788,9.026047,no_ext_contour,-1
260,3086222030102537,0.302086,8.675537,not_clean,-1
261,3050515050104995,0.859328,9.057853,no_ext_contour,-1
262,3050515050102950,0.903810,9.087636,no_ext_contour,-1
263,3050515050102351,0.893812,9.078453,no_ext_contour,-1
264,3086222010101861,0.515541,8.818146,no_ext_contour,-1
265,3086222030101372,0.089336,8.523902,no_ext_contour,-1
266,3050515050103772,0.701689,8.944970,no_ext_contour,-1
267,3050515050102956,0.882300,9.067769,no_ext_contour,-1
268,3050515050103108,0.813037,9.018980,no_ext_contour,-1
269,3086222010101816,0.375043,8.716614,no_ext_contour,-1
270,3086222030101916,0.099371,8.521319,no_ext_contour,-1
271,3050515050105019,0.860072,9.038876,no_ext_contour,-1
272,3050515050103509,0.979834,9.120891,not_clean,-1
273,3086222010103211,0.408205,8.726293,not_clean,-1
274,3086222030103335,0.101646,8.512859,no_ext_contour,-1
275,3050515050102558,0.891713,9.055766,no_ext_contour,-1
276,3086222010101804,0.501190,8.786102,no_ext_contour,-1
277,3086222030103579,0.129259,8.527367,no_ext_contour,-1
278,3088028010104173,1.034583,9.150192,no_ext_contour,-1
279,3050515050101935,0.907854,9.061810,no_ext_contour,-1
280,3050515050100704,0.802871,8.984081,not_clean,-1
281,3086222010100245,0.484438,8.763717,no_ext_contour,-1
282,3086222030102038,0.144452,8.523226,no_ext_contour,-1
283,3050515050103084,0.834064,8.995645,no_ext_contour,-1
284,3050515050102210,0.733827,8.926414,no_ext_contour,-1
285,3050515050102940,0.874315,9.021890,no_ext_contour,-1
286,3050515050101860,0.692653,8.896626,not_clean,-1
287,3086222030100595,0.310476,8.632457,no_ext_contour,-1
288,3086222030104096,0.220214,8.569944,not_clean,-1
289,3050515050101387,0.780666,8.954740,not_clean,-1
290,3086222010101791,0.587268,8.819064,no_ext_contour,-1
291,3050515050101564,0.842443,8.990362,not_clean,-1
292,3050515050100815,0.683632,8.880812,no_ext_contour,-1
293,3086222010101466,0.529117,8.772107,not_clean,-1
294,3050515050102623,0.876672,9.009089,not_clean,-1
295,3086222010100257,0.438087,8.707240,no_ext_contour,-1
296,3086222010102329,0.504399,8.747924,not_clean,-1
297,3086222030103038,0.250238,8.572561,no_ext_contour,-1
298,3086222030101318,0.158166,8.508878,no_ext_contour,-1
299,3050515050101679,0.662442,8.855850,not_clean,-1
300,3050515050102194,0.764233,8.925595,no_ext_contour,-1
301,3086222010101544,0.551613,8.778514,not_clean,-1
302,3050515050105153,0.690807,8.871929,no_ext_contour,-1
303,3050515050101136,0.782815,8.934770,no_ext_contour,-1
304,3086222010105160,0.593256,8.800122,not_clean,-1
305,3086222030104400,0.268579,8.574808,not_clean,-1
306,3050515050103495,0.811848,8.947527,no_ext_contour,-1
307,3086222030102528,0.066431,8.433858,not_clean,-1
308,3050515050102926,0.806375,8.939291,no_ext_contour,-1
309,3050515050103502,0.857311,8.970888,not_clean,-1
310,3086222020102731,0.360398,8.628726,no_ext_contour,-1
311,3050515050104470,0.938079,9.025885,no_ext_contour,-1
312,3050515050101866,0.617757,8.805858,not_clean,-1
313,3086222030103540,0.325022,8.603618,no_ext_contour,-1
314,3086222030103007,0.178046,8.501277,no_ext_contour,-1
315,3086222010100818,0.441517,8.682472,not_clean,-1
316,3086222010103979,0.548894,8.754155,no_ext_contour,-1
317,3086222030104590,0.235675,8.537219,not_clean,-1
318,3050515050102477,0.874425,8.976059,no_ext_contour,-1
319,3050515050103722,0.828100,8.939434,no_ext_contour,-1
320,3050515050103159,0.862528,8.961273,not_clean,-1
321,3050515050103229,0.806571,8.922167,no_ext_contour,-1
322,3050515050103036,0.855653,8.949679,no_ext_contour,-1
323,3086222010101801,0.623638,8.789391,no_ext_contour,-1
324,3086222010103337,0.504199,8.704360,not_clean,-1
325,3086222030102852,0.258111,8.533498,no_ext_contour,-1
326,3086222030104933,0.331292,8.582287,no_ext_contour,-1
327,3050515050101260,0.913774,8.982579,no_ext_contour,-1
328,3050515050103549,0.873320,8.953030,not_clean,-1
329,3086222030100776,0.166216,8.463825,no_ext_contour,-1
330,3086222020100960,0.390356,8.603788,not_clean,-1
331,3086222030102145,0.242258,8.497875,no_ext_contour,-1
332,3086222030104602,0.312774,8.537669,no_ext_contour,-1
333,3086222030102889,0.232905,8.481692,no_ext_contour,-1
334,3086222030102983,0.347762,8.558574,no_ext_contour,-1
335,3086222030102810,0.259903,8.497569,no_ext_contour,-1
336,3086222010103616,0.572966,8.708374,not_clean,-1
337,3086222010103636,0.551395,8.684986,not_clean,-1
338,3086222010101264,0.670758,8.759776,not_clean,-1
339,3086222020104062,0.514014,8.647729,no_ext_contour,-1
340,3086222020104855,0.468735,8.615279,no_ext_contour,-1
341,3086222010103002,0.613458,8.714705,no_ext_contour,-1
342,3086222020103434,0.600378,8.690941,no_ext_contour,-1
343,3086222020103991,0.532287,8.643139,no_ext_contour,-1
344,3086222020104490,0.574981,8.665859,not_clean,-1
345,3086222020103489,0.567686,8.652240,not_clean,-1
346,3086222030104696,0.314265,8.477349,no_ext_contour,-1
347,3086222020104298,0.428524,8.554129,not_clean,-1
348,3086222020102004,0.634778,8.688043,no_ext_contour,-1
349,3086222020100654,0.645507,8.688396,no_ext_contour,-1
350,3086222020102935,0.620933,8.669967,no_ext_contour,-1
351,3086222020101302,0.667032,8.701284,not_clean,-1
352,3086222020103125,0.528002,8.587298,no_ext_contour,-1
353,3086222020101933,0.667557,8.673834,no_ext_contour,-1
354,3086222020104692,0.639503,8.654353,not_clean,-1
355,3086222020105144,0.583518,8.614040,no_ext_contour,-1
356,3086222020101171,0.619562,8.636558,no_ext_contour,-1
357,3086222020100902,0.639318,8.644268,no_ext_contour,-1
358,3086222020100172,0.715004,8.692194,no_ext_contour,-1
359,3086222020101810,0.525514,8.556046,no_ext_contour,-1
360,3086222020100069,0.476936,8.501344,no_ext_contour,-1
361,3086222020102034,0.493547,8.508205,no_ext_contour,-1
362,3086222020105453,0.664862,8.618899,no_ext_contour,-1
363,3086222020102849,0.684853,8.627900,no_ext_contour,-1
364,3086222020104747,0.648937,8.591791,not_clean,-1
365,3086222020101233,0.660146,8.599157,not_clean,-1
366,3086222020101149,0.482991,8.475879,no_ext_contour,-1
367,3086222020103750,0.723148,8.638667,no_ext_contour,-1
368,3086222020100364,0.672952,8.580757,no_ext_contour,-1
369,3086222020102805,0.718561,8.602218,no_ext_contour,-1
370,3086222020102992,0.664878,8.553619,no_ext_contour,-1
371,3086222020102162,0.720858,8.590045,no_ext_contour,-1
372,3086222020102850,0.579846,8.484659,no_ext_contour,-1
373,3086222020103794,0.501250,8.429908,no_ext_contour,-1
374,3086222020104185,0.649976,8.523285,no_ext_contour,-1
375,3086222020104823,0.607928,8.474727,no_ext_contour,-1
376,3086222020105022,0.695747,8.531341,not_clean,-1
377,3086222020104134,0.776014,8.570969,no_ext_contour,-1
378,3086222020104288,0.624100,8.460133,no_ext_contour,-1
379,3086222020100863,0.566229,8.409154,no_ext_contour,-1
380,3086222020103542,0.630017,8.443748,no_ext_contour,-1
381,3086222020102846,0.712451,8.454667,no_ext_contour,-1
382,3086222020102172,0.806218,8.502936,no_ext_contour,-1
383,3069500040104372,-9.767888,0.930735,grouped,286
384,3069500040101904,-9.866371,0.826890,grouped,4
385,3069500040102813,-9.765062,0.878011,grouped,1
386,3069500040103907,-9.736563,0.898066,not_clean,-1
387,3069500040106015,-9.870227,0.789276,nan_hardness,-1
388,3069500040102689,-9.685370,0.918504,grouped,274
389,3069500040105251,-9.707450,0.901359,nan_hardness,-1
390,3069500040101109,-9.853968,0.774757,grouped,284
391,3069500040106449,-9.785589,0.813718,grouped,6
392,3069500040101277,-9.643788,0.887468,grouped,286
393,3069500040106848,-9.810148,0.757812,grouped,0
394,3069500040103013,-9.697543,0.820701,grouped,285
395,3069500040103144,-9.776720,0.753215,grouped,269
396,3069500040102404,-9.736606,0.769723,grouped,7
397,3069500040100032,-9.746276,0.755331,grouped,285
398,3069500040102716,-9.753007,0.747709,grouped,0
399,3069500040105127,-9.663376,0.795572,not_clean,-1
400,3069500040106694,-9.749915,0.722790,not_clean,-1
401,3069500040105698,-9.817193,0.626857,not_clean,-1
402,3069500040102666,-9.672394,0.635798,grouped,14
403,3069500040105546,-9.723870,0.592830,not_clean,-1
404,3088608020101564,-9.290138,0.874920,grouped,286
405,3069500040100799,-9.759134,0.511575,grouped,18
406,3088608020100279,-9.232823,0.875982,grouped,285
407,3088608020102050,-9.279699,0.797968,grouped,305
408,3088608020101503,-9.150493,0.867870,grouped,34
409,3088608020107380,-9.264153,0.768467,grouped,34
410,3088608020103713,-9.177280,0.828789,grouped,35
411,3088608040103831,-9.553225,0.562249,grouped,19
412,3088608020100587,-9.161190,0.826540,not_clean,-1
413,3088608040101795,-9.544373,0.547593,not_clean,-1
414,3088608020102713,-9.250196,0.749156,grouped,31
415,3088608020107760,-9.205254,0.775858,not_clean,-1
416,3088608020100334,-9.218677,0.760280,grouped,286
417,3040675260102407,-9.663222,0.428908,grouped,14
418,3088608020103038,-9.267313,0.687447,grouped,31
419,3088608020104183,-9.232553,0.711556,grouped,30
420,3088608020102437,-9.145685,0.768151,grouped,287
421,3088608040105342,-9.458304,0.546606,grouped,286
422,3088608020100131,-9.210054,0.719799,grouped,28
423,3088608020103218,-9.401580,0.584344,grouped,20
424,3088608020103133,-9.307724,0.650122,not_clean,-1
425,3088608020105043,-9.132654,0.771260,grouped,48
426,3088608020101022,-9.328035,0.627979,not_clean,-1
427,3088608020101444,-9.161535,0.729137,grouped,272
428,3088608020101470,-9.257949,0.650372,grouped,287
429,3088608040102348,-9.528230,0.442627,not_clean,-1
430,3088608040104298,-9.589238,0.397336,grouped,18
431,3088608020100838,-9.375707,0.544628,grouped,19
432,3088608020100638,-9.112456,0.727065,grouped,252
433,3088608040105748,-9.500562,0.454751,grouped,290
434,3088608020100769,-9.228937,0.642342,grouped,21
435,3088608020103262,-9.182420,0.673260,grouped,33
436,3088607090100415,-9.068510,0.750393,grouped,268
437,3088608020101797,-9.116962,0.715982,grouped,279
438,3088608020102377,-9.105473,0.721756,grouped,305
439,3088607090100109,-8.880790,0.879007,grouped,286
440,3088608040102563,-9.451120,0.478879,grouped,37
441,3088607090107228,-9.064783,0.747021,not_clean,-1
442,3088608020104577,-9.185788,0.654966,grouped,36
443,3088607090105529,-8.981233,0.795682,not_clean,-1
444,3088608020102577,-9.207220,0.637257,grouped,286
445,3088608020106607,-9.139128,0.678665,grouped,36
446,3088608020100510,-9.204423,0.630713,grouped,286
447,3088608020100813,-9.292685,0.566741,grouped,24
448,3088607090102440,-9.044924,0.739802,not_clean,-1
449,3088608020100744,-9.099324,0.699251,grouped,48
450,3088608040101116,-9.498833,0.418034,grouped,286
451,3040675260100504,-9.655887,0.307410,grouped,14
452,3040675260100918,-9.583094,0.357898,not_clean,-1
453,3088607090103674,-8.796956,0.907613,grouped,10
454,3088608020101595,-9.123937,0.677781,grouped,30
455,3088608020100043,-9.104991,0.686584,not_clean,-1
456,3088608020100019,-9.161785,0.643583,grouped,51
457,3088607090100574,-8.868821,0.847289,grouped,271
458,3088608040101984,-9.501841,0.403307,not_clean,-1
459,3088608040106039,-9.527140,0.381543,nan_hardness,-1
460,3088607090102583,-9.055205,0.711643,grouped,274
461,3088608020102139,-9.166112,0.633029,not_clean,-1
462,3088607090104843,-8.855409,0.848289,grouped,267
463,3088607090100851,-8.808813,0.880391,grouped,10
464,3088608040102989,-9.537298,0.369753,grouped,267
465,3088607090101299,-8.970486,0.765711,grouped,46
466,3088608020101786,-9.187891,0.612118,not_clean,-1
467,3088608020101835,-9.154827,0.634000,not_clean,-1
468,3088608020100227,-9.197774,0.601549,grouped,32
469,3088608020103647,-9.286424,0.535010,grouped,269
470,3040675260107183,-9.650297,0.279565,not_clean,-1
471,3088608020101812,-9.149464,0.621634,grouped,36
472,3088607090104571,-8.909715,0.785711,not_clean,-1
473,3088608040100820,-9.414896,0.429874,grouped,36
474,3088607090106058,-8.896535,0.791177,grouped,272
475,3088608020102432,-9.083911,0.659606,grouped,30
476,3088607090105237,-9.044364,0.685923,grouped,22
477,3088608020101164,-9.101978,0.636142,grouped,36
478,3088607090104119,-8.922021,0.759864,grouped,271
479,3088608020102204,-9.085363,0.642982,not_clean,-1
480,3088607090102051,-8.981353,0.715273,grouped,271
481,3088607090102706,-8.820553,0.827749,grouped,286
482,3088607090100976,-9.027813,0.681955,grouped,16
483,3088607090101775,-8.952270,0.733386,grouped,272
484,3088608040104445,-9.349627,0.452019,not_clean,-1
485,3088608040102573,-9.528255,0.326741,not_clean,-1
486,3088608020103575,-9.061436,0.652469,grouped,287
487,3088608020107348,-9.132425,0.601791,not_clean,-1
488,3088608040105141,-9.533552,0.318230,grouped,279
489,3088607090103295,-8.919954,0.747263,grouped,271
490,3088607090100314,-9.049356,0.654435,not_clean,-1
491,3088607090105747,-8.768274,0.848591,grouped,284
492,3088607090101020,-9.053352,0.647230,not_clean,-1
493,3088608020108326,-9.200464,0.541513,not_clean,-1
494,3088607090102456,-8.915538,0.740254,grouped,272
495,3088607090102508,-8.799997,0.814232,grouped,16
496,3088607090102800,-8.868322,0.761257,grouped,67
497,3088607090101810,-8.998767,0.661598,not_clean,-1
498,3088607090104299,-9.013875,0.650727,grouped,15
499,3040675260102264,-9.534412,0.283773,not_clean,-1
500,3088607090100548,-9.003932,0.653263,grouped,47
501,3088608020103158,-9.059808,0.613909,grouped,257
502,3088608040104235,-9.348269,0.411256,not_clean,-1
503,3088607120101500,-9.228508,0.493610,grouped,30
504,3088607090102270,-8.950393,0.685980,grouped,47
505,3088607090103506,-8.880268,0.733904,grouped,252
506,3040675260103961,-9.589719,0.237074,grouped,30
507,3088607090100268,-8.806026,0.784633,grouped,16
508,3088607090102632,-8.844828,0.756722,not_clean,-1
509,3088608040103247,-9.502037,0.294448,grouped,281
510,3088607090102430,-9.031745,0.622275,grouped,33
511,3088607120100683,-9.193353,0.508596,grouped,49
512,3088607090102271,-8.827391,0.759824,grouped,271
513,3088607090100262,-8.807328,0.772702,not_clean,-1
514,3088608020102900,-9.076519,0.581799,grouped,36
515,3088607090100037,-8.970921,0.652461,not_clean,-1
516,3088607090101336,-8.979234,0.645812,grouped,51
517,3088607120102434,-9.137822,0.532092,grouped,33
518,3088607120100631,-9.185318,0.493385,grouped,272
519,3088607090102624,-8.684010,0.842489,not_clean,-1
520,3088607090102750,-8.839310,0.732836,grouped,274
521,3088607090101065,-8.666338,0.850356,grouped,47
522,3088607090101233,-8.806661,0.751601,grouped,49
523,3088607090101040,-8.718907,0.812867,not_clean,-1
524,3040675260100256,-9.572076,0.214369,grouped,290
525,3088607090101330,-8.931198,0.659923,grouped,13
526,3088608040101927,-9.365734,0.355649,grouped,30
527,3088607090101974,-8.813660,0.738590,grouped,271
528,3088607090102861,-8.822149,0.731005,grouped,252
529,3088607120102768,-9.167143,0.489630,grouped,272
530,3040675260101554,-9.561610,0.212534,grouped,281
531,3088607090101260,-8.719930,0.799299,grouped,51
532,3088607090101228,-8.875258,0.690463,grouped,268
533,3088607120101571,-9.101510,0.529355,grouped,36
534,3088608040104872,-9.409535,0.314275,not_clean,-1
535,3088607090104516,-8.738562,0.779119,not_clean,-1
536,3088608040105230,-9.443315,0.286579,grouped,267
537,3040675260103384,-9.520465,0.230954,grouped,267
538,3088607120100677,-9.073288,0.540530,grouped,49
539,3088608040100958,-9.325826,0.363787,not_clean,-1
540,3088607090101410,-8.830407,0.709234,not_clean,-1
541,3088607090100407,-8.843243,0.699781,not_clean,-1
542,3088607090101637,-8.816468,0.717478,grouped,287
543,3088607120101638,-9.079557,0.531395,grouped,32
544,3088607090100805,-8.833257,0.702425,not_clean,-1
545,3088607090100519,-8.780470,0.738634,grouped,274
546,3088607090100806,-8.836798,0.698599,not_clean,-1
547,3088607120102255,-9.070660,0.531780,grouped,30
548,3088607090101211,-8.835696,0.691857,not_clean,-1
549,3040204010104395,-10.043077,-0.150681,grouped,267
550,3088607090100419,-8.780152,0.730511,not_clean,-1
551,3088607090100755,-8.852110,0.680265,grouped,38
552,3088608040100258,-9.338789,0.338927,grouped,36
553,3088607120104666,-9.154109,0.467292,grouped,31
554,3088607090102007,-8.875324,0.661452,not_clean,-1
555,3088607090100923,-8.823352,0.697056,grouped,284
556,3088607120101679,-9.142682,0.474195,grouped,34
557,3088607090100062,-8.845162,0.681581,not_clean,-1
558,3088607090100237,-8.768671,0.730465,not_clean,-1
559,3088607090101041,-8.815659,0.696625,grouped,16
560,3088607120105797,-9.246985,0.395223,not_clean,-1
561,3088607090102862,-8.895523,0.639872,not_clean,-1
562,3088607090100974,-8.782742,0.718435,grouped,257
563,3040675260101026,-9.614932,0.136094,grouped,37
564,3088608040103619,-9.481042,0.229382,grouped,284
565,3040675260101089,-9.643060,0.115841,grouped,286
566,3088607090100044,-8.835522,0.677246,not_clean,-1
567,3088607090103146,-8.868756,0.652016,grouped,46
568,3088607090101014,-8.783821,0.707395,not_clean,-1
569,3088608040102364,-9.296710,0.348721,grouped,36
570,3088607090100759,-8.791486,0.700762,grouped,49
571,3040675260102403,-9.533199,0.182578,grouped,305
572,3088607090100493,-8.817924,0.676769,not_clean,-1
573,3088607090101364,-8.768767,0.710121,not_clean,-1
574,3088607090103646,-8.709614,0.751294,grouped,284
575,3088607120103528,-9.093225,0.483166,not_clean,-1
576,3088608040104714,-9.411427,0.259134,grouped,33
577,3088607050104214,-8.611977,0.816178,grouped,286
578,3088607090101413,-8.801280,0.683776,grouped,264
579,3088607090100724,-8.758451,0.711006,grouped,287
580,3088607120102531,-9.210383,0.394833,grouped,286
581,3088607090101690,-8.805842,0.675732,not_clean,-1
582,3088607090100737,-8.794275,0.680323,grouped,51
583,3088607090102189,-8.844835,0.645041,grouped,46
584,3088607090103573,-8.870320,0.626880,grouped,290
585,3088608040102037,-9.312752,0.317328,grouped,36
586,3040675260100266,-9.563408,0.140980,grouped,252
587,3088607090101036,-8.831831,0.649728,grouped,285
588,3088607120102471,-9.049980,0.495613,grouped,274
589,3088608040101910,-9.480514,0.193482,grouped,33
590,3088607090100682,-8.731140,0.713830,grouped,288
591,3088607090101455,-8.792873,0.669527,not_clean,-1
592,3040204010100656,-9.985682,-0.161857,grouped,285
593,3040675260100093,-9.536726,0.150677,grouped,257
594,3040204010100743,-10.022044,-0.187766,not_clean,-1
595,3088607090100505,-8.743884,0.702669,grouped,285
596,3088608040103302,-9.358572,0.273130,grouped,37
597,3088607090101434,-8.920646,0.573335,grouped,271
598,3088608040103521,-9.292935,0.311834,grouped,268
599,3088607090104460,-8.867131,0.607766,grouped,264
600,3088607090100645,-8.851266,0.618458,grouped,49
601,3088607120101205,-9.114895,0.434547,grouped,37
602,3088607090100174,-8.732369,0.700729,grouped,284
603,3088607090100540,-8.759243,0.681279,grouped,285
604,3088607090101248,-8.784406,0.663703,grouped,285
605,3088607050104976,-8.595745,0.792507,not_clean,-1
606,3088607050101518,-8.627763,0.768279,grouped,51
607,3040675260104549,-9.565692,0.111943,not_clean,-1
608,3088607090101631,-8.798879,0.646074,grouped,51
609,3088607050104538,-8.656326,0.744877,not_clean,-1
610,3088607090101553,-8.861222,0.601667,grouped,41
611,3088608010102351,-9.413010,0.216518,grouped,286
612,3088607050103456,-8.647538,0.748786,not_clean,-1
613,3088607090100803,-8.774184,0.660150,grouped,285
614,3088608060104793,-9.486802,0.163243,grouped,281
615,3040204010107575,-10.084302,-0.253523,not_clean,-1
616,3088607050101158,-8.597808,0.779656,grouped,271
617,3088607120107982,-9.109337,0.423345,not_clean,-1
618,3088607090105006,-8.845878,0.605824,grouped,268
619,3088607090102267,-8.914348,0.558040,grouped,287
620,3088608010100779,-9.334783,0.263922,grouped,35
621,3040204010100889,-10.058438,-0.242224,grouped,290
622,3088607090100475,-8.790575,0.640465,not_clean,-1
623,3088607090101326,-8.713121,0.693711,not_clean,-1
624,3088607050101452,-8.601255,0.771008,not_clean,-1
625,3088607050100132,-8.663168,0.726421,not_clean,-1
626,3088607050104797,-8.496909,0.841876,grouped,33
627,3088607050104310,-8.550482,0.803937,grouped,286
628,3088607050101140,-8.651388,0.731223,not_clean,-1
629,3040204010107073,-9.969226,-0.188284,grouped,22
630,3088607090100791,-8.716514,0.683660,not_clean,-1
631,3088607090105461,-8.905816,0.551575,grouped,33
632,3088608060101391,-9.588366,0.076284,grouped,19
633,3088607090100078,-8.723302,0.678434,not_clean,-1
634,3088607090103799,-8.809769,0.617589,grouped,285
635,3088608010101794,-9.354362,0.238227,grouped,35
636,3088607090101153,-8.729627,0.670260,not_clean,-1
637,3088608060107761,-9.557997,0.092561,grouped,279
638,3088607050101647,-8.611594,0.750932,not_clean,-1
639,3088608010101252,-9.345786,0.239647,grouped,27
640,3088607050100293,-8.596079,0.759971,not_clean,-1
641,3088607090103200,-8.788660,0.623231,grouped,285
642,3088607050102702,-8.669239,0.703160,not_clean,-1
643,3088607120101131,-9.059987,0.427925,grouped,287
644,3088607090101562,-8.829942,0.586537,grouped,285
645,3088607090101144,-8.750501,0.640687,not_clean,-1
646,3088607090101389,-8.697804,0.676857,grouped,47
647,3088607050100052,-8.595804,0.747787,not_clean,-1
648,3088607090100569,-8.792937,0.609434,grouped,285
649,3088607090100084,-8.732206,0.650055,not_clean,-1
650,3088608010100275,-9.292814,0.259730,grouped,30
651,3088608060104836,-9.560312,0.073366,grouped,37
652,3088607050102155,-8.669416,0.692913,grouped,269
653,3088607120104481,-9.033920,0.439190,grouped,37
654,3088607090102483,-8.892897,0.536680,not_clean,-1
655,3088607090101355,-8.858812,0.560107,grouped,271
656,3088607050105918,-8.482237,0.821737,not_clean,-1
657,3088607090102013,-8.771423,0.620314,grouped,271
658,3088607090100952,-8.719908,0.654513,not_clean,-1
659,3088607050101636,-8.672343,0.685645,not_clean,-1
660,3088607090104392,-8.920797,0.512602,grouped,36
661,3088607090103245,-8.860520,0.552769,grouped,41
662,3088607090100515,-8.709973,0.657361,not_clean,-1
663,3088608060103389,-9.555527,0.068696,not_clean,-1
664,3088607050101000,-8.578236,0.748214,grouped,47
665,3088607090101674,-8.749809,0.628639,grouped,264
666,3088608060105383,-9.585451,0.046673,grouped,37
667,3088607050103383,-8.524796,0.783970,grouped,269
668,3088608060101397,-9.559128,0.064291,grouped,281
669,3040204010102709,-9.847185,-0.138654,grouped,22
670,3088607120105501,-9.144663,0.350055,grouped,31
671,3088607090100514,-8.706525,0.654230,not_clean,-1
672,3088607120104433,-9.013584,0.440065,grouped,30
673,3088607090100409,-8.733385,0.634087,grouped,18
674,3088607090102157,-8.895800,0.520142,grouped,252
675,3088607120101110,-9.115048,0.366029,grouped,27
676,3088607090102793,-8.913836,0.504835,grouped,33
677,3088607090100013,-8.681913,0.665972,not_clean,-1
678,3088607090101695,-8.875111,0.530906,grouped,30
679,3088607120102217,-9.059088,0.402452,not_clean,-1
680,3088607090101057,-8.741353,0.623301,grouped,41
681,3088607090100100,-8.720342,0.637595,not_clean,-1
682,3088608060107652,-9.492160,0.100669,grouped,35
683,3088607120101094,-8.979503,0.457084,grouped,33
684,3088607050102245,-8.563953,0.745944,grouped,49
685,3088607090102064,-8.864067,0.535461,grouped,252
686,3088608010104749,-9.254601,0.263273,grouped,287
687,3088607090101316,-8.704334,0.645964,grouped,52
688,3088607050100963,-8.645344,0.686015,grouped,268
689,3088608010107385,-9.267144,0.251854,grouped,252
690,3088607090100833,-8.901441,0.504177,not_clean,-1
691,3088607090100886,-8.671194,0.663964,not_clean,-1
692,3088608060101102,-9.646993,-0.015056,not_clean,-1
693,3088607090103175,-8.924451,0.487198,grouped,267
694,3088607090102546,-8.738197,0.616236,grouped,281
695,3088608060103958,-9.664701,-0.028679,grouped,281
696,3088607090104293,-8.678146,0.657349,not_clean,-1
697,3088607120107444,-9.125144,0.343873,not_clean,-1
698,3088607090102925,-8.899756,0.499562,grouped,30
699,3088607090104605,-8.747528,0.604638,grouped,41
700,3088608010104485,-9.345849,0.188313,not_clean,-1
701,3088607090103135,-8.844579,0.536709,grouped,271
702,3088607090103642,-8.767742,0.588908,grouped,272
703,3088607120100127,-9.179567,0.302524,grouped,51
704,3088607090100970,-8.723331,0.619140,grouped,287
705,3088607050100146,-8.646994,0.672181,not_clean,-1
706,3088607090101639,-8.696279,0.636720,grouped,272
707,3040204010107998,-9.857096,-0.170467,not_clean,-1
708,3088607050107611,-8.568484,0.724705,not_clean,-1
709,3088607050100346,-8.654043,0.663193,not_clean,-1
710,3088607090102789,-8.774745,0.577090,grouped,252
711,3088607050100103,-8.646191,0.666362,not_clean,-1
712,3088607120105954,-9.008619,0.414112,not_clean,-1
713,3088607120100892,-8.973376,0.438455,grouped,281
714,3088608060107054,-9.569201,0.023829,grouped,34
715,3088608010100811,-9.352717,0.173719,not_clean,-1
716,3088607090101052,-8.667984,0.649390,grouped,285
717,3088608010103235,-9.318231,0.196404,not_clean,-1
718,3088607090104985,-8.911774,0.477318,not_clean,-1
719,3088607050102987,-8.585865,0.703140,grouped,269
720,3088607050100360,-8.641203,0.663141,not_clean,-1
721,3088608010100698,-9.409979,0.128213,not_clean,-1
722,3088608060104456,-9.602015,-0.006134,grouped,281
723,3088607090101843,-8.736495,0.595449,grouped,19
724,3088607090100628,-8.723349,0.604529,grouped,271
725,3088607090103480,-8.785093,0.561353,grouped,272
726,3088607050104319,-8.527216,0.738456,grouped,268
727,3088607090101161,-8.748255,0.582388,grouped,41
728,3088607090101698,-8.807816,0.540991,grouped,252
729,3088607050101048,-8.516647,0.743328,grouped,46
730,3088607120104036,-9.027850,0.384154,grouped,30
731,3088607050103632,-8.566306,0.704710,grouped,286
732,3088608060106376,-9.699379,-0.083937,grouped,23
733,3088607090101623,-8.787642,0.549695,grouped,287
734,3088607050104888,-8.458772,0.778105,grouped,28
735,3088608060105256,-9.487597,0.062255,grouped,252
736,3088607050100750,-8.630069,0.656669,not_clean,-1
737,3088607050101076,-8.411106,0.808429,grouped,27
738,3088607050102194,-8.529103,0.726205,grouped,269
739,3088608060100735,-9.582620,-0.006234,grouped,19
740,3088607120105066,-9.126988,0.307456,not_clean,-1
741,3088607090102838,-8.789423,0.541963,grouped,272
742,3088608060102180,-9.480185,0.060701,grouped,274
743,3088607090103201,-8.760778,0.559319,not_clean,-1
744,3088607050100867,-8.630849,0.648755,not_clean,-1
745,3088608060100278,-9.597351,-0.023233,grouped,18
746,3088607090107551,-8.745837,0.565296,not_clean,-1
747,3088607090102041,-8.766311,0.549173,not_clean,-1
748,3088608060101897,-9.586223,-0.025150,grouped,47
749,3088607050102381,-8.552919,0.691756,grouped,67
750,3088607090102650,-8.683439,0.600136,not_clean,-1
751,3088607090102907,-8.678703,0.602798,grouped,272
752,3088608010106557,-9.451349,0.065963,not_clean,-1
753,3088607050103740,-8.539448,0.697864,grouped,67
754,3088607090102463,-8.648242,0.621851,grouped,264
755,3088607120101061,-9.069300,0.327836,grouped,30
756,3088607050100762,-8.629999,0.632093,not_clean,-1
757,3088608060100850,-9.638585,-0.068531,grouped,18
758,3088607090104328,-8.689152,0.590260,not_clean,-1
759,3088608010101377,-9.447523,0.060431,grouped,264
760,3088607090101580,-8.894511,0.444459,not_clean,-1
761,3088608060101177,-9.507788,0.018361,not_clean,-1
762,3088607050101724,-8.500217,0.716844,grouped,67
763,3088607090100180,-8.653397,0.608530,not_clean,-1
764,3088607120101232,-8.931070,0.414046,grouped,32
765,3088607070100953,-8.744551,0.543136,grouped,274
766,3088607090100694,-8.679142,0.588477,not_clean,-1
767,3040204010103219,-9.900468,-0.259966,nan_hardness,-1
768,3088608010102895,-9.330246,0.134588,grouped,51
769,3088607070100107,-8.821818,0.482971,grouped,51
770,3088607120100467,-9.136259,0.262766,grouped,286
771,3088607050104801,-8.529920,0.682898,grouped,382
772,3088608010102457,-9.257339,0.176939,grouped,281
773,3088608060102519,-9.653075,-0.098409,grouped,17
774,3088608060102509,-9.674347,-0.116432,grouped,269
775,3088607120102853,-9.085902,0.291539,grouped,279
776,3088608010101107,-9.355260,0.104192,grouped,252
777,3040204010100014,-9.947734,-0.307273,not_clean,-1
778,3088607050101752,-8.631780,0.605253,not_clean,-1
779,3088607050100529,-8.412373,0.755361,not_clean,-1
780,3088607070100655,-8.693458,0.557374,grouped,52
781,3088608010105021,-9.217901,0.191348,not_clean,-1
782,3088607070104256,-8.659956,0.577565,grouped,18
783,3088607120101711,-8.895336,0.414144,grouped,272
784,3040204010100196,-9.966413,-0.330458,not_clean,-1
785,3088607120102038,-9.155659,0.231186,grouped,286
786,3088607120101090,-8.976715,0.354637,grouped,33
787,3088607070100507,-8.743318,0.516321,not_clean,-1
788,3088607120102832,-8.998060,0.338256,grouped,37
789,3040204010100794,-9.807391,-0.223753,grouped,267
790,3088608060101103,-9.462587,0.014398,nan_hardness,-1
791,3088607050102042,-8.525799,0.662750,grouped,285
792,3088607120102909,-9.091099,0.267326,grouped,35
793,3088607120100915,-9.128186,0.240802,grouped,47
794,3088607070101684,-8.668334,0.556777,grouped,252
795,3088608010104647,-9.309460,0.109012,grouped,36
796,3088607070101826,-8.828199,0.442177,grouped,31
797,3088607050106275,-8.422581,0.721855,not_clean,-1
798,3088607120104809,-9.062846,0.277179,not_clean,-1
799,3088607050102097,-8.410884,0.726550,grouped,66
800,3088607120108619,-8.922607,0.370622,not_clean,-1
801,3088607120102869,-8.992000,0.322155,grouped,35
802,3088608060106997,-9.469191,-0.009814,grouped,269
803,3088607120101034,-8.958580,0.344179,grouped,281
804,3088607050105028,-8.309625,0.793837,grouped,289
805,3088607050101967,-8.466219,0.684239,grouped,291
806,3088608060105670,-9.514659,-0.043685,grouped,285
807,3088607070103756,-8.853870,0.413174,grouped,257
808,3088607120103181,-8.893924,0.384600,not_clean,-1
809,3088608060105897,-9.550675,-0.071042,not_clean,-1
810,3088608010102382,-9.394649,0.035762,grouped,286
811,3088608060106368,-9.457590,-0.012487,not_clean,-1
812,3088607120103564,-8.895822,0.373241,grouped,33
813,3088607070101262,-8.742576,0.479248,grouped,37
814,3088607070102196,-8.692742,0.513229,grouped,30
815,3040204010101491,-9.882883,-0.313256,grouped,252
816,3088607050101657,-8.482536,0.656756,not_clean,-1
817,3088607050100665,-8.413069,0.704709,grouped,272
818,3088607050100872,-8.599338,0.575069,grouped,290
819,3040204010102968,-9.848468,-0.291083,grouped,281
820,3088608060102009,-9.645213,-0.151650,grouped,22
821,3088608060103856,-9.472151,-0.033426,grouped,37
822,3088607050101911,-8.547262,0.605370,grouped,286
823,3088607070106405,-8.640659,0.539669,not_clean,-1
824,3088607070101009,-8.851319,0.393605,grouped,281
825,3088607120104231,-8.988193,0.295671,grouped,36
826,3088608010106223,-9.412867,0.000142,not_clean,-1
827,3040204010104302,-9.778288,-0.253615,not_clean,-1
828,3088607070100139,-8.659957,0.519287,grouped,28
829,3088607050105249,-8.428480,0.677887,not_clean,-1
830,3088607050102696,-8.515746,0.617351,grouped,47
831,3088607120102602,-9.012074,0.273216,grouped,30
832,3088607050100658,-8.475864,0.640471,not_clean,-1
833,3088607120101438,-8.891273,0.351569,grouped,37
834,3088607070105111,-8.771296,0.434410,not_clean,-1
835,3088608060102507,-9.557920,-0.111050,grouped,22
836,3088607070102411,-8.876407,0.360951,grouped,281
837,3040204010100144,-9.903622,-0.351414,not_clean,-1
838,3088607120101473,-9.042038,0.244534,grouped,37
839,3088607050100871,-8.425289,0.670912,grouped,66
840,3088608060103267,-9.446335,-0.039261,grouped,276
841,3088607050104453,-8.461453,0.641456,grouped,274
842,3088608060101225,-9.598434,-0.148675,grouped,286
843,3088607050104942,-8.445986,0.647314,grouped,274
844,3088607120103291,-9.028706,0.240484,grouped,285
845,3088608010101086,-9.330324,0.030255,not_clean,-1
846,3088607050100839,-8.387058,0.683237,grouped,272
847,3088607070103337,-8.731537,0.444460,not_clean,-1
848,3088607120101082,-8.964407,0.279848,grouped,37
849,3088607070100226,-8.835150,0.368783,not_clean,-1
850,3088607050103404,-8.380557,0.682531,not_clean,-1
851,3088607050103373,-8.468172,0.620908,grouped,285
852,3040204010100696,-9.894720,-0.367532,not_clean,-1
853,3088607120102360,-9.022548,0.234394,grouped,284
854,3040204010101650,-9.913493,-0.382772,not_clean,-1
855,3088607070106879,-8.869505,0.339787,grouped,31
856,3088607050105701,-8.542663,0.565172,grouped,33
857,3040204010101077,-9.896509,-0.378783,not_clean,-1
858,3088607050102892,-8.388875,0.664052,grouped,53
859,3088607050100764,-8.411193,0.647504,grouped,66
860,3088608010100894,-9.201755,0.100121,not_clean,-1
861,3088607050101059,-8.517526,0.572792,grouped,39
862,3088607070103673,-8.686804,0.454870,not_clean,-1
863,3088607070104705,-8.679678,0.458424,not_clean,-1
864,3088607120101115,-8.889493,0.310053,grouped,33
865,3088607070103392,-8.773274,0.390277,grouped,36
866,3088607070102428,-8.631132,0.488416,grouped,281
867,3088607050103140,-8.415681,0.637254,grouped,291
868,3088608010103136,-9.190556,0.099587,grouped,284
869,3088607070104156,-8.655079,0.468093,grouped,252
870,3088607050105159,-8.490732,0.581271,not_clean,-1
871,3088607050102212,-8.495438,0.577948,grouped,272
872,3088607120103006,-9.120181,0.144651,grouped,36
873,3088607070102224,-8.770525,0.386475,grouped,17
874,3088608010101068,-9.148214,0.123115,grouped,38
875,3088607050103511,-8.394996,0.641771,not_clean,-1
876,3088607050101321,-8.369697,0.658801,grouped,287
877,3088607050100708,-8.347288,0.673147,grouped,271
878,3088607120101606,-8.989298,0.228047,grouped,252
879,3088607120101889,-9.120493,0.133930,not_clean,-1
880,3040204010101385,-9.745052,-0.298838,grouped,36
881,3088608010104258,-9.361999,-0.036986,grouped,267
882,3088607010107351,-8.023119,0.889435,grouped,274
883,3088607070102460,-8.626131,0.471052,grouped,32
884,3040204010100236,-9.952682,-0.448098,grouped,33
885,3088607070103318,-8.741328,0.389069,grouped,289
886,3040204010104955,-9.964386,-0.459109,grouped,34
887,3088607010102257,-8.153252,0.793663,grouped,51
888,3088607050100924,-8.333276,0.666463,not_clean,-1
889,3088607120104479,-8.922265,0.258903,grouped,33
890,3088607050100593,-8.444403,0.588820,not_clean,-1
891,3088607050101792,-8.315244,0.677786,not_clean,-1
892,3088607050101534,-8.296662,0.689968,grouped,269
893,3088607050103678,-8.394002,0.622469,not_clean,-1
894,3088607010101038,-8.064780,0.849069,grouped,27
895,3088608030100936,-9.493525,-0.139636,not_clean,-1
896,3088608030107838,-9.548621,-0.177874,grouped,286
897,3088608010100568,-9.224621,0.044572,grouped,30
898,3088607050104276,-8.382436,0.625758,grouped,252
899,3088607120100263,-9.050922,0.162877,not_clean,-1
900,3088608030102807,-9.466963,-0.126033,not_clean,-1
901,3088608030103010,-9.411941,-0.089242,grouped,267
902,3040204010102992,-9.853246,-0.394710,grouped,50
903,3088608010102323,-9.156770,0.086254,grouped,284
904,3088607050102373,-8.436397,0.580734,grouped,52
905,3088607100100222,-9.033853,0.163990,grouped,286
906,3088608030103523,-9.471387,-0.140790,grouped,305
907,3088608030100625,-9.573749,-0.212049,grouped,31
908,3088608030104896,-9.410961,-0.099636,not_clean,-1
909,3040204010102394,-9.875131,-0.421495,grouped,34
910,3040204010101588,-9.751373,-0.338203,grouped,27
911,3088607050101542,-8.315795,0.654391,grouped,271
912,3088608010105917,-9.157751,0.070322,not_clean,-1
913,3088607070101778,-8.792553,0.321938,grouped,269
914,3088607050103574,-8.415411,0.582634,grouped,67
915,3040204010102662,-9.811825,-0.386772,grouped,290
916,3088608010102629,-9.203125,0.032589,grouped,252
917,3088607100101402,-9.041317,0.142484,grouped,268
918,3088607010101104,-8.008065,0.848420,grouped,28
919,3088607050100895,-8.541078,0.479710,grouped,33
920,3088607070102870,-8.799114,0.295583,grouped,48
921,3088608010105151,-9.326700,-0.074623,grouped,35
922,3088607070106640,-8.653161,0.390779,grouped,252
923,3088607050100313,-8.279235,0.645796,grouped,28
924,3088607050101517,-8.376558,0.577857,grouped,30
925,3088607050102281,-8.506995,0.486793,grouped,305
926,3088607050102591,-8.289346,0.637140,grouped,291
927,3088608030103106,-9.397626,-0.128944,grouped,34
928,3088607070103248,-8.546570,0.458060,grouped,33
929,3088607050104518,-8.365882,0.582364,grouped,36
930,3088608010105473,-9.115611,0.063514,grouped,268
931,3040204010100404,-9.796864,-0.409035,grouped,272
932,3088608030105639,-9.440728,-0.166258,grouped,35
933,3088607050101771,-8.508449,0.476629,grouped,35
934,3040204010102395,-9.813631,-0.429006,grouped,286
935,3088607050104055,-8.318576,0.603239,not_clean,-1
936,3088607070101072,-8.778118,0.284629,not_clean,-1
937,3088608030100375,-9.385476,-0.135360,grouped,36
938,3088607010103792,-8.226884,0.662751,grouped,35
939,3088607010103000,-8.135150,0.725257,not_clean,-1
940,3040204010106584,-9.784542,-0.414120,grouped,37
941,3088608010105400,-9.097277,0.060037,grouped,284
942,3088608010101577,-9.213807,-0.021117,grouped,305
943,3088608010102984,-9.356485,-0.120904,grouped,284
944,3088608010102734,-9.217677,-0.026346,grouped,33
945,3010326120100451,-9.705683,-0.363841,grouped,286
946,3088607070102000,-8.631478,0.376792,grouped,281
947,3088608030101242,-9.465615,-0.199837,grouped,36
948,3088607050100594,-8.340070,0.576917,grouped,36
949,3088607050103706,-8.304511,0.595285,grouped,281
950,3088607010105448,-7.939659,0.845324,not_clean,-1
951,3088607010101105,-8.207511,0.658111,not_clean,-1
952,3088607050100844,-8.404752,0.521138,grouped,32
953,3088607100102936,-8.955375,0.140187,not_clean,-1
954,3088608010107052,-9.285610,-0.090610,not_clean,-1
955,3088607100101325,-8.908111,0.165102,not_clean,-1
956,3088607050103539,-8.486134,0.455766,not_clean,-1
957,3088607010107303,-8.141814,0.692715,not_clean,-1
958,3088607010100701,-8.080872,0.733924,not_clean,-1
959,3088607050100774,-8.253098,0.611042,grouped,30
960,3088607070101651,-8.660095,0.328770,grouped,16
961,3088607070101229,-8.588353,0.375725,grouped,33
962,3088607020100932,-8.442209,0.474388,grouped,49
963,3088607050100956,-8.288278,0.579681,grouped,34
964,3088608030103490,-9.416038,-0.200535,grouped,274
965,3040204010102918,-9.809768,-0.472919,grouped,34
966,3088607070103793,-8.795949,0.224158,not_clean,-1
967,3088607020101924,-8.380766,0.508330,grouped,30
968,3088607010100573,-8.218552,0.618806,grouped,49
969,3088607070105958,-8.680491,0.297891,not_clean,-1
970,3010326120102119,-9.551998,-0.305870,grouped,252
971,3010326120106727,-9.591684,-0.333855,grouped,27
972,3088607020100432,-8.351081,0.520769,not_clean,-1
973,3010326120101070,-9.650037,-0.377912,not_clean,-1
974,3088607070101900,-8.611309,0.336182,grouped,268
975,3088607020100170,-8.353987,0.511430,grouped,46
976,3088607070103445,-8.617586,0.329236,grouped,274
977,3088607010105824,-8.013271,0.745584,not_clean,-1
978,3088607020100709,-8.337267,0.521996,not_clean,-1
979,3088607020105615,-8.245941,0.584654,grouped,50
980,3010326120103037,-9.559419,-0.322279,not_clean,-1
981,3088608010100060,-9.138777,-0.032181,grouped,285
982,3040204010101815,-9.829747,-0.511609,grouped,33
983,3088607070100269,-8.662862,0.292926,grouped,48
984,3088607100100035,-8.863956,0.153918,grouped,49
985,3088607020100228,-8.345041,0.511000,grouped,305
986,3088608010101527,-9.154959,-0.047538,grouped,281
987,3088608030102095,-9.370913,-0.197852,grouped,35
988,3088607070102227,-8.730999,0.243023,not_clean,-1
989,3088607020100030,-8.282054,0.549158,grouped,27
990,3088607020101411,-8.354604,0.497748,grouped,37
991,3088607070100897,-8.661762,0.285953,grouped,49
992,3088607100100286,-8.997668,0.053410,grouped,286
993,3088607020103332,-8.418927,0.449793,grouped,32
994,3010326120101909,-9.636889,-0.394160,grouped,281
995,3088608030101908,-9.416493,-0.246411,not_clean,-1
996,3088608030101800,-9.338185,-0.193877,not_clean,-1
997,3088607070101976,-8.527561,0.363500,grouped,17
998,3088608030101369,-9.299040,-0.169940,not_clean,-1
999,3088607070103114,-8.483403,0.391765,grouped,51
1000,3088607010100962,-8.027222,0.705642,grouped,36
1001,3088607070105321,-8.714476,0.231803,grouped,50
1002,3088607010103656,-7.972013,0.743105,grouped,284
1003,3088607070102820,-8.552934,0.338442,grouped,19
1004,3088607020101762,-8.311293,0.500934,not_clean,-1
1005,3088607100101182,-8.886117,0.102201,grouped,29
1006,3010326120105780,-9.532287,-0.345461,grouped,49
1007,3088608010103311,-9.205197,-0.120987,not_clean,-1
1008,3088607010101149,-8.184556,0.582050,grouped,32
1009,3010326120106178,-9.537209,-0.351031,not_clean,-1
1010,3088607070104849,-8.530897,0.338757,grouped,257
1011,3088607010108194,-7.989092,0.711526,not_clean,-1
1012,3010326120103440,-9.479290,-0.315374,grouped,274
1013,3088608030108057,-9.311128,-0.203677,not_clean,-1
1014,3088608010101845,-9.253768,-0.166753,grouped,267
1015,3088606080100287,-7.734184,0.879024,nan_hardness,-1
1016,3088607070103446,-8.703456,0.210740,grouped,289
1017,3088608030104454,-9.346049,-0.233068,not_clean,-1
1018,3088607010100498,-8.146224,0.592060,grouped,285
1019,3088607070102084,-8.627904,0.256538,grouped,287
1020,3088607020101971,-8.442242,0.383285,grouped,264
1021,3088608030105818,-9.372359,-0.259375,grouped,52
1022,3088608050104866,-9.846882,-0.587427,not_clean,-1
1023,3088607010101301,-8.027191,0.662884,grouped,286
1024,3088606080100308,-7.727823,0.866348,grouped,33
1025,3088607070108710,-8.590731,0.272231,not_clean,-1
1026,3088607100103733,-8.810886,0.117092,not_clean,-1
1027,3010326120101968,-9.733539,-0.518523,grouped,38
1028,3088608030101817,-9.381916,-0.276678,grouped,268
1029,3088607010100503,-7.979717,0.688078,grouped,66
1030,3088606080101365,-7.636664,0.923948,grouped,18
1031,3088606080104279,-7.749689,0.844334,not_clean,-1
1032,3088607100104515,-8.882526,0.062381,not_clean,-1
1033,3088607100104677,-8.827259,0.100348,grouped,19
1034,3088607100108634,-8.849226,0.084224,not_clean,-1
1035,3088607010101496,-8.068183,0.620216,grouped,278
1036,3088608030101092,-9.376994,-0.281455,not_clean,-1
1037,3088607070101460,-8.483642,0.333067,grouped,46
1038,3088607110100721,-9.258804,-0.202450,grouped,267
1039,3088607010103190,-8.190227,0.530987,grouped,30
1040,3088607070101427,-8.717428,0.165067,not_clean,-1
1041,3088608050103002,-9.834438,-0.603679,grouped,281
1042,3088606080104092,-7.764814,0.820024,not_clean,-1
1043,3088607010101943,-8.065303,0.610374,grouped,274
1044,3088608050100011,-9.771192,-0.564240,grouped,281
1045,3088607100101263,-8.987411,-0.027585,grouped,36
1046,3088607100102686,-8.869164,0.053561,grouped,279
1047,3088607020100965,-8.440068,0.346143,grouped,51
1048,3088607100102191,-8.996445,-0.041027,grouped,36
1049,3088607070102529,-8.721827,0.147509,not_clean,-1
1050,3088608030102699,-9.369318,-0.298041,grouped,281
1051,3088608050100626,-9.832978,-0.619144,grouped,287
1052,3088607010103132,-8.108683,0.566445,not_clean,-1
1053,3088607110103076,-9.039297,-0.073796,grouped,286
1054,3088606080100252,-7.819044,0.763007,grouped,66
1055,3088607010102656,-8.038130,0.611927,not_clean,-1
1056,3088607010103478,-8.020586,0.623293,not_clean,-1
1057,3088607100100687,-8.895447,0.021273,grouped,19
1058,3088607100100873,-8.763169,0.110701,grouped,19
1059,3088607100107787,-8.886303,0.025756,grouped,22
1060,3088607110101993,-9.112326,-0.129873,not_clean,-1
1061,3088607110102420,-9.156789,-0.161170,grouped,38
1062,3088608030100640,-9.305929,-0.264011,not_clean,-1
1063,3088607110100068,-9.225928,-0.210807,grouped,284
1064,3088608050105603,-9.870600,-0.655743,not_clean,-1
1065,3088607010100296,-8.031514,0.608077,not_clean,-1
1066,3088607070101956,-8.476194,0.301045,grouped,264
1067,3088608030101417,-9.326506,-0.284629,grouped,286
1068,3088608050101292,-9.876124,-0.664448,grouped,284
1069,3088607100100489,-8.773061,0.092809,grouped,13
1070,3088607100100039,-8.847778,0.039481,grouped,21
1071,3088608050104920,-9.763859,-0.594294,grouped,285
1072,3088607070101373,-8.572000,0.224674,not_clean,-1
1073,3088607070100184,-8.486653,0.282380,grouped,267
1074,3088608030104506,-9.296045,-0.278016,not_clean,-1
1075,3088607070103597,-8.457349,0.296111,grouped,51
1076,3088607010106910,-7.954425,0.639381,not_clean,-1
1077,3088607010100183,-7.958408,0.636104,grouped,48
1078,3088607100101346,-8.796879,0.056884,grouped,13
1079,3088607010101814,-8.010383,0.596051,grouped,33
1080,3010326120100785,-9.431981,-0.383368,grouped,27
1081,3088607010103504,-8.072830,0.548900,not_clean,-1
1082,3088606080108451,-7.868738,0.687835,not_clean,-1
1083,3088607100103496,-8.937976,-0.047620,not_clean,-1
1084,3088607100103565,-8.741418,0.086374,not_clean,-1
1085,3088606080102046,-7.819487,0.719064,grouped,286
1086,3088607010102693,-7.963052,0.618931,not_clean,-1
1087,3088607070100766,-8.493570,0.251309,grouped,274
1088,3088608030103847,-9.285845,-0.296804,not_clean,-1
1089,3088606080105630,-7.800612,0.723587,grouped,33
1090,3088607020102295,-8.377043,0.327348,grouped,29
1091,3088607110103940,-9.055560,-0.138928,not_clean,-1
1092,3088608050101506,-9.782650,-0.640575,not_clean,-1
1093,3088607070103104,-8.451660,0.270719,grouped,274
1094,3088608050101274,-9.758648,-0.629161,grouped,36
1095,3088608050107042,-9.785429,-0.647867,grouped,272
1096,3088608050104579,-9.780718,-0.645629,not_clean,-1
1097,3010326120102990,-9.353322,-0.352497,grouped,33
1098,3088607110100917,-9.128499,-0.198909,grouped,267
1099,3088607100106013,-8.868014,-0.022755,not_clean,-1
1100,3088607100102855,-8.740199,0.064255,grouped,289
1101,3088607040101490,-8.487314,0.236499,grouped,267
1102,3088608050103439,-9.831726,-0.689753,grouped,281
1103,3010326120104463,-9.483219,-0.451614,grouped,37
1104,3088607040101315,-8.542545,0.191923,grouped,27
1105,3088607040100660,-8.568859,0.173025,grouped,46
1106,3088607100104074,-8.936187,-0.080306,not_clean,-1
1107,3088607100103615,-8.787264,0.021911,grouped,22
1108,3088607020103160,-8.307436,0.350733,grouped,286
1109,3088607110101169,-9.175534,-0.245907,grouped,274
1110,3088607100104366,-8.989872,-0.119176,grouped,34
1111,3088607010103466,-7.936041,0.604282,not_clean,-1
1112,3088608050105004,-9.851823,-0.711390,grouped,31
1113,3010326120104135,-9.489056,-0.463049,grouped,37
1114,3088607100102219,-8.818868,-0.003111,not_clean,-1
1115,3088607110104995,-9.186756,-0.256160,grouped,267
1116,3010326120105313,-9.443080,-0.432329,grouped,36
1117,3010326120102399,-9.411334,-0.411673,grouped,36
1118,3088607110100739,-9.119238,-0.211690,grouped,38
1119,3088608050105133,-9.740936,-0.639828,grouped,50
1120,3088607020100603,-8.332458,0.324770,grouped,264
1121,3088608050104821,-9.813407,-0.692865,grouped,285
1122,3088607110103059,-9.069528,-0.182800,grouped,33
1123,3088606080106302,-7.564777,0.849689,not_clean,-1
1124,3010326120107082,-9.572644,-0.529610,not_clean,-1
1125,3088607110102498,-9.029099,-0.158414,grouped,267
1126,3088606080102249,-7.806120,0.680829,not_clean,-1
1127,3088606080103095,-7.616080,0.810825,grouped,66
1128,3088607100101170,-8.932346,-0.092804,not_clean,-1
1129,3088606080102349,-7.830109,0.661754,grouped,51
1130,3088608050102533,-9.723519,-0.639337,grouped,34
1131,3088607010105298,-7.931406,0.590190,not_clean,-1
1132,3088607010101029,-8.086068,0.483689,grouped,27
1133,3088607020107591,-8.291058,0.340320,grouped,286
1134,3088606080101245,-7.748116,0.712454,grouped,268
1135,3088607020104170,-8.195283,0.404972,grouped,265
1136,3010326120103817,-9.583633,-0.548522,grouped,49
1137,3088607110104084,-9.025418,-0.167874,grouped,36
1138,3088607100100433,-8.770825,0.006165,grouped,24
1139,3010326120102657,-9.676867,-0.615708,grouped,35
1140,3088607110103561,-9.240337,-0.316610,grouped,269
1141,3088608030100483,-9.308271,-0.363492,grouped,274
1142,3088607040101782,-8.547166,0.154937,grouped,269
1143,3088607110100630,-9.125484,-0.242546,grouped,272
1144,3010326120100372,-9.510731,-0.507018,grouped,37
1145,3088607020100972,-8.348014,0.290123,grouped,287
1146,3088607020101264,-8.268382,0.344727,grouped,28
1147,3088607110103150,-9.119410,-0.239907,grouped,276
1148,3088607020103670,-8.421354,0.238952,not_clean,-1
1149,3010326120103695,-9.313125,-0.373029,grouped,252
1150,3088607040107711,-8.516823,0.172294,not_clean,-1
1151,3088606080102426,-7.789015,0.670975,grouped,35
1152,3010326120102324,-9.653071,-0.608054,grouped,305
1153,3088606080108466,-7.749375,0.697980,not_clean,-1
1154,3088607100103061,-8.863973,-0.068991,grouped,36
1155,3088607100106126,-8.812362,-0.034321,not_clean,-1
1156,3088607040100848,-8.583197,0.122488,grouped,289
1157,3088607110105754,-9.008612,-0.169431,grouped,33
1158,3088607010100853,-8.087896,0.462253,grouped,48
1159,3088608050102896,-9.732202,-0.667139,grouped,269
1160,3088607110105032,-9.159121,-0.283791,grouped,279
1161,3010326120100971,-9.386040,-0.439552,grouped,29
1162,3088607020105764,-8.370291,0.256985,not_clean,-1
1163,3088607040101192,-8.445400,0.204363,not_clean,-1
1164,3088607100108015,-8.844018,-0.071047,not_clean,-1
1165,3088607040104759,-8.605407,0.092427,not_clean,-1
1166,3088606080102113,-7.779893,0.654635,grouped,33
1167,3088608030102316,-9.267600,-0.366400,not_clean,-1
1168,3088608050101306,-9.810440,-0.741821,grouped,286
1169,3088607100106197,-8.726947,-0.001020,not_clean,-1
1170,3088607110102580,-9.060328,-0.234221,not_clean,-1
1171,3088607100105753,-8.756963,-0.028380,grouped,21
1172,3088608050100234,-9.700794,-0.677618,grouped,38
1173,3088607020103242,-8.231352,0.327775,grouped,289
1174,3088607040102564,-8.470988,0.161716,grouped,44
1175,3088607100103732,-8.815034,-0.080111,grouped,30
1176,3088607020104719,-8.211369,0.333472,grouped,51
1177,3088607100104893,-8.771750,-0.052171,grouped,274
1178,3010326120100948,-9.606652,-0.625834,not_clean,-1
1179,3088607110103996,-9.001699,-0.212269,not_clean,-1
1180,3088606080103105,-7.839191,0.582837,not_clean,-1
1181,3088606080101630,-7.517370,0.802518,grouped,66
1182,3088608030100135,-9.248258,-0.385101,grouped,290
1183,3088607110102683,-9.209505,-0.358704,grouped,36
1184,3088607100105477,-8.790024,-0.071415,grouped,17
1185,3088606080103001,-7.640877,0.714155,grouped,46
1186,3010326120107752,-9.545112,-0.591703,grouped,33
1187,3088607100100646,-8.671283,0.006978,grouped,46
1188,3010326120101772,-9.374816,-0.477020,grouped,50
1189,3088608050106030,-9.703095,-0.702141,grouped,34
1190,3088608050103022,-9.678906,-0.685664,grouped,37
1191,3088607110101665,-9.098706,-0.288180,grouped,33
1192,3088608050101012,-9.740571,-0.728163,grouped,49
1193,3088607020101745,-8.148519,0.360404,grouped,27
1194,3088606080107571,-7.511015,0.796916,not_clean,-1
1195,3088607110104493,-9.031048,-0.245158,grouped,31
1196,3088607020104930,-8.224438,0.303937,grouped,49
1197,3088608050105110,-9.757688,-0.747353,grouped,21
1198,3088607020104731,-8.240393,0.290666,grouped,52
1199,3088607110100718,-9.144483,-0.334080,grouped,274
1200,3088608050104405,-9.726944,-0.733114,not_clean,-1
1201,3088607100100943,-8.742271,-0.058827,grouped,286
1202,3088607110100454,-9.021588,-0.250541,grouped,27
1203,3010326120100669,-9.360746,-0.483393,grouped,27
1204,3088607100104419,-8.695332,-0.027666,grouped,269
1205,3088606100103913,-7.880921,0.529620,not_clean,-1
1206,3088607040105071,-8.563094,0.059605,grouped,264
1207,3010326120107304,-9.568340,-0.629611,not_clean,-1
1208,3088606030102341,-7.509365,0.780015,grouped,66
1209,3088606080103403,-7.781974,0.588714,grouped,37
1210,3088606030104424,-7.477845,0.795152,grouped,269
1211,3010326120101120,-9.382738,-0.509847,grouped,50
1212,3088607100105820,-8.758074,-0.082835,grouped,22
1213,3010326120103550,-9.399824,-0.522631,grouped,276
1214,3088606100102790,-8.003689,0.432053,not_clean,-1
1215,3088607040101088,-8.389445,0.167579,grouped,28
1216,3088607040103911,-8.536655,0.065295,not_clean,-1
1217,3088607130102363,-9.268573,-0.439804,grouped,305
1218,3088607110106195,-9.100070,-0.325966,not_clean,-1
1219,3010326120102307,-9.527811,-0.620814,grouped,29
1220,3088607100100459,-8.667551,-0.032075,not_clean,-1
1221,3088607020100499,-8.361989,0.176244,grouped,271
1222,3088607100101203,-8.799947,-0.124837,not_clean,-1
1223,3088607100103030,-8.875801,-0.178335,grouped,35
1224,3088607020103098,-8.125644,0.333682,grouped,28
1225,3010326120102787,-9.296712,-0.468387,not_clean,-1
1226,3088608050103598,-9.665049,-0.720477,grouped,17
1227,3088606080103607,-7.636877,0.665005,not_clean,-1
1228,3088607130102127,-9.243354,-0.435820,grouped,33
1229,3088606100102019,-7.896294,0.484979,not_clean,-1
1230,3088607040100072,-8.384811,0.150362,grouped,272
1231,3088607040102309,-8.641783,-0.027405,grouped,286
1232,3010326120105007,-9.438585,-0.574742,not_clean,-1
1233,3088607040107446,-8.557118,0.026689,not_clean,-1
1234,3088606080103897,-7.809058,0.538366,not_clean,-1
1235,3088607130102871,-9.259209,-0.454357,grouped,31
1236,3088606080101051,-7.703134,0.609996,grouped,33
1237,3010326120101172,-9.314806,-0.493346,grouped,290
1238,3010326120103442,-9.305622,-0.487750,not_clean,-1
1239,3088607020100801,-8.371234,0.151161,grouped,257
1240,3088607040102711,-8.615492,-0.018355,not_clean,-1
1241,3088607110101939,-8.921477,-0.227755,grouped,267
1242,3088607040100106,-8.520681,0.045769,grouped,272
1243,3088607040105081,-8.625348,-0.026783,grouped,17
1244,3088606030100089,-7.419754,0.795560,grouped,34
1245,3088607060100207,-8.806089,-0.157110,grouped,286
1246,3088607110101226,-8.948644,-0.255853,grouped,36
1247,3088607100100816,-8.723177,-0.102104,grouped,269
1248,3088606100101366,-7.956845,0.421442,grouped,252
1249,3088607100102748,-8.749938,-0.121695,grouped,22
1250,3088608050102301,-9.685060,-0.761806,grouped,21
1251,3088607100100571,-8.656994,-0.060830,grouped,48
1252,3088607020102731,-8.170349,0.269178,grouped,291
1253,3088606080103470,-7.722477,0.574086,grouped,54
1254,3088607100100367,-8.720835,-0.109228,grouped,47
1255,3088607110102639,-8.999780,-0.300840,grouped,35
1256,3010326120102269,-9.274096,-0.489429,grouped,37
1257,3088606080103682,-7.630274,0.634442,grouped,252
1258,3088607060100619,-8.769975,-0.145845,grouped,290
1259,3088606100102209,-7.937748,0.422545,not_clean,-1
1260,3088607040102873,-8.434564,0.078490,grouped,288
1261,3088606100103452,-7.903046,0.441889,not_clean,-1
1262,3010326120106351,-9.474014,-0.632527,grouped,276
1263,3088608050100388,-9.645962,-0.750454,grouped,286
1264,3088608050101117,-9.750519,-0.823968,grouped,19
1265,3088608050103637,-9.780956,-0.846046,grouped,1
1266,3088607110102079,-9.130976,-0.401765,nan_hardness,-1
1267,3088608050106664,-9.725350,-0.808447,not_clean,-1
1268,3088607110100276,-9.096182,-0.380762,grouped,49
1269,3088606030103424,-7.487294,0.718878,grouped,33
1270,3088607060103312,-8.801712,-0.183895,grouped,34
1271,3088607040108236,-8.462351,0.047960,not_clean,-1
1272,3088607020100556,-8.170164,0.247215,not_clean,-1
1273,3088607040103177,-8.360807,0.114929,grouped,47
1274,3088607040105771,-8.506035,0.015075,not_clean,-1
1275,3088607110101080,-9.015178,-0.333204,grouped,269
1276,3088607020102680,-8.266123,0.178863,not_clean,-1
1277,3088608050107209,-9.762944,-0.844847,grouped,7
1278,3088607110100856,-8.885011,-0.245960,grouped,38
1279,3088607110102730,-8.875161,-0.239744,grouped,34
1280,3088607130100080,-9.230351,-0.483025,grouped,36
1281,3088606080107369,-7.703627,0.558578,not_clean,-1
1282,3088606080103155,-7.763129,0.517219,grouped,30
1283,3010326120102074,-9.417420,-0.614697,not_clean,-1
1284,3010326120100730,-9.270687,-0.514665,grouped,50
1285,3088607110105152,-9.126301,-0.420651,grouped,267
1286,3088607040101563,-8.476717,0.022521,grouped,286
1287,3088607110104467,-8.937954,-0.293107,grouped,49
1288,3088607130104519,-9.241238,-0.500404,grouped,37
1289,3088607020107544,-8.093653,0.279316,grouped,31
1290,3010326120101767,-9.300627,-0.545654,not_clean,-1
1291,3088607040101847,-8.465010,0.023828,grouped,67
1292,3088607040101545,-8.335193,0.112458,grouped,37
1293,3088607060108439,-8.742984,-0.166241,not_clean,-1
1294,3088607040102965,-8.430373,0.046806,grouped,36
1295,3088607040101160,-8.471555,0.018060,grouped,17
1296,3088607110103204,-8.995109,-0.342122,grouped,33
1297,3088607110101420,-9.023658,-0.365437,grouped,33
1298,3088607040106481,-8.373360,0.076448,not_clean,-1
1299,3088606080101788,-7.668374,0.557625,grouped,30
1300,3088607020103186,-8.258787,0.152459,grouped,52
1301,3088608050106562,-9.740332,-0.861159,grouped,15
1302,3088606100106785,-7.940488,0.367763,not_clean,-1
1303,3088607110100317,-9.012181,-0.364712,grouped,284
1304,3088608050105051,-9.612765,-0.774969,grouped,35
1305,3088607040101091,-8.349649,0.087683,not_clean,-1
1306,3088607020105287,-8.201755,0.186970,not_clean,-1
1307,3088607020103795,-8.163308,0.211484,grouped,272
1308,3010326120103129,-9.297342,-0.563116,grouped,51
1309,3088607060102238,-8.697462,-0.153604,grouped,20
1310,3088607040100621,-8.359457,0.076234,grouped,36
1311,3088606100108433,-8.053325,0.284431,not_clean,-1
1312,3088607110103864,-9.027628,-0.383305,grouped,33
1313,3088606030100187,-7.474320,0.676070,not_clean,-1
1314,3088608050103591,-9.628773,-0.796385,grouped,284
1315,3088606030101821,-7.349470,0.759510,not_clean,-1
1316,3088607110100216,-9.048938,-0.401093,grouped,285
1317,3088606080101146,-7.738754,0.491612,not_clean,-1
1318,3088607040101098,-8.498785,-0.027710,grouped,281
1319,3088607040106236,-8.478075,-0.016116,grouped,33
1320,3088607040104620,-8.534096,-0.054924,grouped,34
1321,3088608050100377,-9.546097,-0.746143,not_clean,-1
1322,3088606100101099,-7.852692,0.409913,grouped,288
1323,3088606080101756,-7.539331,0.623743,nan_hardness,-1
1324,3088607130102943,-9.202404,-0.513196,grouped,33
1325,3088607040102129,-8.421194,0.020193,not_clean,-1
1326,3088607110101784,-8.919972,-0.320748,not_clean,-1
1327,3088607110100996,-9.001018,-0.378488,grouped,34
1328,3088607060103704,-8.611079,-0.113259,grouped,269
1329,3088606030104400,-7.483716,0.655150,grouped,53
1330,3088606080107104,-7.522055,0.627656,grouped,281
1331,3088607040106056,-8.449647,-0.009021,not_clean,-1
1332,3088607110105175,-9.052630,-0.420921,grouped,305
1333,3088606030102429,-7.249141,0.810129,not_clean,-1
1334,3088607040103137,-8.471524,-0.025378,not_clean,-1
1335,3088607110100862,-9.155307,-0.492712,not_clean,-1
1336,3088606100100907,-7.852139,0.394388,grouped,267
1337,3088607130107796,-9.191497,-0.519917,grouped,276
1338,3088606080100412,-7.738657,0.471396,grouped,278
1339,3088607110100635,-8.970086,-0.369836,grouped,37
1340,3088606080103785,-7.644711,0.534542,grouped,38
1341,3088607110100950,-9.145027,-0.490999,grouped,37
1342,3088607040106459,-8.476836,-0.037338,grouped,37
1343,3088606030100317,-7.320466,0.749135,grouped,38
1344,3088607110100720,-9.147640,-0.499398,grouped,30
1345,3088606080105866,-7.545069,0.593615,grouped,37
1346,3088606100101191,-7.764658,0.441110,grouped,264
1347,3088607040101334,-8.330561,0.053967,grouped,33
1348,3088607110100164,-8.864098,-0.311026,grouped,51
1349,3088607110104090,-9.065575,-0.449210,not_clean,-1
1350,3088606030104135,-7.383843,0.694294,not_clean,-1
1351,3088607110104881,-8.934100,-0.364192,not_clean,-1
1352,3088608050103080,-9.703463,-0.890018,grouped,17
1353,3088607110102154,-9.108410,-0.485345,grouped,31
1354,3088606030105388,-7.319560,0.734724,not_clean,-1
1355,3088607110101922,-9.125628,-0.497696,grouped,35
1356,3088608050102835,-9.574657,-0.807541,grouped,281
1357,3088607040101246,-8.517606,-0.086990,not_clean,-1
1358,3088606100102849,-7.781421,0.415157,grouped,288
1359,3088607130104195,-9.279977,-0.608333,grouped,276
1360,3088607060100652,-8.747128,-0.245174,grouped,38
1361,3088607110103965,-8.905624,-0.353579,grouped,267
1362,3088607130102908,-9.252452,-0.592528,not_clean,-1
1363,3020638040100162,-8.658592,-0.187566,not_clean,-1
1364,3088607130103057,-9.201941,-0.558721,grouped,22
1365,3010326120102665,-9.443908,-0.725251,grouped,286
1366,3088606050102423,-7.631399,0.507900,grouped,30
1367,3020638040100990,-8.613172,-0.165398,grouped,286
1368,3088607040102490,-8.259604,0.075604,not_clean,-1
1369,3088608050100066,-9.602849,-0.840412,not_clean,-1
1370,3088606100106873,-7.771057,0.408516,not_clean,-1
1371,3088606100104371,-7.823527,0.371932,not_clean,-1
1372,3088606030108150,-7.125737,0.847627,not_clean,-1
1373,3088606100100552,-7.791186,0.393798,grouped,46
1374,3088606100101787,-7.858097,0.345889,grouped,51
1375,3088607040101380,-8.463465,-0.067237,not_clean,-1
1376,3088606100105150,-7.781039,0.397674,not_clean,-1
1377,3088607130104071,-9.149325,-0.536095,not_clean,-1
1378,3088607130107402,-9.198313,-0.571126,grouped,22
1379,3088607130101720,-9.186089,-0.563344,grouped,252
1380,3088607130101851,-9.159284,-0.545810,grouped,268
1381,3088607060100349,-8.765635,-0.278536,grouped,36
1382,3088607040100773,-8.335496,0.014481,grouped,286
1383,3088606030104473,-7.395406,0.654049,not_clean,-1
1384,3088607040104623,-8.451266,-0.065998,grouped,34
1385,3088607110108369,-8.918961,-0.385205,grouped,36
1386,3088606030102864,-7.430677,0.628272,grouped,34
1387,3088606030100745,-7.368337,0.670055,grouped,268
1388,3088606100100611,-7.757269,0.404359,not_clean,-1
1389,3088606030103681,-7.146148,0.817823,not_clean,-1
1390,3088607130104619,-9.123133,-0.531240,grouped,38
1391,3088606100102207,-7.853884,0.332712,grouped,49
1392,3088607130102059,-9.207817,-0.590295,not_clean,-1
1393,3088606100102076,-7.814704,0.358791,not_clean,-1
1394,3088606100100453,-7.837157,0.343050,grouped,51
1395,3088606100102124,-7.719901,0.421970,not_clean,-1
1396,3088607110104573,-8.970155,-0.432191,not_clean,-1
1397,3088606030105532,-7.395522,0.640875,not_clean,-1
1398,3088606050100725,-7.523258,0.553515,not_clean,-1
1399,3088606050100865,-7.610947,0.493617,grouped,27
1400,3088606100104250,-7.780770,0.377526,not_clean,-1
1401,3088606100101381,-7.822855,0.348348,grouped,291
1402,3088607040100239,-8.452283,-0.082452,grouped,49
1403,3088606050101333,-7.560173,0.523980,not_clean,-1
1404,3088606100101008,-7.827204,0.341889,grouped,66
1405,3040564100103515,-8.736123,-0.278467,not_clean,-1
1406,3088607040105625,-8.307433,0.012694,grouped,257
1407,3088606030100886,-7.178647,0.780091,grouped,30
1408,3088607130102276,-9.194469,-0.594394,grouped,274
1409,3088607110100634,-8.839657,-0.353519,grouped,39
1410,3088607130103092,-9.239726,-0.627499,grouped,252
1411,3088607110100622,-9.091051,-0.526734,grouped,36
1412,3088606100104112,-7.743275,0.390826,not_clean,-1
1413,3088606050102152,-7.708281,0.413513,grouped,36
1414,3088607110106355,-8.918519,-0.411523,grouped,38
1415,3020638040102029,-8.499833,-0.127371,not_clean,-1
1416,3088607110104641,-8.939811,-0.427570,grouped,276
1417,3088606030107560,-7.324202,0.672924,not_clean,-1
1418,3088606100100282,-7.835205,0.324346,not_clean,-1
1419,3088606100101648,-7.826868,0.329726,grouped,38
1420,3088606100101035,-7.843161,0.318372,not_clean,-1
1421,3088606100101125,-7.851883,0.311619,grouped,67
1422,3088607130102280,-9.257663,-0.647014,grouped,22
1423,3088607110108460,-8.955790,-0.441384,not_clean,-1
1424,3088606050104570,-7.519144,0.537018,grouped,33
1425,3088607130102272,-9.174991,-0.591350,grouped,268
1426,3088606050101095,-7.690161,0.419920,grouped,276
1427,3088606100103746,-7.768093,0.360493,grouped,51
1428,3020638040100775,-8.543420,-0.169755,grouped,31
1429,3088606030105378,-7.125671,0.794317,not_clean,-1
1430,3088607130104168,-9.148850,-0.585834,grouped,17
1431,3088606030105059,-7.319918,0.659460,not_clean,-1
1432,3088606100100343,-7.832761,0.309574,not_clean,-1
1433,3088606100102005,-7.845609,0.300574,not_clean,-1
1434,3088607130105355,-9.309541,-0.698306,not_clean,-1
1435,3088607130104536,-9.284079,-0.683000,grouped,8
1436,3088606100100703,-7.829528,0.305465,not_clean,-1
1437,3088606100100674,-7.776762,0.341100,grouped,46
1438,3020638040100197,-8.473599,-0.133689,not_clean,-1
1439,3088606100100462,-7.808531,0.319150,grouped,288
1440,3088606050100396,-7.503676,0.522852,grouped,28
1441,3088606100101323,-7.801007,0.319584,not_clean,-1
1442,3088607080107437,-9.008519,-0.502883,grouped,35
1443,3088607040102021,-8.292822,-0.017061,grouped,47
1444,3088606100102572,-7.756031,0.347142,grouped,66
1445,3088606120105815,-8.060092,0.139488,not_clean,-1
1446,3088607080100108,-8.862096,-0.406595,not_clean,-1
1447,3088607040101750,-8.346266,-0.055578,grouped,305
1448,3088607130102755,-9.246335,-0.670055,grouped,0
1449,3020638040101286,-8.676797,-0.283215,grouped,35
1450,3088606050107895,-7.713339,0.372255,not_clean,-1
1451,3088607130102414,-9.262818,-0.685245,grouped,50
1452,3088606100103409,-8.001007,0.173000,not_clean,-1
1453,3088607080103367,-8.849318,-0.406588,grouped,36
1454,3088606100105668,-7.789797,0.313340,grouped,53
1455,3088607040101436,-8.273547,-0.016464,grouped,27
1456,3088607040101132,-8.377583,-0.087978,grouped,48
1457,3088607130104642,-9.189762,-0.641498,not_clean,-1
1458,3088607130103527,-9.249831,-0.683917,grouped,9
1459,3088606100102107,-7.870316,0.254203,grouped,67
1460,3088606030107312,-7.439610,0.547297,grouped,305
1461,3088606100103641,-7.805324,0.298100,grouped,274
1462,3088606030102731,-7.297942,0.643160,grouped,301
1463,3088606120104977,-8.252010,-0.010022,grouped,66
1464,3088606100103742,-7.816069,0.286387,not_clean,-1
1465,3088604040100853,-6.899866,0.908658,grouped,44
1466,3088604040101752,-6.946246,0.876912,not_clean,-1
1467,3020638040100763,-8.614547,-0.258388,grouped,37
1468,3088606100102555,-7.909819,0.221208,grouped,67
1469,3088606030100236,-7.240060,0.676480,grouped,49
1470,3088607080101783,-9.031851,-0.544400,not_clean,-1
1471,3088606030104726,-7.265939,0.657115,grouped,30
1472,3088607130101947,-9.065287,-0.567380,grouped,305
1473,3088606030104001,-7.152287,0.731914,not_clean,-1
1474,3088606050101198,-7.564362,0.451088,not_clean,-1
1475,3088607130105172,-9.191551,-0.657007,grouped,18
1476,3088607040104824,-8.408942,-0.125701,grouped,289
1477,3020638040101507,-8.555474,-0.226293,not_clean,-1
1478,3088604040102982,-6.986418,0.840431,grouped,28
1479,3088607080103657,-8.881658,-0.450163,grouped,34
1480,3088607130102229,-9.100404,-0.599974,grouped,267
1481,3088606030101498,-7.285705,0.633634,grouped,33
1482,3088607130103185,-9.164115,-0.644606,grouped,290
1483,3088604040100266,-7.071444,0.778008,grouped,289
1484,3088606100101760,-7.712622,0.341388,not_clean,-1
1485,3088607130101964,-9.239900,-0.697927,grouped,6
1486,3088607040107030,-8.305919,-0.062907,not_clean,-1
1487,3088606030103500,-7.185368,0.698836,not_clean,-1
1488,3088604040100235,-7.000707,0.824182,grouped,278
1489,3088606030100727,-7.111755,0.748585,grouped,265
1490,3088606030100527,-7.262216,0.645724,grouped,301
1491,3088606100103744,-7.757125,0.307528,not_clean,-1
1492,3088607130100733,-9.209234,-0.680511,grouped,6
1493,3020638040101738,-8.633461,-0.289269,not_clean,-1
1494,3088606030106659,-7.135524,0.729126,not_clean,-1
1495,3020638040100325,-8.590332,-0.260646,grouped,37
1496,3088606050102812,-7.671595,0.364160,not_clean,-1
1497,3088606120101575,-8.205291,0.000734,not_clean,-1
1498,3088607060101749,-8.772922,-0.385637,not_clean,-1
1499,3088604040103796,-6.873061,0.906451,not_clean,-1
1500,3088606030100831,-7.140281,0.723028,not_clean,-1
1501,3088607040105125,-8.373897,-0.118181,not_clean,-1
1502,3088604040103817,-6.866437,0.906359,not_clean,-1
1503,3088606030103145,-7.275480,0.626201,not_clean,-1
1504,3088606120105420,-8.120258,0.050918,grouped,289
1505,3088607130104501,-9.085384,-0.605779,grouped,272
1506,3088606030100607,-7.228288,0.656016,grouped,37
1507,3088607080100887,-8.868360,-0.459484,grouped,37
1508,3088607130105417,-9.228063,-0.704703,grouped,5
1509,3088606100100431,-7.792303,0.268293,grouped,27
1510,3088606120104117,-8.128949,0.037355,not_clean,-1
1511,3088607080103199,-9.008203,-0.560666,not_clean,-1
1512,3088606030104730,-7.300824,0.598259,grouped,30
1513,3088606100105591,-7.864165,0.215156,grouped,288
1514,3088606030101718,-7.187486,0.674852,not_clean,-1
1515,3088607080102863,-8.972183,-0.539031,not_clean,-1
1516,3088606030101675,-7.224487,0.648827,grouped,48
1517,3020638040102039,-8.737154,-0.380874,not_clean,-1
1518,3088604040100400,-6.842385,0.907233,grouped,265
1519,3020638040100392,-8.692317,-0.350714,not_clean,-1
1520,3088606100102839,-7.967090,0.142282,not_clean,-1
1521,3088604040101421,-6.882466,0.879007,not_clean,-1
1522,3088604040101875,-6.945695,0.833194,not_clean,-1
1523,3088604040104326,-6.904997,0.858371,grouped,265
1524,3088606030104794,-7.222961,0.642130,not_clean,-1
1525,3020638040100391,-8.688560,-0.355859,not_clean,-1
1526,3088604040100586,-6.879667,0.873638,grouped,265
1527,3088606100101514,-7.790198,0.253127,grouped,269
1528,3088604040101125,-6.858678,0.886229,grouped,67
1529,3020638040101322,-8.603871,-0.300605,not_clean,-1
1530,3088606030103146,-7.207984,0.647957,grouped,33
1531,3020638040101590,-8.671979,-0.348024,not_clean,-1
1532,3088604040100168,-6.829310,0.903935,grouped,41
1533,3088604040100147,-6.940477,0.827081,grouped,295
1534,3088607080100295,-8.870945,-0.485196,grouped,30
1535,3088607080100421,-9.034618,-0.597345,grouped,279
1536,3088607130101701,-9.109551,-0.649993,grouped,21
1537,3020638040101055,-8.638203,-0.329971,not_clean,-1
1538,3088607130104803,-9.074444,-0.626669,not_clean,-1
1539,3088604040100109,-6.842483,0.887747,grouped,265
1540,3088604040100011,-6.831073,0.894138,not_clean,-1
1541,3088606030105324,-7.343983,0.543217,not_clean,-1
1542,3088607130100949,-9.126022,-0.668298,grouped,16
1543,3088607130102199,-9.112205,-0.659364,grouped,16
1544,3088604040101143,-6.811277,0.903587,not_clean,-1
1545,3088604040101319,-6.865665,0.865733,not_clean,-1
1546,3088607080104131,-8.868687,-0.495987,not_clean,-1
1547,3088606100102924,-7.850023,0.195937,nan_hardness,-1
1548,3088604040101776,-7.040652,0.745507,grouped,291
1549,3088604040101212,-6.802583,0.906607,grouped,28
1550,3088607130101129,-9.226734,-0.740840,grouped,1
1551,3088606100100993,-7.806307,0.224189,grouped,264
1552,3088607080102603,-8.863885,-0.495140,not_clean,-1
1553,3088606100100637,-7.865428,0.183278,grouped,27
1554,3088606030102008,-7.248531,0.601937,not_clean,-1
1555,3088606030101721,-7.267554,0.588903,grouped,51
1556,3088604040100149,-6.868301,0.860121,grouped,265
1557,3088606100101613,-7.855543,0.189286,not_clean,-1
1558,3088607080104390,-8.990553,-0.582269,not_clean,-1
1559,3088604040101129,-6.795498,0.908998,grouped,288
1560,3020638040102556,-8.531288,-0.271787,not_clean,-1
1561,3020638040102482,-8.676395,-0.370761,not_clean,-1
1562,3088606030105459,-7.232651,0.610135,grouped,38
1563,3088606100101187,-7.764995,0.246861,grouped,66
1564,3088607130102559,-9.177329,-0.713517,grouped,7
1565,3088604040100120,-6.834062,0.878119,grouped,265
1566,3088604040100941,-6.876758,0.849021,not_clean,-1
1567,3088604040100935,-6.851804,0.864979,not_clean,-1
1568,3020638040100474,-8.645662,-0.354093,grouped,47
1569,3088604040100462,-6.807733,0.893271,grouped,28
1570,3088604040100164,-6.900747,0.828374,grouped,44
1571,3088606030103982,-7.273477,0.574380,not_clean,-1
1572,3088606030103034,-7.174432,0.641304,not_clean,-1
1573,3088606050102703,-7.665782,0.305276,grouped,33
1574,3088606030103910,-7.112637,0.679433,grouped,289
1575,3020638040100171,-8.572088,-0.311981,grouped,51
1576,3088606030104071,-7.315876,0.539311,not_clean,-1
1577,3020638040101504,-8.482749,-0.253330,not_clean,-1
1578,3088604040102158,-6.875079,0.838332,not_clean,-1
1579,3088604040100675,-6.859980,0.848483,grouped,67
1580,3088604040100432,-6.829764,0.868221,grouped,265
1581,3088604040104579,-6.978018,0.765396,not_clean,-1
1582,3088606030104977,-7.216538,0.602252,not_clean,-1
1583,3020638040100141,-8.707651,-0.411067,not_clean,-1
1584,3088606030104653,-7.237018,0.587720,not_clean,-1
1585,3088604040101928,-6.801593,0.881850,grouped,33
1586,3088606100100633,-7.723266,0.255686,grouped,51
1587,3088607040101603,-8.327220,-0.155622,not_clean,-1
1588,3088607130104682,-9.140715,-0.708399,grouped,6
1589,3088604040103389,-6.928703,0.793748,grouped,27
1590,3088604040101510,-6.890449,0.817164,grouped,265
1591,3020638040100246,-8.502192,-0.277506,grouped,37
1592,3088604040100412,-6.861453,0.834129,not_clean,-1
1593,3088606050100641,-7.505984,0.395061,grouped,48
1594,3088604040100907,-6.879238,0.819341,grouped,265
1595,3088607080100741,-8.879721,-0.538963,grouped,39
1596,3088606090104748,-7.795136,0.196921,not_clean,-1
1597,3020638040101314,-8.471279,-0.264717,grouped,36
1598,3088607040100543,-8.261230,-0.122359,grouped,48
1599,3088607130102973,-9.202966,-0.761797,grouped,4
1600,3088606030105191,-7.110669,0.658651,grouped,288
1601,3088606050103031,-7.560585,0.351503,not_clean,-1
1602,3040564100102476,-8.736244,-0.447000,not_clean,-1
1603,3088604040101526,-6.855672,0.828443,grouped,265
1604,3088604040101360,-6.871738,0.816891,grouped,265
1605,3088604040100055,-6.819448,0.852274,not_clean,-1
1606,3020638040100535,-8.617126,-0.369679,not_clean,-1
1607,3088606030101796,-7.196301,0.592105,not_clean,-1
1608,3088604040100783,-6.881977,0.805075,grouped,265
1609,3088604040102332,-6.871671,0.811413,not_clean,-1
1610,3088606030106107,-7.151117,0.621573,not_clean,-1
1611,3020638040101556,-8.712651,-0.440342,grouped,31
1612,3088606030102053,-7.141756,0.625535,grouped,305
1613,3088604040100869,-6.963698,0.744702,grouped,30
1614,3088606030101795,-7.195688,0.586769,not_clean,-1
1615,3088607080101390,-8.773834,-0.485677,grouped,33
1616,3088604040101405,-6.804047,0.851143,not_clean,-1
1617,3088606050100277,-7.448288,0.412691,grouped,295
1618,3088604040102519,-6.848247,0.819193,grouped,265
1619,3088606120108160,-8.079147,-0.016409,not_clean,-1
1620,3088606120103839,-7.923190,0.087743,grouped,27
1621,3088606090103157,-7.751471,0.203325,not_clean,-1
1622,3020638040101680,-8.618473,-0.385813,not_clean,-1
1623,3088604040105755,-6.858213,0.808213,not_clean,-1
1624,3088607080103449,-8.776316,-0.495409,grouped,37
1625,3088604040101967,-6.950443,0.742423,not_clean,-1
1626,3088607060101234,-8.764090,-0.489125,not_clean,-1
1627,3088606050102054,-7.468999,0.389646,grouped,49
1628,3088607130102389,-9.219999,-0.799476,grouped,271
1629,3088606120102344,-7.975493,0.043992,grouped,46
1630,3088606090102135,-7.844012,0.132007,not_clean,-1
1631,3088604040101936,-6.864651,0.796415,grouped,265
1632,3088606030102653,-7.160441,0.595167,not_clean,-1
1633,3020638040102175,-8.397192,-0.244156,grouped,31
1634,3088607080103377,-8.977030,-0.637658,not_clean,-1
1635,3020638040100177,-8.532841,-0.337518,not_clean,-1
1636,3088604040105032,-7.084329,0.645203,not_clean,-1
1637,3088604040101425,-6.909121,0.762814,grouped,301
1638,3088606030100150,-7.206393,0.561103,grouped,51
1639,3088606050101689,-7.390636,0.436012,grouped,279
1640,3088607130107571,-9.082358,-0.711997,not_clean,-1
1641,3088604040105509,-6.750671,0.869689,not_clean,-1
1642,3088604040101993,-6.847905,0.803481,not_clean,-1
1643,3088607040101769,-8.244047,-0.144533,grouped,269
1644,3088606030104224,-7.238961,0.532939,not_clean,-1
1645,3088604040106437,-6.965192,0.716308,not_clean,-1
1646,3020638040100376,-8.530331,-0.345878,not_clean,-1
1647,3088606120102329,-7.934364,0.057023,grouped,264
1648,3088607080102946,-8.772289,-0.511625,grouped,33
1649,3088606120103213,-8.162762,-0.098308,grouped,305
1650,3088604040105834,-6.915018,0.747973,not_clean,-1
1651,3088606050101570,-7.444027,0.387108,grouped,264
1652,3088604040101545,-6.891028,0.762098,grouped,66
1653,3088606030101287,-7.135411,0.596154,grouped,305
1654,3020638040100747,-8.424661,-0.279526,grouped,67
1655,3088607130103250,-9.087832,-0.731183,grouped,4
1656,3088604040108523,-6.956995,0.713535,not_clean,-1
1657,3088604040101783,-6.891807,0.755466,grouped,67
1658,3088604040105067,-6.792586,0.822008,grouped,41
1659,3088607080103810,-8.907605,-0.614134,grouped,281
1660,3020638040100206,-8.537094,-0.363865,grouped,267
1661,3088604040101171,-7.084016,0.618979,not_clean,-1
1662,3088604040100013,-6.772372,0.829032,not_clean,-1
1663,3088607080104929,-8.807705,-0.552153,grouped,35
1664,3020638040100582,-8.515819,-0.355332,not_clean,-1
1665,3088606050103535,-7.653716,0.227637,not_clean,-1
1666,3088604040101363,-6.834798,0.782462,grouped,295
1667,3088607080105306,-8.889485,-0.611592,grouped,4
1668,3088604040101970,-6.937188,0.711510,grouped,66
1669,3020638040100075,-8.674991,-0.466814,grouped,269
1670,3088607130105132,-9.121978,-0.770261,grouped,9
1671,3020638040102694,-8.503856,-0.351770,not_clean,-1
1672,3088604050103778,-7.205854,0.527589,not_clean,-1
1673,3088604040105483,-7.007566,0.660366,not_clean,-1
1674,3020638040101135,-8.630206,-0.439872,not_clean,-1
1675,3020638040100001,-8.502866,-0.353871,not_clean,-1
1676,3088604040101961,-6.940799,0.704643,grouped,66
1677,3088604040102617,-6.781657,0.811565,not_clean,-1
1678,3088607080108231,-9.007943,-0.698171,not_clean,-1
1679,3088606050105500,-7.575806,0.272506,grouped,31
1680,3088606050102810,-7.591411,0.261501,not_clean,-1
1681,3088604040101484,-6.868899,0.751071,grouped,298
1682,3088606050101791,-7.372234,0.406487,not_clean,-1
1683,3088607080104787,-8.952338,-0.665373,grouped,8
1684,3088604050104525,-7.247470,0.489478,not_clean,-1
1685,3088604040101905,-6.756982,0.821800,not_clean,-1
1686,3088604040107431,-6.821532,0.777461,not_clean,-1
1687,3088604040101799,-6.856094,0.753210,grouped,278
1688,3088604040105597,-7.009694,0.646328,not_clean,-1
1689,3088604040103376,-7.000978,0.648187,not_clean,-1
1690,3020638040100214,-8.338749,-0.258872,grouped,285
1691,3088604040103736,-6.817910,0.770819,not_clean,-1
1692,3088604040101893,-6.885892,0.724064,not_clean,-1
1693,3088604040100837,-6.897532,0.715930,not_clean,-1
1694,3088606120100841,-8.014630,-0.041152,grouped,27
1695,3088606090103178,-7.737033,0.146445,not_clean,-1
1696,3088604040103583,-6.770889,0.800535,grouped,265
1697,3088606050101888,-7.532833,0.282872,grouped,27
1698,3020638040102700,-8.594998,-0.437285,not_clean,-1
1699,3088606030102609,-7.309345,0.433684,not_clean,-1
1700,3088604040106130,-7.020610,0.627592,not_clean,-1
1701,3088607060102448,-8.701120,-0.511963,grouped,36
1702,3088607080101618,-8.746615,-0.542821,grouped,286
1703,3088607080106253,-8.871559,-0.629190,not_clean,-1
1704,3088604040102842,-6.977133,0.650130,not_clean,-1
1705,3088606090103380,-7.681790,0.172473,not_clean,-1
1706,3088604040101248,-6.948804,0.668804,grouped,265
1707,3088604040101114,-6.804846,0.765367,not_clean,-1
1708,3088604050101812,-7.182569,0.509126,not_clean,-1
1709,3088604040102041,-6.959739,0.658330,not_clean,-1
1710,3088604040105349,-6.699955,0.832116,not_clean,-1
1711,3020638040100823,-8.335303,-0.275749,grouped,27
1712,3088607080103984,-8.808699,-0.596722,grouped,269
1713,3088607060102848,-8.709559,-0.529782,grouped,33
1714,3088607080104444,-8.779718,-0.577786,grouped,35
1715,3088606050103726,-7.579129,0.234774,grouped,53
1716,3088607130103139,-9.095275,-0.793799,grouped,5
1717,3088604040101840,-6.925739,0.674116,grouped,383
1718,3088606050105475,-7.351222,0.385458,not_clean,-1
1719,3088606090101533,-7.840786,0.053428,not_clean,-1
1720,3088607080106469,-8.878134,-0.649170,grouped,284
1721,3088604050100316,-7.187010,0.495310,grouped,51
1722,3088604050101662,-7.177460,0.500134,not_clean,-1
1723,3088607080102663,-8.785996,-0.589410,grouped,36
1724,3020638040100021,-8.585310,-0.454551,grouped,32
1725,3088604040102042,-6.933941,0.663387,not_clean,-1
1726,3088604050100056,-7.114321,0.540952,grouped,27
1727,3088604040101265,-6.918493,0.671559,grouped,291
1728,3088607080100469,-8.811116,-0.612281,grouped,286
1729,3088604040104379,-6.836692,0.723845,not_clean,-1
1730,3088607080100533,-8.781919,-0.593930,grouped,257
1731,3088607080102225,-8.842035,-0.635523,grouped,22
1732,3088604040100242,-6.909007,0.671368,grouped,291
1733,3088607080100267,-8.996221,-0.742452,not_clean,-1
1734,3020638040102776,-8.604376,-0.478586,not_clean,-1
1735,3088607130102893,-9.034689,-0.773423,grouped,6
1736,3020638040101599,-8.640981,-0.507412,grouped,30
1737,3088604040103262,-6.679478,0.819036,grouped,38
1738,3088607080107542,-8.843278,-0.647203,not_clean,-1
1739,3088604040100629,-6.949477,0.634531,not_clean,-1
1740,3088604040100406,-6.909392,0.661654,grouped,278
1741,3020638040101430,-8.304038,-0.283608,not_clean,-1
1742,3091681020101099,-6.667212,0.822100,grouped,27
1743,3088604040101495,-6.846541,0.699385,grouped,41
1744,3088606090102497,-7.711782,0.112627,not_clean,-1
1745,3088604040101692,-6.950331,0.625976,not_clean,-1
1746,3088604040103098,-6.958795,0.619698,not_clean,-1
1747,3088604040100130,-6.927082,0.639564,not_clean,-1
1748,3088604040103504,-6.754780,0.754819,not_clean,-1
1749,3088604040100252,-6.935991,0.631782,not_clean,-1
1750,3088607130100947,-9.122969,-0.848793,grouped,1
1751,3088607080102622,-8.874211,-0.680935,grouped,9
1752,3088607130103116,-9.044893,-0.796607,grouped,286
1753,3088606090105951,-7.753098,0.073375,grouped,67
1754,3088604040100368,-6.930662,0.628957,not_clean,-1
1755,3088604040101773,-6.947030,0.617538,not_clean,-1
1756,3088604040101549,-6.711759,0.775692,grouped,46
1757,3088604040103130,-6.682251,0.794867,grouped,33
1758,3088606090100639,-7.807161,0.029431,grouped,294
1759,3088604040100086,-6.902544,0.641173,not_clean,-1
1760,3088607080104338,-8.786762,-0.634101,grouped,284
1761,3088604040100069,-6.880388,0.653830,grouped,28
1762,3088604040100835,-6.790339,0.714569,grouped,67
1763,3088604040100047,-6.908922,0.634197,not_clean,-1
1764,3088604040102561,-6.777093,0.722228,not_clean,-1
1765,3088604040101000,-6.933314,0.616353,not_clean,-1
1766,3088607080104637,-8.856000,-0.685233,grouped,22
1767,3088607080100530,-8.809025,-0.654234,grouped,272
1768,3020638040101101,-8.526740,-0.463315,grouped,47
1769,3088604040100014,-6.888801,0.644514,not_clean,-1
1770,3088604040100133,-6.913652,0.627271,not_clean,-1
1771,3088604040101169,-6.962939,0.593633,not_clean,-1
1772,3088604040100145,-6.924720,0.619066,not_clean,-1
1773,3088607080105292,-8.964428,-0.761872,not_clean,-1
1774,3088607080102974,-8.755524,-0.622254,grouped,284
1775,3088604040100023,-6.898958,0.630011,not_clean,-1
1776,3020638040100138,-8.540096,-0.480904,not_clean,-1
1777,3088607080106630,-8.740614,-0.617993,grouped,39
1778,3088606050101591,-7.369735,0.306903,grouped,28
1779,3020638040100312,-8.530621,-0.478385,not_clean,-1
1780,3088606050106300,-7.605332,0.147140,not_clean,-1
1781,3088604040101286,-7.000898,0.554557,not_clean,-1
1782,3020638040100242,-8.336277,-0.348955,grouped,288
1783,3088604040100762,-6.921690,0.606426,not_clean,-1
1784,3088604040100355,-6.681205,0.768270,grouped,33
1785,3088604040102384,-7.038314,0.526804,grouped,35
1786,3088607130106141,-9.013223,-0.808699,grouped,9
1787,3088607080106225,-8.913451,-0.742004,not_clean,-1
1788,3088607080104918,-8.903010,-0.735145,grouped,18
1789,3088604040101420,-6.941987,0.590156,grouped,30
1790,3020638040101524,-8.353868,-0.365257,not_clean,-1
1791,3088604040100373,-6.909224,0.611262,not_clean,-1
1792,3088604040101165,-6.927638,0.598119,not_clean,-1
1793,3088604040100990,-6.847334,0.650727,grouped,265
1794,3088606050100495,-7.435717,0.252260,grouped,51
1795,3088606050104613,-7.403147,0.274073,grouped,33
1796,3088606090104136,-7.673051,0.087880,grouped,31
1797,3020638040101223,-8.549495,-0.504951,grouped,285
1798,3088607080102478,-8.691940,-0.601570,grouped,267
1799,3020638040101352,-8.329778,-0.361175,grouped,288
1800,3020638040101700,-8.539070,-0.502856,not_clean,-1
1801,3020638040100379,-8.426845,-0.427335,not_clean,-1
1802,3088604050106408,-7.183826,0.412542,not_clean,-1
1803,3088604040100321,-6.866192,0.627145,grouped,29
1804,3091681020102437,-6.492797,0.876424,not_clean,-1
1805,3088604040104142,-6.777959,0.679095,grouped,278
1806,3091681020103013,-6.437510,0.906791,grouped,324
1807,3088607080101312,-8.730318,-0.642769,grouped,39
1808,3088604040101926,-6.871187,0.612454,grouped,288
1809,3088606070104428,-7.900331,-0.085609,grouped,294
1810,3088607080102887,-8.638548,-0.584659,grouped,39
1811,3088604040101285,-6.907388,0.584338,not_clean,-1
1812,3091681020102335,-6.491461,0.865199,grouped,44
1813,3091681020100320,-6.589534,0.797952,grouped,0
1814,3088604040100865,-6.934677,0.563311,not_clean,-1
1815,3088607080100402,-8.835592,-0.721352,grouped,276
1816,3088604050106206,-7.090208,0.455288,not_clean,-1
1817,3088606070103075,-7.922883,-0.108215,not_clean,-1
1818,3020638040100304,-8.428043,-0.449951,not_clean,-1
1819,3088604040102465,-6.919302,0.569487,not_clean,-1
1820,3088604040103591,-7.001831,0.513641,grouped,46
1821,3088604040100110,-6.894199,0.585544,not_clean,-1
1822,3088607080107862,-8.860028,-0.743510,grouped,18
1823,3093219010104391,-8.229651,-0.318318,grouped,264
1824,3088606090100209,-7.833281,-0.056658,not_clean,-1
1825,3088606050106186,-7.424062,0.219406,not_clean,-1
1826,3088606090100073,-7.793751,-0.032443,grouped,301
1827,3091681020104389,-6.467972,0.862659,grouped,295
1828,3088604040101528,-6.754337,0.668977,grouped,41
1829,3088606070101309,-7.961821,-0.147290,not_clean,-1
1830,3088604040100144,-6.790210,0.642167,grouped,28
1831,3088604040100582,-6.890747,0.572358,not_clean,-1
1832,3088604040105307,-6.939490,0.539434,not_clean,-1
1833,3088604040101365,-6.746461,0.669642,grouped,33
1834,3020638040101298,-8.348072,-0.414859,grouped,267
1835,3088604040101847,-6.912097,0.553849,not_clean,-1
1836,3088604040105830,-6.938612,0.533783,not_clean,-1
1837,3088604040100611,-6.774358,0.643595,grouped,27
1838,3088604040101064,-6.702908,0.689696,grouped,41
1839,3091681020101354,-6.620337,0.745363,not_clean,-1
1840,3088604040100096,-6.764722,0.647633,grouped,28
1841,3088604040100712,-6.925825,0.537794,not_clean,-1
1842,3088607080103936,-8.811522,-0.735586,nan_hardness,-1
1843,3088604040101765,-6.833989,0.598877,not_clean,-1
1844,3088606090102608,-7.593638,0.085150,grouped,38
1845,3088607080100361,-8.641217,-0.622511,grouped,33
1846,3088604050100251,-7.235491,0.326492,grouped,14
1847,3088604040101648,-6.895792,0.554957,not_clean,-1
1848,3088604040100262,-6.749312,0.653170,grouped,28
1849,3088607080106937,-8.624869,-0.614189,grouped,40
1850,3088607080106695,-8.633261,-0.619912,grouped,279
1851,3088606090101178,-7.756990,-0.034432,grouped,46
1852,3088606070102206,-7.955775,-0.169600,not_clean,-1
1853,3088607080102354,-8.858762,-0.779301,grouped,18
1854,3088606070104903,-7.939448,-0.159796,not_clean,-1
1855,3088606070100324,-7.800210,-0.070689,grouped,49
1856,3088606090106070,-7.608343,0.058600,not_clean,-1
1857,3088604040101817,-6.787484,0.611107,not_clean,-1
1858,3088607080103271,-8.769738,-0.726893,grouped,39
1859,3020638040100041,-8.358868,-0.450108,grouped,27
1860,3088604040100552,-6.792624,0.605967,grouped,291
1861,3088604040103745,-6.798958,0.601214,not_clean,-1
1862,3088607080102450,-8.718140,-0.695228,grouped,33
1863,3088606090103868,-7.600266,0.058871,grouped,67
1864,3088606070102118,-7.984263,-0.200387,not_clean,-1
1865,3020638040101137,-8.411270,-0.491164,not_clean,-1
1866,3088604060103250,-7.368872,0.211830,not_clean,-1
1867,3088604040101582,-6.705450,0.659456,grouped,46
1868,3088604040100754,-6.716149,0.650935,grouped,46
1869,3088604040100121,-6.742997,0.631801,grouped,265
1870,3088607080100238,-8.612091,-0.631414,grouped,46
1871,3088606070102883,-7.859611,-0.126207,not_clean,-1
1872,3088604040100058,-6.740817,0.624184,not_clean,-1
1873,3020638040100601,-8.288140,-0.420148,grouped,272
1874,3088604040100598,-6.801676,0.581928,grouped,41
1875,3088607080101703,-8.639118,-0.659446,grouped,281
1876,3088604040100458,-6.721395,0.632495,grouped,265
1877,3088604040100257,-6.754440,0.608639,grouped,30
1878,3091681020102074,-6.490547,0.786091,not_clean,-1
1879,3088607080100158,-8.788297,-0.764456,grouped,49
1880,3088606050105697,-7.484704,0.114404,grouped,286
1881,3088607030103082,-8.597449,-0.636677,grouped,33
1882,3088606090102026,-7.676314,-0.015535,grouped,31
1883,3088604040100097,-6.746374,0.610681,grouped,28
1884,3088604040104364,-6.879553,0.520562,grouped,46
1885,3020638040100200,-8.471463,-0.555763,grouped,285
1886,3088604050105128,-7.125236,0.348916,grouped,265
1887,3088604040100599,-6.692051,0.640801,grouped,33
1888,3088606090103953,-7.643129,-0.003414,nan_hardness,-1
1889,3088606070103560,-7.945626,-0.208668,not_clean,-1
1890,3088604040102687,-6.699042,0.630502,grouped,67
1891,3088604040101615,-6.630334,0.676768,grouped,30
1892,3091681020101806,-6.428132,0.812838,grouped,68
1893,3088604040101741,-6.774334,0.577770,not_clean,-1
1894,3088604040104196,-6.789245,0.567273,not_clean,-1
1895,3088604050102816,-6.987017,0.433439,not_clean,-1
1896,3088607080105968,-8.837749,-0.814828,grouped,286
1897,3088606090102092,-7.579400,0.033267,grouped,272
1898,3088604040103037,-6.839349,0.530916,grouped,291
1899,3088604040107863,-6.684170,0.634542,not_clean,-1
1900,3091681020105086,-6.579699,0.704363,not_clean,-1
1901,3088604040100654,-6.706504,0.618177,grouped,322
1902,3088607030102322,-8.588956,-0.652731,grouped,33
1903,3091681020101946,-6.413658,0.811886,grouped,294
1904,3040564060101568,-8.526501,-0.613443,not_clean,-1
1905,3091681020100777,-6.501747,0.749991,not_clean,-1
1906,3088606090102743,-7.555806,0.038056,grouped,291
1907,3088604040103801,-6.678129,0.628474,not_clean,-1
1908,3088606090101209,-7.677502,-0.053828,grouped,47
1909,3088604050105600,-7.001531,0.401797,not_clean,-1
1910,3091681020100999,-6.475454,0.755189,not_clean,-1
1911,3088606070104441,-7.731593,-0.092961,not_clean,-1
1912,3020638040100557,-8.373462,-0.525963,not_clean,-1
1913,3020638040101261,-8.450041,-0.578108,grouped,279
1914,3088604040103003,-6.756496,0.562426,not_clean,-1
1915,3088606070102393,-8.018581,-0.289632,not_clean,-1
1916,3091681020102852,-6.442840,0.769768,grouped,295
1917,3088604060102932,-7.422826,0.108339,not_clean,-1
1918,3091681020102019,-6.549653,0.696464,grouped,37
1919,3088607080104947,-8.768449,-0.799294,grouped,23
1920,3088607080106544,-8.667908,-0.731956,not_clean,-1
1921,3088607030102707,-8.537222,-0.644077,grouped,35
1922,3091681020106640,-6.400905,0.793932,not_clean,-1
1923,3088606070102106,-7.806855,-0.153492,grouped,49
1924,3088607080101883,-8.743518,-0.787407,grouped,33
1925,3040564020100167,-8.280524,-0.485207,grouped,32
1926,3088607080102101,-8.673406,-0.750457,grouped,40
1927,3088606070100702,-7.750059,-0.128563,grouped,47
1928,3088604050102094,-6.982739,0.385768,grouped,31
1929,3091681020106114,-6.517446,0.698628,not_clean,-1
1930,3088604040103321,-6.873340,0.453231,grouped,38
1931,3088604050100892,-7.191871,0.238040,grouped,46
1932,3088604040103053,-6.807316,0.497021,not_clean,-1
1933,3088604060104112,-7.400353,0.094662,not_clean,-1
1934,3088604050105112,-7.033324,0.341561,grouped,51
1935,3040564060101363,-8.464223,-0.622124,not_clean,-1
1936,3088606090103083,-7.578543,-0.027544,grouped,289
1937,3088606090100237,-7.525693,0.003407,grouped,51
1938,3088606090102889,-7.693552,-0.110598,grouped,264
1939,3088604050106467,-6.975613,0.371549,grouped,54
1940,3088604040100555,-6.703015,0.553733,grouped,30
1941,3088606090103030,-7.489994,0.018429,grouped,14
1942,3088607030103072,-8.437998,-0.619862,grouped,66
1943,3091681020101557,-6.548047,0.652205,grouped,67
1944,3088604060101512,-7.397860,0.079741,not_clean,-1
1945,3088604040101092,-6.697515,0.548560,not_clean,-1
1946,3088606090102170,-7.608860,-0.065257,grouped,28
1947,3088607030100706,-8.403803,-0.600821,grouped,39
1948,3091681020106241,-6.413165,0.738165,grouped,294
1949,3088607030101079,-8.580133,-0.724348,not_clean,-1
1950,3040564100102779,-8.317130,-0.548186,not_clean,-1
1951,3091681020102171,-6.439694,0.712875,grouped,67
1952,3088604050100443,-7.039800,0.308838,grouped,46
1953,3088604050100348,-7.196453,0.203150,not_clean,-1
1954,3088604050103585,-7.089176,0.271424,grouped,46
1955,3091680110107979,-6.163515,0.893944,grouped,294
1956,3088606070107236,-7.841956,-0.235557,not_clean,-1
1957,3091680110103728,-6.265518,0.823708,grouped,74
1958,3091681020100778,-6.512825,0.655573,not_clean,-1
1959,3088606070102715,-7.753221,-0.179215,grouped,50
1960,3088606090101667,-7.573419,-0.060630,grouped,38
1961,3088607030102230,-8.315915,-0.562903,not_clean,-1
1962,3088604060104013,-7.475198,0.000854,grouped,53
1963,3091681020102360,-6.493344,0.660748,grouped,66
1964,3015022010102941,-7.438810,0.018525,grouped,305
1965,3088604050101915,-6.863516,0.404893,grouped,384
1966,3088606090103964,-7.644823,-0.121079,grouped,22
1967,3088604050102200,-6.909251,0.371738,grouped,49
1968,3015022010102722,-7.307368,0.103811,not_clean,-1
1969,3091681020101471,-6.500193,0.646012,grouped,278
1970,3088606090100827,-7.574677,-0.078950,grouped,284
1971,3088606070106550,-7.705520,-0.170325,not_clean,-1
1972,3088606070102792,-7.907565,-0.307500,grouped,285
1973,3015022010100119,-7.332480,0.076919,not_clean,-1
1974,3088607030101546,-8.532776,-0.733093,grouped,27
1975,3091680110103985,-6.193014,0.837233,not_clean,-1
1976,3091681020103167,-6.446074,0.666799,grouped,66
1977,3088607030101406,-8.445680,-0.677936,grouped,38
1978,3088606070100787,-7.961709,-0.353183,grouped,47
1979,3088606070100009,-7.834313,-0.269927,grouped,51
1980,3088604050104258,-6.887709,0.364958,grouped,67
1981,3091680110100580,-6.094892,0.897828,not_clean,-1
1982,3091680110102107,-6.283620,0.770888,grouped,304
1983,3088607030107835,-8.560970,-0.761243,nan_hardness,-1
1984,3088606070103592,-8.041415,-0.413215,not_clean,-1
1985,3091680110101375,-6.367092,0.709619,not_clean,-1
1986,3088606070100380,-7.841704,-0.281756,grouped,27
1987,3088604050100088,-6.927411,0.328752,grouped,288
1988,3015022010102948,-7.470812,-0.037427,grouped,67
1989,3015022010102458,-7.302803,0.074423,grouped,44
1990,3015022010100044,-7.290796,0.080201,not_clean,-1
1991,3088607030103611,-8.302212,-0.600313,grouped,33
1992,3088606070101054,-7.943947,-0.360862,grouped,52
1993,3091681100101061,-6.659976,0.501890,grouped,29
1994,3088606070100224,-7.924984,-0.349299,grouped,20
1995,3088606020100456,-7.651085,-0.165618,grouped,27
1996,3088606070102701,-7.908425,-0.339971,not_clean,-1
1997,3015022010103419,-7.299513,0.068271,grouped,301
1998,3088606110104544,-8.288437,-0.596664,grouped,51
1999,3088606020101434,-7.522715,-0.083960,not_clean,-1
2000,3088606020103207,-7.643484,-0.166548,grouped,300
2001,3088606070105979,-7.886557,-0.330077,grouped,48
2002,3091680110106912,-6.257519,0.762486,not_clean,-1
2003,3091681020100939,-6.457194,0.625490,not_clean,-1
2004,3088606070103320,-7.877008,-0.329639,not_clean,-1
2005,3015022010103671,-7.277029,0.073003,grouped,67
2006,3091681020102877,-6.412371,0.653435,not_clean,-1
2007,3088606110101370,-8.251497,-0.583851,grouped,305
2008,3015022010100943,-7.463991,-0.056273,grouped,46
2009,3091681020103233,-6.537761,0.565246,not_clean,-1
2010,3088606070102549,-7.732857,-0.238875,not_clean,-1
2011,3091681020103570,-6.510834,0.580958,not_clean,-1
2012,3091681020106736,-6.376750,0.668436,not_clean,-1
2013,3091681020102915,-6.417265,0.639361,not_clean,-1
2014,3088606110100969,-8.052771,-0.459833,grouped,265
2015,3088604050102903,-6.924229,0.297470,not_clean,-1
2016,3091681020103568,-6.428676,0.629900,not_clean,-1
2017,3015022010103135,-7.261421,0.068443,grouped,66
2018,3091680110100253,-6.063786,0.871384,grouped,295
2019,3088607030105735,-8.380016,-0.686192,grouped,30
2020,3088604050103047,-6.889255,0.313803,not_clean,-1
2021,3015022010102373,-7.351788,0.002864,grouped,294
2022,3091680110108579,-6.104848,0.840143,grouped,294
2023,3088606110100717,-8.135748,-0.527083,not_clean,-1
2024,3088606020103192,-7.584617,-0.157131,grouped,279
2025,3088604050102183,-7.132946,0.146159,grouped,27
2026,3088606020100642,-7.623193,-0.185018,grouped,67
2027,3091681020100902,-6.453449,0.599118,grouped,27
2028,3088606070100563,-7.897735,-0.370953,grouped,31
2029,3088604050103225,-6.831017,0.344782,grouped,289
2030,3088606110104123,-8.188761,-0.568551,grouped,34
2031,3088604060107452,-7.156095,0.119855,not_clean,-1
2032,3091681020101361,-6.453590,0.590096,grouped,36
2033,3088607030103894,-8.293788,-0.646617,grouped,30
2034,3088606110100386,-8.134737,-0.541824,grouped,27
2035,3015022010103046,-7.395070,-0.046876,grouped,66
2036,3015022010100889,-7.340615,-0.010526,grouped,33
2037,3088606110101479,-8.086862,-0.513711,not_clean,-1
2038,3088606070102500,-7.781362,-0.309734,not_clean,-1
2039,3088606070103045,-7.848903,-0.356819,not_clean,-1
2040,3015022010106030,-7.351268,-0.022786,not_clean,-1
2041,3015022010102455,-7.243880,0.048141,grouped,67
2042,3015022010103256,-7.313884,0.000567,grouped,66
2043,3091681020103774,-6.490462,0.549503,not_clean,-1
2044,3015022010105678,-7.174611,0.089582,not_clean,-1
2045,3088606110100250,-8.206716,-0.605352,grouped,264
2046,3088604050103893,-7.068437,0.155859,grouped,289
2047,3091680110103881,-6.184548,0.748849,grouped,295
2048,3088607030104182,-8.426905,-0.755857,grouped,31
2049,3015022010102745,-7.270963,0.015225,grouped,66
2050,3088604050103324,-6.970178,0.215963,not_clean,-1
2051,3088606110106786,-8.115028,-0.552978,grouped,30
2052,3091681020105000,-6.409855,0.589849,not_clean,-1
2053,3091680110101329,-6.295190,0.664474,grouped,324
2054,3091680110103087,-6.063352,0.819914,grouped,58
2055,3015022010100339,-7.221780,0.042626,not_clean,-1
2056,3088604060105216,-7.132060,0.101471,not_clean,-1
2057,3088606110101671,-8.127283,-0.566229,nan_hardness,-1
2058,3088606070104263,-7.939806,-0.440585,not_clean,-1
2059,3091681100102128,-6.718893,0.377346,not_clean,-1
2060,3015022010100676,-7.247657,0.022468,grouped,286
2061,3091680110102323,-6.148239,0.759991,not_clean,-1
2062,3088606070104848,-7.762277,-0.322816,grouped,267
2063,3088606020107223,-7.628598,-0.234473,not_clean,-1
2064,3088606070102422,-7.723255,-0.300194,grouped,290
2065,3088606070101839,-7.853440,-0.388685,not_clean,-1
2066,3088606020103043,-7.716901,-0.300768,not_clean,-1
2067,3088606110104026,-8.217182,-0.636642,not_clean,-1
2068,3088604050107586,-6.966251,0.202296,grouped,301
2069,3091680110100162,-6.317053,0.634312,grouped,41
2070,3015022010103070,-7.195322,0.045049,not_clean,-1
2071,3091680110101651,-6.236742,0.686542,not_clean,-1
2072,3088607030102294,-8.279784,-0.686260,grouped,305
2073,3088606070103370,-7.841963,-0.393246,not_clean,-1
2074,3015022010102497,-7.219923,0.023416,grouped,294
2075,3088606070101726,-7.847930,-0.398182,grouped,281
2076,3091681100100619,-6.583720,0.447975,not_clean,-1
2077,3015022010101747,-7.340213,-0.059836,not_clean,-1
2078,3091680110100364,-6.266457,0.657276,grouped,33
2079,3088607030100666,-8.409149,-0.779572,grouped,36
2080,3091681100101214,-6.660136,0.392816,grouped,317
2081,3088604050103770,-6.973594,0.181630,grouped,276
2082,3088606020101780,-7.663380,-0.281405,not_clean,-1
2083,3015022010102812,-7.396388,-0.105117,not_clean,-1
2084,3015022010103584,-7.254500,-0.010130,not_clean,-1
2085,3015022010103567,-7.320406,-0.055919,grouped,54
2086,3091681020103264,-6.477523,0.506846,not_clean,-1
2087,3091681020103617,-6.524888,0.472262,grouped,291
2088,3015022010100258,-7.293213,-0.043580,not_clean,-1
2089,3091681100101320,-6.665231,0.375901,not_clean,-1
2090,3088606070104946,-7.871344,-0.433676,not_clean,-1
2091,3088606110103126,-8.229984,-0.674949,grouped,290
2092,3091681100101867,-6.615151,0.406253,grouped,37
2093,3091681020100143,-6.445155,0.519390,grouped,140
2094,3091680110104155,-6.178428,0.697837,not_clean,-1
2095,3015022010102192,-7.382622,-0.114084,grouped,289
2096,3088606110101018,-7.995511,-0.524856,grouped,301
2097,3088604050106279,-6.941712,0.180904,not_clean,-1
2098,3088606110105148,-8.083354,-0.584625,not_clean,-1
2099,3015022010101190,-7.470254,-0.174834,grouped,33
2100,3088606110105550,-8.118720,-0.610507,not_clean,-1
2101,3088604050104354,-6.909108,0.198473,not_clean,-1
2102,3088606020102947,-7.659275,-0.305458,not_clean,-1
2103,3088606020104124,-7.602656,-0.270001,grouped,268
2104,3088606020104002,-7.510485,-0.209404,not_clean,-1
2105,3088606110103860,-8.103402,-0.607181,not_clean,-1
2106,3091681020103862,-6.453801,0.497279,not_clean,-1
2107,3091681100101778,-6.628828,0.379539,grouped,32
2108,3088606110104339,-8.088312,-0.599533,not_clean,-1
2109,3091680110104629,-5.994111,0.799911,grouped,59
2110,3088606020107388,-7.547754,-0.242256,not_clean,-1
2111,3088606070107212,-7.761954,-0.386148,not_clean,-1
2112,3015022010101275,-7.292416,-0.072680,not_clean,-1
2113,3015022010103571,-7.461469,-0.187833,grouped,300
2114,3088604050101056,-6.935400,0.164591,grouped,300
2115,3091681020101019,-6.396089,0.524128,grouped,322
2116,3091681100101508,-6.697600,0.321540,grouped,288
2117,3091680110102910,-6.060692,0.747977,not_clean,-1
2118,3015022010103076,-7.367642,-0.129760,not_clean,-1
2119,3088604050104312,-7.015843,0.105479,grouped,305
2120,3088606070104630,-7.858583,-0.459951,not_clean,-1
2121,3088604050101863,-6.990741,0.120552,not_clean,-1
2122,3015022010101836,-7.351408,-0.121236,not_clean,-1
2123,3088604110104353,-5.817471,0.905756,not_clean,-1
2124,3091680110100969,-6.064060,0.739466,not_clean,-1
2125,3088607030107273,-8.309313,-0.765920,not_clean,-1
2126,3088606110103125,-8.202841,-0.694698,not_clean,-1
2127,3088604110100019,-5.756245,0.943252,grouped,41
2128,3088606110101823,-8.152711,-0.664207,grouped,269
2129,3015022010101321,-7.398457,-0.159347,grouped,33
2130,3015022010103306,-7.148123,0.005577,not_clean,-1
2131,3015022010101339,-7.265690,-0.073459,not_clean,-1
2132,3015022010101676,-7.216770,-0.040807,not_clean,-1
2133,3088606110103836,-8.074479,-0.616115,grouped,17
2134,3091680110101565,-6.204103,0.635141,grouped,36
2135,3015022010103312,-7.154786,-0.001895,grouped,276
2136,3088607030104915,-8.250927,-0.736317,grouped,33
2137,3088606110103540,-8.060832,-0.611339,grouped,22
2138,3088606110100289,-8.191957,-0.700007,grouped,33
2139,3088606070101426,-7.802152,-0.441269,grouped,294
2140,3088606020103223,-7.500608,-0.240278,not_clean,-1
2141,3088606110102999,-8.050045,-0.609503,grouped,21
2142,3088604050104443,-6.879291,0.174121,grouped,288
2143,3088606110102736,-7.986300,-0.567928,grouped,35
2144,3091681020101841,-6.360768,0.515940,grouped,295
2145,3091680110100749,-6.124256,0.673534,not_clean,-1
2146,3088606110102071,-8.039604,-0.608640,grouped,257
2147,3015022010104015,-7.305289,-0.117899,not_clean,-1
2148,3088604110107252,-5.722365,0.939604,not_clean,-1
2149,3015022010101685,-7.107112,0.012223,grouped,289
2150,3088606110105388,-7.943790,-0.549768,grouped,33
2151,3088604110100829,-5.811118,0.873858,grouped,340
2152,3088606110103402,-7.929623,-0.545758,grouped,33
2153,3088606020105231,-7.672840,-0.375687,not_clean,-1
2154,3091680110102195,-6.059456,0.702221,grouped,137
2155,3088606060102341,-7.774284,-0.447069,not_clean,-1
2156,3088606060101499,-7.879861,-0.519370,grouped,35
2157,3088604110106119,-5.759065,0.898786,not_clean,-1
2158,3088606060104612,-7.793602,-0.463074,not_clean,-1
2159,3091680110100427,-6.143705,0.636540,grouped,46
2160,3088604110106377,-5.772895,0.883803,not_clean,-1
2161,3088607030102668,-8.308703,-0.813731,grouped,33
2162,3088604110103317,-5.798182,0.865133,not_clean,-1
2163,3088606060103959,-7.819047,-0.487000,grouped,37
2164,3091681020103927,-6.333254,0.506865,grouped,37
2165,3088606110101021,-7.997072,-0.607373,grouped,276
2166,3015022010105541,-7.459656,-0.250754,not_clean,-1
2167,3088606060101614,-7.787249,-0.470777,not_clean,-1
2168,3015022010102957,-7.352621,-0.181480,grouped,34
2169,3088606110100260,-8.060323,-0.655078,grouped,27
2170,3088606110103703,-7.907679,-0.553262,grouped,51
2171,3088607030102176,-8.367399,-0.862974,grouped,33
2172,3088606020103837,-7.494286,-0.280666,grouped,36
2173,3088606060103099,-7.871115,-0.532738,grouped,37
2174,3088606060103206,-7.687517,-0.411321,grouped,33
2175,3088607030101354,-8.344809,-0.854665,not_clean,-1
2176,3088606020100405,-7.577951,-0.342945,grouped,28
2177,3091680110101834,-6.031483,0.690123,grouped,5
2178,3088604110104973,-5.684976,0.921150,not_clean,-1
2179,3091681100102830,-6.547300,0.344473,grouped,30
2180,3088604110106599,-5.740437,0.882452,grouped,59
2181,3015022010100115,-7.141428,-0.056374,grouped,67
2182,3088606020104942,-7.531359,-0.317291,grouped,279
2183,3088606110104990,-7.999250,-0.633255,grouped,37
2184,3091681030100970,-6.319216,0.489969,grouped,54
2185,3015022010102127,-7.207430,-0.106737,grouped,53
2186,3015022010100352,-7.413657,-0.246316,grouped,27
2187,3091680110100454,-6.253001,0.529518,not_clean,-1
2188,3088604110102463,-5.776461,0.848015,not_clean,-1
2189,3088606110101415,-7.967227,-0.616810,grouped,268
2190,3091680110102377,-6.083844,0.641752,not_clean,-1
2191,3088606060100297,-7.845771,-0.536255,grouped,38
2192,3088606110100190,-8.027836,-0.658829,grouped,278
2193,3088606060101017,-7.812894,-0.516379,grouped,67
2194,3091680110103416,-6.048044,0.657989,not_clean,-1
2195,3091680110101463,-6.091048,0.628694,not_clean,-1
2196,3088606110104879,-7.997752,-0.645897,grouped,37
2197,3088606110102388,-7.980027,-0.635971,grouped,38
2198,3088604060102034,-7.009531,0.008229,grouped,286
2199,3085118010103374,-8.155808,-0.759769,grouped,34
2200,3088606060107329,-7.723364,-0.471455,not_clean,-1
2201,3015022010104649,-7.436362,-0.280017,grouped,36
2202,3091681030106080,-6.309702,0.472446,not_clean,-1
2203,3091681030100590,-6.378096,0.425698,not_clean,-1
2204,3015022010102109,-7.287226,-0.182484,grouped,33
2205,3088606110102749,-8.104577,-0.728642,not_clean,-1
2206,3088604110101810,-5.736721,0.853164,grouped,69
2207,3088606060101093,-7.676724,-0.445118,grouped,285
2208,3088606020104600,-7.494151,-0.323200,grouped,288
2209,3088606020103296,-7.552939,-0.362566,grouped,269
2210,3088606020101626,-7.542948,-0.356302,not_clean,-1
2211,3015022010100153,-7.413354,-0.271989,grouped,27
2212,3091680110102681,-6.027464,0.652202,not_clean,-1
2213,3091680110102600,-6.192962,0.541384,not_clean,-1
2214,3088606110101535,-8.068019,-0.712698,not_clean,-1
2215,3015022010101792,-7.413021,-0.279673,grouped,66
2216,3091681040101843,-6.483023,0.341613,grouped,37
2217,3088606110101803,-8.062703,-0.718496,not_clean,-1
2218,3015022010100952,-7.312485,-0.218372,grouped,13
2219,3088606060102514,-7.706973,-0.482486,not_clean,-1
2220,3091681040100710,-6.495483,0.326756,grouped,30
2221,3085118010105396,-8.230796,-0.832815,not_clean,-1
2222,3088606110100879,-7.947880,-0.644953,grouped,290
2223,3088606110104510,-8.008372,-0.686294,grouped,40
2224,3085118010100292,-8.184718,-0.804718,not_clean,-1
2225,3091681100102954,-6.537085,0.294604,grouped,33
2226,3088606020101225,-7.524089,-0.364657,grouped,288
2227,3015022010102991,-7.286129,-0.206764,not_clean,-1
2228,3085118010100798,-8.171264,-0.799211,grouped,35
2229,3091680110102558,-6.185302,0.526828,not_clean,-1
2230,3085118010100363,-8.193097,-0.814068,grouped,27
2231,3088606110103348,-7.919354,-0.631755,grouped,35
2232,3015022010101101,-7.067170,-0.065094,not_clean,-1
2233,3088606020102099,-7.566824,-0.399166,not_clean,-1
2234,3088606110100843,-7.973739,-0.671601,not_clean,-1
2235,3091681030101644,-6.441906,0.349580,grouped,54
2236,3091681120100290,-6.857501,0.067892,not_clean,-1
2237,3015022010105102,-7.346532,-0.259375,grouped,22
2238,3085118010101204,-8.158735,-0.802060,grouped,50
2239,3088606060104173,-7.821634,-0.578157,grouped,33
2240,3085118010100005,-8.057336,-0.735871,grouped,51
2241,3085118010100525,-8.173170,-0.816491,grouped,30
2242,3015022010102570,-7.380356,-0.288081,not_clean,-1
2243,3088606020101613,-7.541645,-0.396445,grouped,38
2244,3088606060102679,-7.689129,-0.495187,grouped,33
2245,3088604110101193,-5.948594,0.666307,not_clean,-1
2246,3015022010102766,-7.182704,-0.157717,grouped,44
2247,3085118010102335,-8.052752,-0.738598,not_clean,-1
2248,3088606110102866,-7.923634,-0.652455,grouped,23
2249,3088606060103552,-7.829977,-0.591092,not_clean,-1
2250,3085118010101579,-8.150488,-0.808291,not_clean,-1
2251,3088604110103717,-5.746808,0.795980,not_clean,-1
2252,3091680110104744,-6.030548,0.606281,not_clean,-1
2253,3091681030105108,-6.371382,0.377418,not_clean,-1
2254,3015022010100008,-7.123041,-0.126366,not_clean,-1
2255,3091681060100267,-6.534948,0.265813,grouped,295
2256,3091680110101366,-5.988591,0.628539,grouped,304
2257,3015022010101897,-7.317980,-0.259337,grouped,17
2258,3088606110102186,-7.987334,-0.707834,not_clean,-1
2259,3088606020105502,-7.500918,-0.383506,grouped,264
2260,3088606020107196,-7.429915,-0.336844,grouped,37
2261,3088606110101304,-7.996213,-0.717385,grouped,13
2262,3085118010102372,-8.121212,-0.802472,grouped,22
2263,3015022010100367,-7.195996,-0.186469,not_clean,-1
2264,3015022010102149,-7.185333,-0.179464,grouped,34
2265,3088606020100793,-7.549736,-0.422990,grouped,32
2266,3085118010100198,-8.054612,-0.759992,not_clean,-1
2267,3088604110106325,-5.753787,0.774167,grouped,44
2268,3091680110102211,-6.177926,0.489670,not_clean,-1
2269,3088606060105361,-7.652496,-0.494340,not_clean,-1
2270,3015022010101848,-7.108180,-0.132736,grouped,47
2271,3088606060100311,-7.872572,-0.645163,grouped,38
2272,3091680110102753,-6.001527,0.603051,not_clean,-1
2273,3091681030100768,-6.265061,0.425695,not_clean,-1
2274,3085118010101570,-8.009053,-0.738068,not_clean,-1
2275,3091680110106446,-5.954361,0.632524,not_clean,-1
2276,3088606110103353,-7.975611,-0.716022,grouped,20
2277,3088606110102499,-7.979584,-0.719021,grouped,38
2278,3085118010100463,-8.185838,-0.857272,grouped,22
2279,3085118010100401,-8.173500,-0.851407,not_clean,-1
2280,3015022010104929,-7.355114,-0.306125,not_clean,-1
2281,3015022010101618,-7.304948,-0.272766,grouped,269
2282,3088606110101634,-7.945370,-0.702594,grouped,21
2283,3091681040102939,-6.481206,0.273078,grouped,300
2284,3085118010101716,-8.093440,-0.803570,not_clean,-1
2285,3088606110100302,-7.980678,-0.728423,not_clean,-1
2286,3091681060100139,-6.504420,0.255629,not_clean,-1
2287,3088606020102102,-7.430355,-0.362174,grouped,66
2288,3088606060106261,-7.660467,-0.517527,not_clean,-1
2289,3015022010105560,-7.269311,-0.256695,grouped,19
2290,3091681060101566,-6.599094,0.190176,not_clean,-1
2291,3088604110103526,-5.772873,0.737482,grouped,74
2292,3085118010100339,-8.221459,-0.895690,grouped,21
2293,3091681030102387,-6.318081,0.372553,not_clean,-1
2294,3091681120100917,-6.817427,0.034440,grouped,28
2295,3091681120100198,-6.835034,0.019944,grouped,291
2296,3091680110101104,-6.163515,0.466808,not_clean,-1
2297,3085118010101907,-8.163633,-0.867668,grouped,19
2298,3091680120104014,-6.203473,0.438980,not_clean,-1
2299,3088606020100487,-7.567134,-0.472143,grouped,305
2300,3015022010101584,-7.272036,-0.276248,not_clean,-1
2301,3088606110104861,-7.929343,-0.714820,grouped,21
2302,3015022010101009,-7.123935,-0.180159,not_clean,-1
2303,3085118010101270,-7.971703,-0.747615,grouped,17
2304,3088606020104513,-7.437071,-0.391315,grouped,39
2305,3085118010100688,-8.059527,-0.806255,grouped,22
2306,3091681120108664,-6.839946,0.004775,grouped,300
2307,3015022010104537,-7.355745,-0.339600,grouped,67
2308,3088606020103454,-7.412222,-0.377727,grouped,47
2309,3015022010102974,-7.252512,-0.271440,grouped,17
2310,3015022010100480,-7.322418,-0.319995,grouped,278
2311,3088606110105238,-7.906522,-0.709762,not_clean,-1
2312,3088604110102559,-5.645288,0.796348,grouped,295
2313,3088606060101761,-7.833055,-0.661992,grouped,27
2314,3088604110102430,-5.661281,0.785429,grouped,74
2315,3088606060103707,-7.625846,-0.524255,grouped,265
2316,3085118010101992,-8.151685,-0.874851,grouped,19
2317,3091681120100645,-6.926096,-0.064228,not_clean,-1
2318,3088606110102259,-7.877274,-0.699076,grouped,305
2319,3088604110105323,-5.679945,0.763077,grouped,71
2320,3088606020107701,-7.570047,-0.496536,not_clean,-1
2321,3082221010102683,-6.724780,0.064249,not_clean,-1
2322,3085118010101487,-8.063431,-0.828821,not_clean,-1
2323,3082221010100045,-6.697748,0.081128,not_clean,-1
2324,3091681030101334,-6.321709,0.329605,grouped,289
2325,3088606020102618,-7.539610,-0.482497,grouped,252
2326,3015022010101786,-7.198550,-0.255961,grouped,294
2327,3082221010103215,-6.701822,0.073320,not_clean,-1
2328,3088604110103253,-5.750174,0.705688,not_clean,-1
2329,3091681030102325,-6.245720,0.374617,not_clean,-1
2330,3088604110102326,-5.680515,0.750686,grouped,74
2331,3088604110103110,-5.625361,0.785138,not_clean,-1
2332,3082221010106531,-6.729543,0.049503,not_clean,-1
2333,3085118010100591,-8.076566,-0.849242,not_clean,-1
2334,3040443030100043,-4.307230,1.660782,grouped,258
2335,3091681030100240,-6.221801,0.386074,grouped,27
2336,3015022010100152,-7.263777,-0.308325,grouped,257
2337,3091681120100403,-6.874865,-0.049852,grouped,291
2338,3085118010101510,-8.127281,-0.885318,grouped,17
2339,3088606020107137,-7.437574,-0.425982,not_clean,-1
2340,3088606060103338,-7.650960,-0.568507,not_clean,-1
2341,3015022010103814,-7.227687,-0.286702,not_clean,-1
2342,3088604110103199,-5.736928,0.705786,not_clean,-1
2343,3088606020102536,-7.561900,-0.510062,grouped,267
2344,3082221010102103,-6.746772,0.032513,not_clean,-1
2345,3085118010101672,-8.164212,-0.912657,grouped,13
2346,3082221010101604,-6.598866,0.127158,not_clean,-1
2347,3088606110103142,-7.882008,-0.727800,grouped,305
2348,3085118010101382,-8.145208,-0.904526,grouped,15
2349,3015022010100192,-7.166089,-0.253086,grouped,35
2350,3091681030105728,-6.232570,0.367956,not_clean,-1
2351,3088604110103355,-5.671635,0.741374,grouped,256
2352,3085118010103665,-7.938165,-0.768115,grouped,291
2353,3015022010101367,-7.235739,-0.301307,not_clean,-1
2354,3088604110106489,-5.664276,0.744569,grouped,295
2355,3091680110104244,-5.996763,0.521015,not_clean,-1
2356,3091680110103995,-6.029262,0.498321,not_clean,-1
2357,3088604110104251,-5.638398,0.756664,not_clean,-1
2358,3091681040101916,-6.444641,0.219309,not_clean,-1
2359,3082221010104048,-6.747331,0.016689,not_clean,-1
2360,3015022010105657,-7.294309,-0.348188,not_clean,-1
2361,3088606020103645,-7.475479,-0.470686,grouped,40
2362,3088604110104356,-5.693395,0.715831,not_clean,-1
2363,3082221010100680,-6.571509,0.130437,grouped,289
2364,3015022010102509,-7.031941,-0.179973,grouped,31
2365,3085118010101513,-8.137999,-0.916618,grouped,22
2366,3091681120101952,-6.854040,-0.062246,grouped,27
2367,3088604110101086,-5.552392,0.801462,grouped,68
2368,3082221010102396,-6.748755,0.004515,not_clean,-1
2369,3040443030100002,-4.407078,1.562265,grouped,96
2370,3091679070103274,-5.914807,0.556330,grouped,37
2371,3082221010102286,-6.716266,0.022368,grouped,33
2372,3088606060103906,-7.749391,-0.665739,not_clean,-1
2373,3088606060102903,-7.661627,-0.607501,grouped,37
2374,3088604110103935,-5.748678,0.662489,not_clean,-1
2375,3085118010101549,-8.109648,-0.909992,grouped,22
2376,3085118010100770,-8.190746,-0.964230,grouped,267
2377,3091681120105308,-6.868079,-0.084424,not_clean,-1
2378,3088604110103680,-5.658165,0.720780,not_clean,-1
2379,3015022010105109,-7.231382,-0.326969,not_clean,-1
2380,3085118010102493,-8.073681,-0.889589,not_clean,-1
2381,3091681040102176,-6.395778,0.226899,not_clean,-1
2382,3085118010103920,-8.105549,-0.912827,not_clean,-1
2383,3088606060100632,-7.654274,-0.613090,grouped,33
2384,3085118010100596,-8.058811,-0.882300,not_clean,-1
2385,3085118010100305,-8.197187,-0.978691,grouped,21
2386,3085118010100112,-8.216691,-0.993953,grouped,252
2387,3091681040102692,-6.360096,0.241077,not_clean,-1
2388,3088604110102868,-5.694398,0.682198,not_clean,-1
2389,3085118010100186,-8.094967,-0.915180,not_clean,-1
2390,3088604110100830,-5.519779,0.797640,not_clean,-1
2391,3091681030100094,-6.262092,0.303665,grouped,140
2392,3088606110103954,-7.858066,-0.758273,grouped,22
2393,3088606010102194,-7.429740,-0.475102,grouped,30
2394,3088606060100959,-7.844724,-0.751295,not_clean,-1
2395,3085118010101558,-8.106135,-0.926317,grouped,44
2396,3091681120103577,-6.875896,-0.108290,grouped,27
2397,3091681040100322,-6.366150,0.229817,grouped,317
2398,3088606060101097,-7.646250,-0.623339,grouped,34
2399,3085118010100937,-8.053363,-0.894798,not_clean,-1
2400,3085118010100395,-8.076311,-0.911273,not_clean,-1
2401,3088604110100802,-5.646782,0.703516,not_clean,-1
2402,3088604110104833,-5.857472,0.563281,not_clean,-1
2403,3088604110103104,-5.771870,0.620074,not_clean,-1
2404,3088606010100662,-7.323334,-0.412747,grouped,34
2405,3088606060102479,-7.587047,-0.589719,not_clean,-1
2406,3091681030100275,-6.243695,0.303873,grouped,67
2407,3085118010102816,-7.911999,-0.807596,not_clean,-1
2408,3091681060104226,-6.458896,0.154235,not_clean,-1
2409,3091680120103592,-6.132232,0.370505,grouped,35
2410,3085118010101001,-8.164449,-0.981811,not_clean,-1
2411,3015022010103620,-7.095824,-0.271412,grouped,36
2412,3091680120100451,-5.995651,0.460253,grouped,27
2413,3088604070107432,-6.976388,-0.194586,not_clean,-1
2414,3088604110101438,-5.725179,0.637403,not_clean,-1
2415,3088606060100601,-7.525818,-0.560817,grouped,33
2416,3085118010100992,-8.196151,-1.008004,not_clean,-1
2417,3088606010104019,-7.347407,-0.446296,grouped,37
2418,3088604070103546,-7.264327,-0.392278,grouped,17
2419,3015022010101015,-7.024955,-0.233447,grouped,305
2420,3088604070107640,-6.926355,-0.168445,not_clean,-1
2421,3091681040103260,-6.295134,0.249827,grouped,34
2422,3085118010101202,-7.942416,-0.846189,grouped,22
2423,3088604110101663,-5.867172,0.533480,grouped,33
2424,3088604070103829,-6.880723,-0.141710,grouped,289
2425,3085118010100136,-8.076505,-0.936699,not_clean,-1
2426,3088606010104442,-7.419648,-0.501178,not_clean,-1
2427,3088606060103960,-7.658267,-0.662233,grouped,37
2428,3091681060100329,-6.474271,0.124049,not_clean,-1
2429,3085118010101821,-8.057573,-0.929574,grouped,305
2430,3091679070105116,-5.895723,0.507076,grouped,304
2431,3085118010101872,-8.141448,-0.985808,not_clean,-1
2432,3091680120102227,-6.073283,0.388616,grouped,37
2433,3091680120101087,-6.137766,0.345394,not_clean,-1
2434,3091680120100448,-6.094365,0.374098,grouped,32
2435,3088606010101497,-7.292421,-0.422419,not_clean,-1
2436,3088604110102245,-5.645029,0.672005,not_clean,-1
2437,3091681040101837,-6.386054,0.178729,not_clean,-1
2438,3085118010107309,-8.066003,-0.939052,not_clean,-1
2439,3088604110101509,-5.618432,0.686650,not_clean,-1
2440,3091681040104896,-6.184302,0.309883,not_clean,-1
2441,3085118010100151,-8.092174,-0.959564,not_clean,-1
2442,3088606110105570,-7.843109,-0.795155,grouped,24
2443,3085118010102036,-8.036221,-0.923902,not_clean,-1
2444,3085118010100520,-8.020861,-0.914499,not_clean,-1
2445,3082221010106819,-6.606344,0.023816,grouped,304
2446,3085118010100465,-8.102634,-0.970952,not_clean,-1
2447,3091681040103319,-6.188831,0.299555,grouped,324
2448,3015022010104339,-7.156246,-0.343815,grouped,17
2449,3085118010100128,-8.025298,-0.921731,not_clean,-1
2450,3015022010108355,-7.060099,-0.284515,not_clean,-1
2451,3091680120104074,-5.982673,0.431206,not_clean,-1
2452,3015022010103698,-7.019469,-0.257823,grouped,66
2453,3088604070105652,-6.949700,-0.212679,not_clean,-1
2454,3085118010101257,-8.076074,-0.961347,grouped,44
2455,3088606060102833,-7.636280,-0.669732,not_clean,-1
2456,3082221010103162,-6.524898,0.067882,grouped,67
2457,3091680120102379,-6.019698,0.402323,not_clean,-1
2458,3088606060102673,-7.727059,-0.732791,grouped,29
2459,3040443030100008,-4.287899,1.551644,not_clean,-1
2460,3085118010100583,-8.068992,-0.960136,not_clean,-1
2461,3088604110100744,-5.711627,0.605795,not_clean,-1
2462,3015022010105359,-7.104251,-0.320121,not_clean,-1
2463,3091681060100028,-6.452846,0.112143,not_clean,-1
2464,3091680120101057,-6.014539,0.402982,grouped,34
2465,3088604110101609,-5.829396,0.523714,not_clean,-1
2466,3085118010101630,-7.952208,-0.887239,not_clean,-1
2467,3088606060106051,-7.615217,-0.666138,not_clean,-1
2468,3091680120107429,-5.983997,0.416704,not_clean,-1
2469,3091681040102471,-6.199537,0.273497,not_clean,-1
2470,3088606010100769,-7.469902,-0.572692,not_clean,-1
2471,3088604110102914,-5.690308,0.609295,not_clean,-1
2472,3088604070101844,-7.112033,-0.335594,grouped,22
2473,3091679070103218,-5.855536,0.498779,not_clean,-1
2474,3082221010101299,-6.671654,-0.043958,grouped,66
2475,3082221010100961,-6.582661,0.015091,grouped,29
2476,3088606060103626,-7.696913,-0.727196,not_clean,-1
2477,3040443030100011,-4.297864,1.529760,grouped,93
2478,3085118010100389,-7.904770,-0.866695,not_clean,-1
2479,3085118010103623,-7.860596,-0.839473,not_clean,-1
2480,3091679070100534,-5.909672,0.456238,grouped,27
2481,3085118010105719,-7.855166,-0.837131,not_clean,-1
2482,3082221010103711,-6.603512,-0.006333,not_clean,-1
2483,3088604110102116,-5.759554,0.553700,not_clean,-1
2484,3088604110102052,-5.591247,0.664328,not_clean,-1
2485,3015022010106469,-7.042122,-0.299590,not_clean,-1
2486,3091680120102589,-6.095184,0.327174,not_clean,-1
2487,3091680120100669,-6.108049,0.317870,grouped,30
2488,3088606010102390,-7.292841,-0.469092,grouped,286
2489,3085118010102303,-8.021155,-0.953582,grouped,38
2490,3091681060103475,-6.433017,0.099941,not_clean,-1
2491,3088604070100017,-7.238260,-0.435114,not_clean,-1
2492,3088604070103214,-7.052297,-0.311793,grouped,278
2493,3082221010102865,-6.663574,-0.054727,not_clean,-1
2494,3085118010106243,-7.851894,-0.843834,not_clean,-1
2495,3085118010100191,-8.104408,-1.012048,grouped,288
2496,3091680120100136,-6.090642,0.324893,grouped,32
2497,3088604070106598,-7.238287,-0.437273,not_clean,-1
2498,3082221010101864,-6.651274,-0.047718,grouped,291
2499,3091680120103197,-6.107734,0.311982,not_clean,-1
2500,3082221010105103,-6.775396,-0.131643,not_clean,-1
2501,3085118010100518,-8.143861,-1.040403,not_clean,-1
2502,3040443030100023,-4.477952,1.392294,grouped,97
2503,3040443030100003,-4.177602,1.591227,grouped,96
2504,3082221010100043,-6.576486,-0.002301,grouped,27
2505,3088606010104143,-7.396534,-0.546846,grouped,278
2506,3082221010101668,-6.610031,-0.025663,grouped,291
2507,3085118010100615,-7.974660,-0.931905,not_clean,-1
2508,3040443030100006,-4.385786,1.450302,grouped,97
2509,3085118010100657,-7.964042,-0.926759,not_clean,-1
2510,3088604070103388,-7.226813,-0.439136,not_clean,-1
2511,3085118010100145,-8.072422,-1.000899,not_clean,-1
2512,3088606010102058,-7.300177,-0.489109,grouped,19
2513,3088606010105677,-7.330620,-0.511194,grouped,14
2514,3085118010102232,-7.932629,-0.911387,not_clean,-1
2515,3082221010102087,-6.559213,0.000227,grouped,291
2516,3085118010100342,-8.085830,-1.013342,grouped,44
2517,3088606010101396,-7.416766,-0.572556,grouped,35
2518,3085118010100120,-8.069504,-1.007202,not_clean,-1
2519,3085118010101329,-7.967841,-0.941023,grouped,44
2520,3091680120104083,-5.947635,0.399654,not_clean,-1
2521,3085118010104694,-8.049370,-0.995617,grouped,22
2522,3091680010102438,-5.428561,0.743440,grouped,34
2523,3088606060105278,-7.671066,-0.748162,grouped,37
2524,3085118010102566,-7.887272,-0.891688,not_clean,-1
2525,3085118010100464,-7.977123,-0.951417,not_clean,-1
2526,3088604070104317,-7.038707,-0.329274,grouped,33
2527,3088604070103065,-6.853359,-0.206837,not_clean,-1
2528,3088606060103407,-7.585179,-0.693688,grouped,38
2529,3088604070103331,-6.997442,-0.304638,not_clean,-1
2530,3088606060102467,-7.709624,-0.780442,not_clean,-1
2531,3085118010101592,-8.007053,-0.979577,not_clean,-1
2532,3085118010101621,-8.130444,-1.062574,not_clean,-1
2533,3085118010101961,-8.012420,-0.985912,not_clean,-1
2534,3085118010101445,-8.113007,-1.053728,not_clean,-1
2535,3091681040100687,-6.155449,0.244505,not_clean,-1
2536,3085118010100410,-8.135779,-1.069470,not_clean,-1
2537,3088604070105945,-7.144624,-0.412655,grouped,289
2538,3085118010101207,-7.952862,-0.949383,not_clean,-1
2539,3085118010102594,-8.102285,-1.048676,grouped,279
2540,3085118010100430,-7.973089,-0.963471,not_clean,-1
2541,3088604070106799,-6.972185,-0.299831,not_clean,-1
2542,3088606060101150,-7.695196,-0.780509,not_clean,-1
2543,3091681040102193,-6.327790,0.126299,not_clean,-1
2544,3082221010103089,-6.490775,0.017244,not_clean,-1
2545,3091681040101870,-6.205811,0.205846,not_clean,-1
2546,3088604110100159,-5.581047,0.618776,grouped,258
2547,3082221010100596,-6.586776,-0.048883,grouped,288
2548,3091680120103055,-6.056886,0.302623,not_clean,-1
2549,3088606010102434,-7.340166,-0.553084,not_clean,-1
2550,3082221010101601,-6.533137,-0.019459,grouped,44
2551,3091679070101820,-5.851171,0.431776,not_clean,-1
2552,3040443030100021,-4.093508,1.596300,grouped,256
2553,3040443030100036,-4.341959,1.430859,not_clean,-1
2554,3088604070107028,-7.044621,-0.361764,not_clean,-1
2555,3088604110100382,-5.465700,0.685278,grouped,15
2556,3091681060105078,-6.337362,0.106731,not_clean,-1
2557,3040443030100007,-4.375990,1.406426,grouped,97
2558,3082221010104658,-6.654182,-0.104523,not_clean,-1
2559,3088606010106031,-7.424587,-0.618392,not_clean,-1
2560,3082221010100113,-6.580717,-0.060718,grouped,28
2561,3088604110103963,-5.479810,0.667726,grouped,139
2562,3040443030100055,-4.297040,1.450541,not_clean,-1
2563,3088604110101745,-5.589768,0.593819,not_clean,-1
2564,3091681040102292,-6.222278,0.173661,not_clean,-1
2565,3091680120103165,-5.968241,0.341864,not_clean,-1
2566,3088604110101353,-5.687519,0.526534,not_clean,-1
2567,3088604110102035,-5.570104,0.603442,not_clean,-1
2568,3091679070100548,-5.805298,0.445117,not_clean,-1
2569,3082221010101239,-6.602888,-0.084013,grouped,300
2570,3088606060105054,-7.668859,-0.790797,not_clean,-1
2571,3088606010104999,-7.351327,-0.580436,grouped,38
2572,3085118010101171,-7.998514,-1.010055,not_clean,-1
2573,3085118010102526,-8.135031,-1.102281,grouped,50
2574,3088606010101808,-7.445352,-0.645578,grouped,20
2575,3088606010101358,-7.305123,-0.553939,grouped,37
2576,3082221010100765,-6.554386,-0.057908,not_clean,-1
2577,3085118010100544,-8.034049,-1.039220,grouped,278
2578,3091679070103152,-5.908526,0.369722,not_clean,-1
2579,3085118010100756,-7.985631,-1.007439,no_nh_contour,-1
2580,3040443030100018,-4.275858,1.450655,grouped,256
2581,3088604110102365,-5.712137,0.498775,not_clean,-1
2582,3082221010103281,-6.519381,-0.036731,grouped,37
2583,3088606060108334,-7.625245,-0.769973,grouped,35
2584,3088606010103971,-7.296025,-0.551910,grouped,20
2585,3088604070103064,-6.965060,-0.332746,not_clean,-1
2586,3088604110103091,-5.625217,0.555473,not_clean,-1
2587,3088604070103049,-6.831860,-0.245922,grouped,291
2588,3091679070101922,-5.779097,0.451990,not_clean,-1
2589,3091681040102882,-6.135509,0.213380,not_clean,-1
2590,3088606010104265,-7.223341,-0.507965,not_clean,-1
2591,3088606060107835,-7.538081,-0.716799,not_clean,-1
2592,3091681040103207,-6.195074,0.172724,not_clean,-1
2593,3091681060103127,-6.349297,0.070119,not_clean,-1
2594,3091679070101594,-5.880741,0.378050,grouped,35
2595,3082221010101533,-6.547666,-0.064087,not_clean,-1
2596,3088606060104586,-7.596735,-0.760082,not_clean,-1
2597,3091681040100030,-6.115978,0.220815,not_clean,-1
2598,3040443030100030,-4.323551,1.407216,not_clean,-1
2599,3091681040104201,-6.145041,0.200059,grouped,291
2600,3085118010102997,-8.032866,-1.052730,grouped,279
2601,3082221010102338,-6.639564,-0.129889,not_clean,-1
2602,3088604110101356,-5.586251,0.568035,not_clean,-1
2603,3085118010102112,-7.952704,-1.000699,grouped,17
2604,3088604110102668,-5.670295,0.511572,not_clean,-1
2605,3091679070102177,-5.768396,0.446258,not_clean,-1
2606,3091679070102466,-5.888778,0.365183,not_clean,-1
2607,3091681040103960,-6.130327,0.204902,grouped,38
2608,3088604110102496,-5.598659,0.556882,not_clean,-1
2609,3088604070106393,-6.942488,-0.334647,not_clean,-1
2610,3085118010101755,-8.110036,-1.110744,grouped,269
2611,3082221010101391,-6.491937,-0.038934,not_clean,-1
2612,3088604070103799,-6.818258,-0.255458,grouped,288
2613,3085118010100837,-8.061068,-1.078900,not_clean,-1
2614,3088604110102397,-5.604654,0.548355,not_clean,-1
2615,3082221010100963,-6.596676,-0.109530,not_clean,-1
2616,3040443030100015,-4.200739,1.476177,grouped,92
2617,3088604110102167,-5.630461,0.528962,grouped,33
2618,3085118010100539,-7.928290,-0.994583,not_clean,-1
2619,3088606010100430,-7.314900,-0.589002,not_clean,-1
2620,3088606060104735,-7.651049,-0.813079,not_clean,-1
2621,3088604070102051,-7.082602,-0.436721,not_clean,-1
2622,3085118010100685,-7.907978,-0.983689,grouped,44
2623,3088606010101229,-7.279240,-0.567330,not_clean,-1
2624,3091680120100018,-5.925193,0.329632,not_clean,-1
2625,3091681040102166,-6.196732,0.149591,grouped,31
2626,3088606010103059,-7.350181,-0.614794,not_clean,-1
2627,3091679050102243,-5.038357,0.914017,grouped,243
2628,3088606010103835,-7.220832,-0.532216,not_clean,-1
2629,3040443030100024,-4.277555,1.416855,not_clean,-1
2630,3040443030100019,-4.312268,1.392827,grouped,256
2631,3091679050108233,-5.129893,0.851365,grouped,18
2632,3088604110100763,-5.653755,0.504088,grouped,288
2633,3088604070106019,-7.027497,-0.407073,not_clean,-1
2634,3088604070100394,-6.846047,-0.287540,grouped,27
2635,3085118010101300,-8.025721,-1.071447,grouped,268
2636,3091680130101379,-6.063120,0.227418,grouped,291
2637,3091679070100820,-5.737129,0.442215,not_clean,-1
2638,3088604110101605,-5.706367,0.462074,not_clean,-1
2639,3088606010108397,-7.479588,-0.714556,not_clean,-1
2640,3091679050101275,-5.021440,0.912575,grouped,139
2641,3085118010100891,-8.059476,-1.100370,grouped,288
2642,3088606060102601,-7.504062,-0.733693,grouped,23
2643,3082221010101153,-6.574480,-0.119020,not_clean,-1
2644,3040443030100046,-4.204869,1.448713,grouped,93
2645,3088604070105386,-7.099356,-0.469782,not_clean,-1
2646,3091681050104692,-6.189669,0.131903,grouped,53
2647,3082221010102632,-6.531964,-0.096804,not_clean,-1
2648,3088606060104423,-7.665506,-0.851058,not_clean,-1
2649,3040443030100020,-4.351081,1.343020,grouped,139
2650,3088604070106553,-6.850362,-0.311859,not_clean,-1
2651,3088606010101350,-7.473488,-0.725338,grouped,27
2652,3085118010102561,-7.976833,-1.058683,grouped,269
2653,3085118010101183,-7.899498,-1.007821,not_clean,-1
2654,3088604110101163,-5.479517,0.593980,not_clean,-1
2655,3091680010103517,-5.339939,0.686094,grouped,17
2656,3088606010100304,-7.387662,-0.670304,grouped,27
2657,3088604070101059,-6.869489,-0.327756,not_clean,-1
2658,3088604110102485,-5.666932,0.468374,not_clean,-1
2659,3091681050108736,-6.216868,0.103932,not_clean,-1
2660,3085118010102928,-7.984065,-1.067194,not_clean,-1
2661,3088604070108116,-7.032282,-0.438324,not_clean,-1
2662,3082221010106089,-6.742523,-0.246914,not_clean,-1
2663,3088604110101754,-5.572722,0.525965,not_clean,-1
2664,3088604110102901,-5.462628,0.597058,not_clean,-1
2665,3088606010103390,-7.304442,-0.622431,grouped,279
2666,3085118010102293,-8.011443,-1.090456,not_clean,-1
2667,3082221010100882,-6.684140,-0.212312,grouped,27
2668,3040443030100004,-4.284439,1.375696,grouped,256
2669,3091679050102145,-5.113634,0.826056,grouped,106
2670,3088606010100117,-7.267337,-0.599711,grouped,265
2671,3082221010101357,-6.411952,-0.036644,grouped,22
2672,3091681050100504,-6.178453,0.117127,grouped,322
2673,3091679070100315,-5.832633,0.344722,grouped,13
2674,3091679050106876,-5.192526,0.768255,not_clean,-1
2675,3040443030100027,-4.235020,1.401461,not_clean,-1
2676,3082221010102575,-6.697256,-0.228197,grouped,305
2677,3091679050104680,-4.986690,0.903207,grouped,18
2678,3088606010101520,-7.187552,-0.554772,grouped,19
2679,3082221010102557,-6.685443,-0.222656,not_clean,-1
2680,3040443030100014,-4.368533,1.309407,grouped,256
2681,3085118010100024,-7.988737,-1.087229,grouped,27
2682,3011220080102117,-5.881697,0.304809,grouped,37
2683,3091679060104325,-5.349689,0.655825,not_clean,-1
2684,3085118010100898,-7.843265,-0.995890,grouped,285
2685,3091681050103051,-6.218694,0.076450,grouped,29
2686,3082221010103550,-6.562863,-0.153227,grouped,66
2687,3011220080103050,-6.073342,0.170538,not_clean,-1
2688,3085118010100413,-7.891587,-1.032447,grouped,301
2689,3040443030100042,-4.266652,1.363094,grouped,100
2690,3091681050103653,-6.155617,0.113266,not_clean,-1
2691,3085118010101829,-7.932882,-1.063080,grouped,45
2692,3091680010105121,-5.372030,0.631075,not_clean,-1
2693,3085118010102961,-7.825043,-0.992787,grouped,19
2694,3082221010104134,-6.377293,-0.036028,not_clean,-1
2695,3085118010101302,-8.091441,-1.170163,grouped,286
2696,3088604070100351,-7.120862,-0.528489,grouped,27
2697,3091681140101619,-6.780983,-0.303729,not_clean,-1
2698,3091679050102127,-4.967817,0.895658,grouped,13
2699,3082221010101910,-6.620480,-0.197854,not_clean,-1
2700,3091679050101908,-5.008503,0.868203,grouped,258
2701,3091681060101442,-6.329019,-0.005580,grouped,294
2702,3011220080102251,-5.895476,0.280093,grouped,37
2703,3082221010101699,-6.533809,-0.145986,not_clean,-1
2704,3088604070108351,-7.115639,-0.531065,not_clean,-1
2705,3091681060102783,-6.309628,0.001120,grouped,30
2706,3082221010104659,-6.733642,-0.279494,not_clean,-1
2707,3085118010102725,-8.067641,-1.162661,not_clean,-1
2708,3091679060101510,-5.256903,0.695467,not_clean,-1
2709,3011220080100944,-5.915330,0.259329,not_clean,-1
2710,3088606010100407,-7.199876,-0.590741,not_clean,-1
2711,3082221010100284,-6.490832,-0.122114,not_clean,-1
2712,3082221010101051,-6.495823,-0.126083,not_clean,-1
2713,3085118010103323,-8.006752,-1.125458,grouped,279
2714,3088606010102857,-7.458171,-0.762803,grouped,295
2715,3088606010102666,-7.242898,-0.620662,not_clean,-1
2716,3040443030100012,-4.237035,1.365859,not_clean,-1
2717,3091681050100646,-6.216344,0.056644,grouped,27
2718,3082221010100199,-6.624481,-0.213396,not_clean,-1
2719,3040443030100013,-4.324625,1.306488,grouped,106
2720,3011220080100020,-5.954938,0.228410,not_clean,-1
2721,3091679050104780,-5.102898,0.790171,not_clean,-1
2722,3040443030100016,-4.119254,1.439758,grouped,312
2723,3091679070103015,-5.662944,0.418845,not_clean,-1
2724,3085118010101218,-8.017083,-1.139084,grouped,52
2725,3085118010100351,-7.999080,-1.127673,not_clean,-1
2726,3040443030100029,-4.250167,1.348292,grouped,101
2727,3091679060101254,-5.239463,0.694265,grouped,278
2728,3088606010104640,-7.156763,-0.573670,grouped,22
2729,3088604070102989,-7.064040,-0.513631,not_clean,-1
2730,3091679060101021,-5.284067,0.662101,grouped,32
2731,3082221010100781,-6.660039,-0.248266,grouped,27
2732,3040443030100010,-4.223732,1.361452,grouped,92
2733,3091679050101983,-4.883225,0.924549,grouped,139
2734,3088604070102678,-6.893614,-0.404799,not_clean,-1
2735,3011220080102284,-5.920469,0.237985,not_clean,-1
2736,3091679070100276,-5.609699,0.440876,grouped,321
2737,3091679050106772,-4.886840,0.918321,nan_hardness,-1
2738,3011220080102254,-6.096982,0.118051,not_clean,-1
2739,3091680010101429,-5.387585,0.586705,not_clean,-1
2740,3088606010100518,-7.251313,-0.646431,grouped,286
2741,3088606010103757,-7.257833,-0.654072,not_clean,-1
2742,3088606010100481,-7.225614,-0.636303,grouped,44
2743,3011220080102739,-5.827236,0.287311,grouped,300
2744,3011220080102225,-5.921943,0.223647,not_clean,-1
2745,3091679050101424,-4.939214,0.872060,grouped,304
2746,3091679070102684,-5.502029,0.499813,not_clean,-1
2747,3088606010103510,-7.159260,-0.599767,grouped,33
2748,3011220080102231,-5.801267,0.297142,not_clean,-1
2749,3091679050103420,-4.897696,0.894064,grouped,331
2750,3091679050100033,-4.973834,0.842411,grouped,109
2751,3040443030100017,-4.232296,1.331478,grouped,256
2752,3088606010100021,-7.257142,-0.668307,grouped,265
2753,3091679060103419,-5.231878,0.666293,grouped,34
2754,3091679060102233,-5.341639,0.593041,not_clean,-1
2755,3088606010102408,-7.188016,-0.627441,grouped,0
2756,3091679050102809,-5.015632,0.806645,grouped,21
2757,3085118010104152,-7.985184,-1.155543,grouped,51
2758,3040443030100005,-4.361142,1.235712,grouped,106
2759,3091681050104202,-6.204336,0.016791,grouped,33
2760,3082221010101074,-6.536770,-0.203204,grouped,291
2761,3091679070106368,-5.662905,0.372472,not_clean,-1
2762,3088606010102168,-7.218455,-0.657211,grouped,51
2763,3085118010103034,-7.863327,-1.083947,grouped,267
2764,3082221010101579,-6.524031,-0.202756,not_clean,-1
2765,3088606010100125,-7.269017,-0.696954,grouped,44
2766,3091679050105486,-5.066728,0.757719,not_clean,-1
2767,3091679050103250,-4.851815,0.898758,grouped,139
2768,3091679070102462,-5.595417,0.407040,grouped,322
2769,3086117120103237,-7.103295,-0.589241,grouped,286
2770,3011220080100200,-5.768049,0.291626,grouped,137
2771,3091679070100624,-5.588629,0.409466,grouped,321
2772,3091680010102670,-5.387425,0.541985,not_clean,-1
2773,3082221010104612,-6.597513,-0.260104,not_clean,-1
2774,3091679070101608,-5.483595,0.475630,grouped,36
2775,3091679070104769,-5.660706,0.358564,grouped,31
2776,3091680010105832,-5.453356,0.494712,grouped,36
2777,3011220080100703,-5.897102,0.201414,not_clean,-1
2778,3088606010102499,-7.206049,-0.664204,grouped,44
2779,3040443030100001,-4.067405,1.407851,grouped,68
2780,3088606010103242,-7.185352,-0.653114,grouped,4
2781,3091679070100294,-5.601078,0.392895,not_clean,-1
2782,3088606010102669,-7.260074,-0.703277,grouped,44
2783,3085118010102211,-7.925724,-1.143382,grouped,279
2784,3091679070103350,-5.550764,0.423582,not_clean,-1
2785,3091679050105541,-5.178422,0.667198,not_clean,-1
2786,3091679060101963,-5.346727,0.555031,not_clean,-1
2787,3091679070103084,-5.674300,0.337754,not_clean,-1
2788,3088606010102815,-7.320156,-0.750177,grouped,286
2789,3082221010100384,-6.322477,-0.092223,not_clean,-1
2790,3011220080102893,-5.822434,0.237299,grouped,21
2791,3082221010100545,-6.453366,-0.179671,not_clean,-1
2792,3091679050101674,-5.033273,0.757267,not_clean,-1
2793,3091679060100799,-5.351089,0.545856,grouped,104
2794,3091679050105756,-5.039525,0.750797,not_clean,-1
2795,3086117120104814,-6.922646,-0.492898,not_clean,-1
2796,3091679050104592,-5.016673,0.764642,grouped,23
2797,3082221010101891,-6.608144,-0.286937,grouped,66
2798,3011220080100051,-5.811418,0.238917,not_clean,-1
2799,3086014010107713,-7.818515,-1.089740,grouped,281
2800,3091679070104400,-5.483959,0.450908,not_clean,-1
2801,3091679060100065,-5.288400,0.579583,not_clean,-1
2802,3091679060100487,-5.359825,0.530623,not_clean,-1
2803,3088606010107978,-7.175042,-0.668068,not_clean,-1
2804,3082221010101885,-6.564339,-0.268141,not_clean,-1
2805,3082221010100494,-6.534889,-0.248732,grouped,300
2806,3091679060101070,-5.233254,0.609005,grouped,41
2807,3040443030100009,-4.106052,1.351839,grouped,96
2808,3091679050100368,-4.918871,0.815666,grouped,331
2809,3091679050103709,-4.939621,0.801679,not_clean,-1
2810,3082221010100035,-6.552532,-0.265054,not_clean,-1
2811,3091679050103767,-5.100624,0.693165,grouped,304
2812,3011220080103471,-6.093120,0.037715,not_clean,-1
2813,3088606010100683,-7.339698,-0.785084,grouped,46
2814,3082221010102389,-6.628755,-0.315990,not_clean,-1
2815,3011220080101658,-5.891370,0.170235,grouped,17
2816,3091679060102458,-5.199722,0.623356,grouped,34
2817,3086014010102719,-7.924030,-1.174263,not_clean,-1
2818,3091679070101185,-5.666406,0.314122,not_clean,-1
2819,3011220080102488,-5.871244,0.177610,grouped,300
2820,3086014010102417,-7.829397,-1.117557,grouped,14
2821,3086117120103552,-7.121493,-0.652552,grouped,7
2822,3086117120100828,-7.125888,-0.656042,grouped,268
2823,3086117120103846,-7.153785,-0.675770,grouped,53
2824,3091679050104109,-5.067708,0.700352,not_clean,-1
2825,3091679050102524,-4.990790,0.750085,grouped,9
2826,3091679060101010,-5.354043,0.509934,not_clean,-1
2827,3088606010103601,-7.250491,-0.741386,grouped,1
2828,3091679050103932,-4.845707,0.844645,grouped,243
2829,3082221010100180,-6.530130,-0.266781,grouped,27
2830,3091679070100829,-5.489187,0.418468,not_clean,-1
2831,3091679060104533,-5.186064,0.617479,grouped,313
2832,3011220080102436,-5.868308,0.167010,grouped,9
2833,3088606010101180,-7.203959,-0.714742,grouped,44
2834,3091679050104369,-5.085409,0.682529,grouped,17
2835,3091681050104824,-6.138040,-0.012402,not_clean,-1
2836,3091680010100433,-5.393624,0.478095,not_clean,-1
2837,3011220140103607,-6.093435,0.014053,not_clean,-1
2838,3011220080101324,-5.778365,0.221309,grouped,324
2839,3091679070102549,-5.520235,0.389492,grouped,139
2840,3091679060102173,-5.206025,0.595850,grouped,139
2841,3091679050105157,-4.863659,0.821358,grouped,331
2842,3091679070101489,-5.492476,0.405656,not_clean,-1
2843,3091679070103867,-5.574682,0.347274,grouped,308
2844,3082221010100757,-6.413277,-0.207463,grouped,30
2845,3091680020103728,-5.418685,0.447809,not_clean,-1
2846,3091679070102002,-5.653287,0.290750,not_clean,-1
2847,3011220080102439,-5.825702,0.176694,not_clean,-1
2848,3091679050101404,-4.823038,0.836846,grouped,68
2849,3011220080100068,-6.035243,0.037407,not_clean,-1
2850,3091679070101904,-5.499824,0.389078,not_clean,-1
2851,3088606010105482,-7.324843,-0.814371,not_clean,-1
2852,3091679050101556,-4.982243,0.729555,grouped,21
2853,3091680020102498,-5.470187,0.407563,not_clean,-1
2854,3069403010104042,-6.618991,-0.353634,not_clean,-1
2855,3086117120102987,-7.094331,-0.668213,grouped,0
2856,3091679060101755,-5.256998,0.540398,grouped,29
2857,3091679050107504,-5.058448,0.670983,not_clean,-1
2858,3091680010102956,-5.379872,0.458829,not_clean,-1
2859,3091679060100755,-5.225497,0.559939,grouped,313
2860,3091680020102025,-5.458709,0.405955,not_clean,-1
2861,3086117120102913,-7.042113,-0.640698,grouped,298
2862,3091680020103961,-5.439750,0.415267,not_clean,-1
2863,3091681070102898,-6.111858,-0.028343,grouped,29
2864,3088606010101062,-7.308673,-0.821708,not_clean,-1
2865,3091679050105134,-5.087625,0.640832,not_clean,-1
2866,3086117120102797,-6.974857,-0.603255,grouped,28
2867,3069403010103036,-6.690320,-0.416624,not_clean,-1
2868,3091679050102945,-4.831567,0.807407,grouped,23
2869,3011220080105162,-5.821700,0.154334,grouped,137
2870,3091679060101872,-5.334015,0.475493,not_clean,-1
2871,3086117120102747,-7.111382,-0.696102,grouped,44
2872,3091680020101740,-5.492556,0.370723,grouped,291
2873,3088606010105983,-7.276619,-0.805387,not_clean,-1
2874,3091679050100453,-4.940437,0.734059,grouped,68
2875,3069403010102428,-6.610187,-0.369125,not_clean,-1
2876,3091679050106540,-4.875802,0.772909,grouped,7
2877,3088606010104358,-7.163043,-0.734401,grouped,7
2878,3088606010103071,-7.245810,-0.791685,grouped,295
2879,3091679060103115,-5.209402,0.548622,grouped,36
2880,3091679050105521,-5.040194,0.659897,not_clean,-1
2881,3091679050104890,-4.879416,0.765657,not_clean,-1
2882,3011220080100390,-6.030446,0.006140,not_clean,-1
2883,3088606010105764,-7.224863,-0.782063,grouped,79
2884,3091679050108002,-5.084685,0.627831,not_clean,-1
2885,3074361010101537,-5.636457,0.263840,not_clean,-1
2886,3086117120103655,-7.133229,-0.722961,grouped,2
2887,3011220080100951,-5.705694,0.216895,not_clean,-1
2888,3091679050105685,-4.963726,0.704569,grouped,17
2889,3091679050101249,-5.139428,0.586330,grouped,36
2890,3011220080100715,-5.725005,0.199106,grouped,44
2891,3069403010100072,-6.668804,-0.423252,grouped,46
2892,3069403010100811,-6.704319,-0.447294,grouped,301
2893,3091679060100053,-5.298374,0.478769,grouped,29
2894,3074361010102345,-5.556704,0.308543,not_clean,-1
2895,3082221010101251,-6.455548,-0.284078,not_clean,-1
2896,3011220080102619,-5.673677,0.230398,not_clean,-1
2897,3082221010100653,-6.451657,-0.283074,not_clean,-1
2898,3086117120102076,-6.928002,-0.596945,grouped,37
2899,3091679060103484,-5.286606,0.483279,grouped,313
2900,3091679050101619,-5.056260,0.634078,grouped,322
2901,3011220080102819,-6.028832,-0.007056,not_clean,-1
2902,3082221010100002,-6.450668,-0.286470,not_clean,-1
2903,3069403010105825,-6.684882,-0.443508,grouped,304
2904,3011220080101402,-5.867166,0.091697,not_clean,-1
2905,3091679060100783,-5.194656,0.534349,not_clean,-1
2906,3091681070103406,-6.090569,-0.056746,grouped,27
2907,3086117120104309,-7.023181,-0.671836,not_clean,-1
2908,3088606010102526,-7.183126,-0.777791,grouped,289
2909,3069403010105437,-6.787738,-0.517826,grouped,37
2910,3011220080100004,-5.706821,0.192530,not_clean,-1
2911,3069403010100082,-6.833409,-0.550739,grouped,27
2912,3011220080101033,-5.853866,0.093271,grouped,31
2913,3088604010107545,-4.702917,0.849664,grouped,85
2914,3074361010100137,-5.602225,0.257411,not_clean,-1
2915,3091680020101206,-5.327957,0.437271,grouped,36
2916,3011220080102080,-5.710383,0.185369,not_clean,-1
2917,3091679060100460,-5.287348,0.462527,grouped,109
2918,3069403010104141,-6.588252,-0.394273,not_clean,-1
2919,3086117120104031,-7.125150,-0.749038,not_clean,-1
2920,3082221010104008,-6.386468,-0.262944,not_clean,-1
2921,3074361010103105,-5.548138,0.288686,not_clean,-1
2922,3091679050103606,-5.122696,0.568229,not_clean,-1
2923,3011220080101631,-5.714282,0.177148,not_clean,-1
2924,3091679050103006,-5.070684,0.600826,not_clean,-1
2925,3091679060100791,-5.171939,0.531389,grouped,34
2926,3091680020102196,-5.505961,0.310882,not_clean,-1
2927,3074361010100098,-5.604748,0.245431,not_clean,-1
2928,3088604010103811,-4.682536,0.850415,grouped,84
2929,3069403010102994,-6.568517,-0.391217,grouped,288
2930,3091679050105918,-5.044040,0.608693,not_clean,-1
2931,3074361010100551,-5.540602,0.279837,grouped,31
2932,3069403010100318,-6.699064,-0.482945,grouped,37
2933,3074361010100612,-5.555029,0.269546,not_clean,-1
2934,3069403010102404,-6.591390,-0.415935,grouped,301
2935,3088604010100954,-4.797452,0.763862,grouped,1
2936,3069403010102098,-6.727378,-0.506908,grouped,294
2937,3011220080100890,-5.927386,0.018696,grouped,141
2938,3091681070100709,-6.233017,-0.184288,grouped,31
2939,3011220080100363,-5.940977,0.007863,not_clean,-1
2940,3074361010100314,-5.528825,0.277577,grouped,37
2941,3088606010101877,-7.216088,-0.832819,grouped,80
2942,3088604010106774,-4.627549,0.869750,not_clean,-1
2943,3091680020101274,-5.369589,0.380262,not_clean,-1
2944,3011220080100949,-5.727989,0.143596,grouped,9
2945,3069403010102406,-6.587110,-0.421921,not_clean,-1
2946,3088604010106203,-4.672124,0.837184,not_clean,-1
2947,3091680020102412,-5.350832,0.389896,not_clean,-1
2948,3082221010101639,-6.455630,-0.337405,not_clean,-1
2949,3091679060101706,-5.268988,0.442688,grouped,136
2950,3086117120101945,-6.832417,-0.588472,grouped,288
2951,3091681070102347,-6.052254,-0.076878,not_clean,-1
2952,3091680020102506,-5.412161,0.341958,grouped,140
2953,3011220080102015,-5.855252,0.049293,grouped,141
2954,3069403010103209,-6.709091,-0.513493,not_clean,-1
2955,3069403010101140,-6.648831,-0.474763,not_clean,-1
2956,3069403010102026,-6.679140,-0.495058,grouped,301
2957,3091680020102505,-5.404337,0.341419,not_clean,-1
2958,3091679060103965,-5.179279,0.488616,not_clean,-1
2959,3088604010102811,-4.692471,0.808219,grouped,136
2960,3069403010102413,-6.685178,-0.503076,grouped,33
2961,3088604010101122,-4.554182,0.898700,grouped,68
2962,3086117120106805,-7.025106,-0.727053,not_clean,-1
2963,3074361010102169,-5.495933,0.278804,not_clean,-1
2964,3091681080100279,-6.316721,-0.261761,grouped,6
2965,3069403010107764,-6.723374,-0.529548,not_clean,-1
2966,3011220080101078,-5.707339,0.138226,grouped,9
2967,3088604010101324,-4.711040,0.793276,grouped,136
2968,3088604010101262,-4.666086,0.822656,grouped,139
2969,3088606010102210,-7.130787,-0.799727,grouped,286
2970,3074361010101636,-5.591830,0.212510,not_clean,-1
2971,3011220080102707,-6.030742,-0.076758,not_clean,-1
2972,3086117120107949,-6.900416,-0.650132,not_clean,-1
2973,3069403010103439,-6.668286,-0.498581,grouped,301
2974,3011220080100128,-5.713307,0.129574,grouped,9
2975,3074361010101080,-5.620422,0.189226,not_clean,-1
2976,3088604010102033,-4.711490,0.784125,grouped,133
2977,3011220080101759,-5.659842,0.160251,grouped,137
2978,3074361010100034,-5.534758,0.242281,not_clean,-1
2979,3086117120103833,-6.982470,-0.710484,grouped,17
2980,3091681070104003,-6.111317,-0.138148,grouped,1
2981,3088606010104303,-7.131152,-0.810082,grouped,1
2982,3074361010100826,-5.481811,0.272417,grouped,308
2983,3091679050100343,-5.013625,0.579724,grouped,28
2984,3074361010103479,-5.617160,0.179545,not_clean,-1
2985,3091681070103578,-6.053377,-0.108094,not_clean,-1
2986,3086117120104445,-7.039693,-0.757439,not_clean,-1
2987,3091679050102996,-5.109849,0.510631,grouped,29
2988,3091679050102774,-4.843264,0.684855,not_clean,-1
2989,3011220080102832,-5.992461,-0.073382,not_clean,-1
2990,3088606010108748,-7.151063,-0.835788,not_clean,-1
2991,3074361010100398,-5.501698,0.247768,grouped,104
2992,3091679060102525,-5.212106,0.437021,grouped,137
2993,3091679050101537,-5.038666,0.548681,not_clean,-1
2994,3088606010100795,-7.135196,-0.830459,grouped,295
2995,3091681070103131,-6.263295,-0.257363,grouped,301
2996,3074361010102320,-5.478555,0.255444,not_clean,-1
2997,3088606010101158,-7.171091,-0.857165,grouped,295
2998,3011220080101828,-5.872616,-0.004365,grouped,5
2999,3091679050102782,-5.084526,0.512766,grouped,35
3000,3088604010102396,-4.807510,0.694505,not_clean,-1
3001,3088604010105908,-4.669883,0.783108,nan_hardness,-1
3002,3091681070102125,-6.075816,-0.141169,not_clean,-1
3003,3011220080101364,-5.636670,0.147328,not_clean,-1
3004,3067393010100526,-6.626329,-0.504154,not_clean,-1
3005,3091680020101250,-5.378161,0.314427,not_clean,-1
3006,3088604010104793,-4.579470,0.836254,grouped,106
3007,3067393010100487,-6.592775,-0.486895,grouped,301
3008,3011220080102667,-5.916818,-0.043121,not_clean,-1
3009,3074361010100078,-5.460332,0.255362,not_clean,-1
3010,3074361010100005,-5.542746,0.199177,grouped,253
3011,3091679050103750,-4.832056,0.665244,grouped,29
3012,3091679060102752,-5.114750,0.478876,not_clean,-1
3013,3086117120100022,-6.897007,-0.695915,grouped,27
3014,3091681070100510,-6.186414,-0.229318,grouped,301
3015,3091679050100835,-5.039539,0.524189,grouped,30
3016,3086117120105039,-6.855138,-0.669687,grouped,44
3017,3067393010102890,-6.508739,-0.443411,not_clean,-1
3018,3074361010101221,-5.450428,0.250404,not_clean,-1
3019,3091680020102015,-5.387198,0.291258,grouped,322
3020,3011220080100227,-5.685847,0.095000,not_clean,-1
3021,3088604010101040,-4.778660,0.690138,grouped,256
3022,3011220080101981,-5.901069,-0.047599,not_clean,-1
3023,3091681080104366,-6.359957,-0.349841,grouped,53
3024,3067393010101135,-6.518963,-0.458095,not_clean,-1
3025,3067393010100415,-6.493954,-0.442248,not_clean,-1
3026,3091679050103705,-5.012870,0.530344,not_clean,-1
3027,3088604010103031,-4.513149,0.858100,grouped,256
3028,3067393010105739,-6.555759,-0.485870,not_clean,-1
3029,3011220080101682,-5.685406,0.085517,not_clean,-1
3030,3074361010100986,-5.558745,0.168652,grouped,20
3031,3091681070102394,-6.065120,-0.164751,grouped,27
3032,3086117120103289,-6.895690,-0.711970,grouped,49
3033,3074361010102950,-5.590321,0.138254,not_clean,-1
3034,3067393010102134,-6.488677,-0.451824,not_clean,-1
3035,3074361010100834,-5.513487,0.186275,grouped,137
3036,3091681090107355,-6.035981,-0.157103,grouped,30
3037,3074361010101738,-5.395609,0.262275,not_clean,-1
3038,3091681090103937,-6.049758,-0.170472,grouped,32
3039,3086117120101050,-6.804526,-0.666064,grouped,10
3040,3074361010103148,-5.573606,0.141751,not_clean,-1
3041,3074361010101838,-5.578582,0.134660,grouped,21
3042,3011220080102855,-5.829629,-0.030203,grouped,292
3043,3069403010101222,-6.683221,-0.590845,not_clean,-1
3044,3074361010102323,-5.444210,0.222034,grouped,140
3045,3091681080104495,-6.098707,-0.208695,grouped,292
3046,3011220080101481,-5.712544,0.044257,grouped,317
3047,3074361010100148,-5.388828,0.255636,grouped,138
3048,3091680020102105,-5.280599,0.326311,not_clean,-1
3049,3091681080100213,-6.235218,-0.301014,grouped,10
3050,3091679050103079,-4.997658,0.509649,grouped,37
3051,3088604010102587,-4.572810,0.788174,not_clean,-1
3052,3091679060104309,-5.162339,0.400494,not_clean,-1
3053,3067393010101621,-6.501711,-0.478875,not_clean,-1
3054,3091680020101195,-5.270513,0.329086,not_clean,-1
3055,3067393010100428,-6.492774,-0.476378,grouped,66
3056,3091681080101311,-6.171471,-0.265472,not_clean,-1
3057,3091679050103241,-4.945026,0.539318,grouped,35
3058,3088604010103561,-4.582174,0.776443,grouped,258
3059,3011220080100921,-5.725158,0.026029,not_clean,-1
3060,3074361010101466,-5.414977,0.227711,not_clean,-1
3061,3088604010104002,-4.682505,0.708262,not_clean,-1
3062,3088604010104139,-4.639143,0.735289,not_clean,-1
3063,3074361010102230,-5.423683,0.218380,not_clean,-1
3064,3074361010101903,-5.380564,0.246119,grouped,33
3065,3091679060107045,-5.075855,0.444752,not_clean,-1
3066,3088604010105384,-4.703590,0.688552,not_clean,-1
3067,3091680020100214,-5.287739,0.304780,grouped,321
3068,3088604010102627,-4.714014,0.680213,not_clean,-1
3069,3088604010105302,-4.789742,0.629644,grouped,80
3070,3088604010101822,-4.679224,0.701454,grouped,80
3071,3088604010101153,-4.612316,0.744470,grouped,256
3072,3067393010100845,-6.455687,-0.465665,grouped,66
3073,3074361010100765,-5.437254,0.202662,not_clean,-1
3074,3074361010102454,-5.560818,0.120693,grouped,17
3075,3088604010100009,-4.554286,0.780270,grouped,68
3076,3074361010100537,-5.495791,0.161160,grouped,137
3077,3091679050100541,-4.982821,0.495374,grouped,68
3078,3074361010100233,-5.442644,0.193025,grouped,308
3079,3091681080101736,-6.080147,-0.225498,grouped,46
3080,3091681090100887,-6.013846,-0.183372,grouped,85
3081,3074361010102141,-5.489185,0.160791,grouped,33
3082,3091681080101108,-6.358146,-0.409684,grouped,46
3083,3091681080100336,-6.295525,-0.368982,grouped,6
3084,3091680020100905,-5.300313,0.281654,not_clean,-1
3085,3069403010101267,-6.747716,-0.670827,not_clean,-1
3086,3074361010101386,-5.365848,0.235646,not_clean,-1
3087,3088604010106256,-4.473507,0.820641,grouped,128
3088,3091681080102027,-6.296718,-0.375849,grouped,301
3089,3091681010100706,-6.006066,-0.189389,not_clean,-1
3090,3091681010101530,-6.126076,-0.270315,grouped,291
3091,3011220080100326,-5.667011,0.029965,grouped,317
3092,3088604010103678,-4.655385,0.693067,grouped,256
3093,3091680030101292,-5.327397,0.252067,grouped,30
3094,3074361010102466,-5.481637,0.150071,not_clean,-1
3095,3011220080101480,-5.704654,0.002335,grouped,317
3096,3088604010100749,-4.458504,0.819316,grouped,68
3097,3091679060103734,-5.062799,0.422992,not_clean,-1
3098,3086117120100134,-6.863966,-0.761724,grouped,80
3099,3091680030105237,-5.241795,0.301574,grouped,141
3100,3011220080100025,-5.778559,-0.051241,not_clean,-1
3101,3074361010101204,-5.453378,0.159562,grouped,140
3102,3088603100106680,-4.424666,0.832505,not_clean,-1
3103,3088604010100250,-4.708670,0.646157,grouped,331
3104,3091680030100844,-5.247205,0.291650,grouped,300
3105,3091679050100737,-4.898741,0.519594,not_clean,-1
3106,3088604010101383,-4.501571,0.779853,grouped,68
3107,3088604010101184,-4.521419,0.766803,not_clean,-1
3108,3091679050102199,-4.941644,0.490408,grouped,34
3109,3091681010103496,-6.064665,-0.246852,grouped,304
3110,3040568020100816,-6.499788,-0.533128,grouped,34
3111,3011220140102257,-5.911499,-0.149630,not_clean,-1
3112,3091679090102687,-5.238125,0.291643,not_clean,-1
3113,3040568020100246,-6.538156,-0.560920,not_clean,-1
3114,3088604010102235,-4.638761,0.684022,grouped,139
3115,3069403010101414,-6.751453,-0.701682,grouped,4
3116,3088604010104946,-4.489358,0.779877,grouped,256
3117,3088604010100890,-4.627446,0.688193,grouped,80
3118,3091680030103868,-5.261678,0.271712,not_clean,-1
3119,3040568020100009,-6.443113,-0.503662,not_clean,-1
3120,3091679050103190,-4.865895,0.530088,not_clean,-1
3121,3074361010100598,-5.455641,0.142772,not_clean,-1
3122,3069403010105580,-6.738407,-0.698480,grouped,4
3123,3091680030101870,-5.287874,0.251380,not_clean,-1
3124,3091680030104296,-5.292911,0.247495,not_clean,-1
3125,3091679060101609,-5.169823,0.326922,not_clean,-1
3126,3091681080101128,-6.263882,-0.393711,not_clean,-1
3127,3011220140100239,-5.636470,0.015839,not_clean,-1
3128,3088604010103551,-4.645695,0.664439,grouped,106
3129,3074361010103208,-5.431234,0.149220,grouped,140
3130,3074361010101992,-5.348953,0.202119,grouped,265
3131,3074361010101632,-5.358983,0.194922,not_clean,-1
3132,3091680030101821,-5.248306,0.266605,grouped,324
3133,3091679060101481,-5.081944,0.374807,not_clean,-1
3134,3086117120101737,-6.861277,-0.793076,not_clean,-1
3135,3088604010106937,-4.648853,0.655120,grouped,80
3136,3091679060102548,-5.177163,0.308699,not_clean,-1
3137,3088604010101830,-4.572399,0.703792,grouped,331
3138,3091679060101952,-5.044281,0.393395,grouped,139
3139,3088604010105381,-4.675483,0.632376,grouped,139
3140,3040568020102269,-6.415564,-0.508193,grouped,35
3141,3091679060103246,-5.057340,0.381055,not_clean,-1
3142,3091679060103554,-5.010508,0.410685,grouped,322
3143,3091681010103969,-6.059408,-0.279318,not_clean,-1
3144,3088604010100387,-4.568938,0.696591,grouped,256
3145,3088604010100434,-4.560693,0.700582,grouped,256
3146,3067393010101733,-6.655513,-0.674365,not_clean,-1
3147,3074361010104365,-5.348355,0.178523,grouped,137
3148,3040568020100259,-6.443375,-0.542283,not_clean,-1
3149,3088604010101778,-4.551413,0.696412,grouped,256
3150,3067393010100603,-6.625213,-0.662096,grouped,21
3151,3091680030100413,-5.300182,0.203492,grouped,278
3152,3091679050103721,-4.822416,0.515230,grouped,17
3153,3091680040100637,-5.315791,0.189950,grouped,138
3154,3067393010102124,-6.662156,-0.692447,not_clean,-1
3155,3091681080105279,-6.242948,-0.421550,not_clean,-1
3156,3088604010103577,-4.566499,0.675265,grouped,324
3157,3091679110103171,-5.305935,0.190576,grouped,138
3158,3091679090103355,-5.211575,0.251706,not_clean,-1
3159,3074361010103273,-5.359845,0.153554,grouped,138
3160,3074361010103193,-5.350425,0.158122,grouped,294
3161,3067393010101196,-6.680959,-0.716669,not_clean,-1
3162,3040568020100854,-6.492368,-0.594379,not_clean,-1
3163,3091679090102492,-5.148464,0.284077,not_clean,-1
3164,3088604010101337,-4.756588,0.540115,grouped,136
3165,3088603100102613,-4.264509,0.858687,grouped,256
3166,3086117120103194,-6.873779,-0.853950,grouped,67
3167,3040568020101065,-6.479066,-0.597143,not_clean,-1
3168,3091679090102128,-5.147083,0.273632,grouped,136
3169,3088604010106027,-4.522729,0.681659,not_clean,-1
3170,3091679090101525,-5.188139,0.245643,not_clean,-1
3171,3040568020100093,-6.423817,-0.563436,grouped,37
3172,3091679080106751,-4.756576,0.527773,grouped,308
3173,3088603100103088,-4.455526,0.724633,grouped,7
3174,3040568020100608,-6.550150,-0.646753,not_clean,-1
3175,3088604010102916,-4.513633,0.685571,not_clean,-1
3176,3088604010102815,-4.635100,0.604648,not_clean,-1
3177,3091679060103474,-5.098587,0.300418,not_clean,-1
3178,3088603100106847,-4.176486,0.903637,not_clean,-1
3179,3040568020101359,-6.500543,-0.626646,grouped,34
3180,3011220140100218,-5.649243,-0.069986,not_clean,-1
3181,3091679080100081,-4.778010,0.499323,grouped,138
3182,3074361010102471,-5.316030,0.144754,not_clean,-1
3183,3091680100103128,-5.957663,-0.275756,grouped,31
3184,3014981010100029,-5.871034,-0.220009,not_clean,-1
3185,3091679060103066,-5.105808,0.280164,not_clean,-1
3186,3067393010101117,-6.652011,-0.732099,grouped,54
3187,3088604010103206,-4.610226,0.600329,grouped,41
3188,3091679090103265,-5.131216,0.258336,not_clean,-1
3189,3072209010102372,-6.735008,-0.791014,grouped,38
3190,3069403010102179,-6.690418,-0.762388,grouped,44
3191,3088604010101279,-4.637193,0.580081,grouped,331
3192,3091679060100172,-4.938184,0.382648,not_clean,-1
3193,3074361010103366,-5.323775,0.130246,not_clean,-1
3194,3074361010103004,-5.329253,0.123928,grouped,139
3195,3040568020101542,-6.226664,-0.463610,grouped,85
3196,3091679110100151,-5.280749,0.155113,not_clean,-1
3197,3040568020100891,-6.485793,-0.633816,not_clean,-1
3198,3091680100100812,-5.935591,-0.274707,not_clean,-1
3199,3091679060101240,-4.922144,0.387769,grouped,308
3200,3088604010102068,-4.671787,0.549887,grouped,304
3201,3088604010100273,-4.558778,0.623726,grouped,37
3202,3091681010106961,-5.983319,-0.308615,not_clean,-1
3203,3091679080102553,-4.806996,0.459803,grouped,29
3204,3088603100103062,-4.180969,0.868095,grouped,258
3205,3074361010104107,-5.364267,0.093743,grouped,308
3206,3014981010101024,-5.851263,-0.225207,not_clean,-1
3207,3040568020100210,-6.483840,-0.641225,not_clean,-1
3208,3091679090101245,-5.159461,0.224450,not_clean,-1
3209,3040568020100377,-6.476960,-0.641438,not_clean,-1
3210,3072209010100823,-6.716859,-0.798783,grouped,295
3211,3088604010103904,-4.536767,0.625664,grouped,4
3212,3088603100102245,-4.262406,0.804728,grouped,80
3213,3088603100103434,-4.275942,0.795199,grouped,80
3214,3088603100104236,-4.325608,0.762121,not_clean,-1
3215,3014981010102063,-5.866015,-0.246070,not_clean,-1
3216,3014981010101091,-5.835021,-0.227674,not_clean,-1
3217,3088604010101536,-4.495202,0.645130,grouped,29
3218,3040568020100330,-6.537438,-0.690615,not_clean,-1
3219,3067393010100531,-6.663511,-0.774103,grouped,295
3220,3088603100101985,-4.115131,0.891050,grouped,64
3221,3088603100103612,-4.369655,0.724684,grouped,106
3222,3088604010101734,-4.479625,0.651914,grouped,37
3223,3091679080102185,-4.921343,0.362008,not_clean,-1
3224,3067393010102782,-6.663556,-0.779669,grouped,41
3225,3091679110101758,-5.267314,0.131737,not_clean,-1
3226,3091679090101038,-5.191998,0.180219,not_clean,-1
3227,3088603100101123,-4.309153,0.754648,not_clean,-1
3228,3091681010104724,-6.011311,-0.361920,not_clean,-1
3229,3091679110100341,-5.215907,0.156729,grouped,37
3230,3067393010100915,-6.596479,-0.746165,not_clean,-1
3231,3040568020100248,-6.479300,-0.670088,not_clean,-1
3232,3072209010100076,-6.719531,-0.828116,not_clean,-1
3233,3067393010100456,-6.573264,-0.736407,not_clean,-1
3234,3088603100105721,-4.243218,0.786147,not_clean,-1
3235,3091679080103742,-4.820061,0.408472,grouped,35
3236,3091679090102713,-5.129100,0.205569,grouped,140
3237,3091679080102673,-4.928865,0.334651,not_clean,-1
3238,3088604010103417,-4.583137,0.557260,grouped,7
3239,3040568020100084,-6.546562,-0.728093,not_clean,-1
3240,3040568020100003,-6.456894,-0.670617,not_clean,-1
3241,3091679090100794,-5.029334,0.257542,not_clean,-1
3242,3091679090103229,-5.084181,0.221605,grouped,29
3243,3040568020100177,-6.453481,-0.677380,not_clean,-1
3244,3091679090104284,-5.147768,0.175190,not_clean,-1
3245,3040568020100263,-6.242791,-0.540172,not_clean,-1
3246,3088604010101650,-4.553684,0.562655,grouped,141
3247,3091679080102115,-4.732219,0.445388,grouped,29
3248,3014981010100166,-5.820189,-0.266447,not_clean,-1
3249,3088603100104653,-4.179260,0.803797,not_clean,-1
3250,3074361010102582,-5.296945,0.072447,not_clean,-1
3251,3072209010104477,-6.680654,-0.832059,grouped,70
3252,3088604010102303,-4.669831,0.481071,not_clean,-1
3253,3091680100103320,-5.949346,-0.355104,grouped,84
3254,3088603100102146,-4.335159,0.698681,not_clean,-1
3255,3091679080101037,-4.775553,0.410751,not_clean,-1
3256,3014981010100606,-5.807002,-0.263218,not_clean,-1
3257,3091679080102824,-4.817608,0.382798,grouped,137
3258,3014981010101653,-5.763527,-0.236593,not_clean,-1
3259,3091679080100735,-4.761468,0.416622,grouped,317
3260,3088604010104321,-4.508829,0.578842,grouped,304
3261,3091679080105781,-4.823165,0.371234,not_clean,-1
3262,3088603100103918,-4.172600,0.795733,not_clean,-1
3263,3091680100100974,-5.915466,-0.342385,grouped,132
3264,3088603100103872,-4.155749,0.804787,grouped,340
3265,3091679090102954,-5.032139,0.231494,not_clean,-1
3266,3014981010100873,-5.858433,-0.312769,grouped,295
3267,3091679080105650,-4.762985,0.401541,grouped,317
3268,3091679080100292,-4.794787,0.380144,not_clean,-1
3269,3014981010100761,-5.790466,-0.271325,not_clean,-1
3270,3014981010100718,-5.853107,-0.313728,not_clean,-1
3271,3088603100105597,-4.281652,0.710977,grouped,136
3272,3091680150102189,-6.042268,-0.438913,grouped,265
3273,3088603100100024,-4.368857,0.652319,grouped,137
3274,3040568020101141,-6.504023,-0.743144,not_clean,-1
3275,3088603100101140,-4.071273,0.844535,grouped,258
3276,3014981010100799,-5.815824,-0.296120,not_clean,-1
3277,3091679080107138,-4.684842,0.440605,grouped,17
3278,3040568020100345,-6.484358,-0.734302,not_clean,-1
3279,3088603100101296,-4.416752,0.613690,grouped,139
3280,3091679090101973,-5.034835,0.209059,not_clean,-1
3281,3088603100100143,-4.329267,0.668810,grouped,109
3282,3088604010101233,-4.570616,0.510592,grouped,331
3283,3088603100101844,-4.389414,0.625561,grouped,140
3284,3014981010101004,-5.831924,-0.317124,not_clean,-1
3285,3074361010103816,-5.257117,0.057204,grouped,104
3286,3040568020104405,-6.232354,-0.580458,not_clean,-1
3287,3091679080102493,-4.938711,0.263592,grouped,140
3288,3091679080103981,-4.670322,0.438665,grouped,317
3289,3091679080100251,-4.750500,0.384481,grouped,68
3290,3088603100104745,-4.338028,0.651669,not_clean,-1
3291,3091680150100623,-5.989020,-0.425694,grouped,80
3292,3014981010101011,-5.840009,-0.329073,not_clean,-1
3293,3088604010102265,-4.611635,0.467398,grouped,34
3294,3040568020100391,-6.501116,-0.766874,not_clean,-1
3295,3040568020102545,-6.475025,-0.750331,not_clean,-1
3296,3091679080102314,-4.944977,0.247872,not_clean,-1
3297,3088603100106634,-4.261044,0.693106,grouped,137
3298,3091679080101197,-4.887001,0.284427,grouped,105
3299,3088603100100390,-4.208608,0.726508,grouped,258
3300,3091679110100042,-5.239263,0.052941,grouped,104
3301,3072209010102579,-6.662070,-0.875372,grouped,71
3302,3091679100100995,-5.227266,0.060443,grouped,313
3303,3088604010103118,-4.428890,0.580778,not_clean,-1
3304,3088604010100287,-4.479637,0.547323,grouped,138
3305,3091680150103099,-5.978350,-0.432636,not_clean,-1
3306,3014981010100735,-5.815788,-0.327231,not_clean,-1
3307,3014981010100122,-5.774910,-0.301157,not_clean,-1
3308,3088603100101232,-4.334471,0.638319,not_clean,-1
3309,3040568020103411,-6.141671,-0.540674,not_clean,-1
3310,3088604010105598,-4.519488,0.515567,grouped,243
3311,3091679090103449,-5.074876,0.151716,not_clean,-1
3312,3091679080100877,-4.943769,0.237116,grouped,193
3313,3014981010101105,-5.822790,-0.337379,not_clean,-1
3314,3091679080101554,-4.773667,0.346241,not_clean,-1
3315,3091680150100038,-6.065219,-0.497851,grouped,295
3316,3014981010102811,-5.674308,-0.243798,not_clean,-1
3317,3091680150101738,-5.980204,-0.443524,grouped,78
3318,3088603100101016,-4.182412,0.727321,grouped,0
3319,3014981010102367,-5.740110,-0.289140,grouped,295
3320,3091680150102945,-6.019165,-0.471352,not_clean,-1
3321,3091680150104522,-6.041195,-0.486220,grouped,295
3322,3088603100100543,-4.268022,0.669007,not_clean,-1
3323,3091679080100375,-4.900009,0.254248,not_clean,-1
3324,3088603100100124,-4.135089,0.752477,grouped,139
3325,3091679080100153,-4.806330,0.312024,grouped,140
3326,3040568020100359,-6.450066,-0.759862,grouped,71
3327,3091679080100742,-4.915558,0.239500,grouped,139
3328,3014981010100923,-5.801745,-0.338924,not_clean,-1
3329,3088604010107612,-4.542765,0.480648,not_clean,-1
3330,3072209010104694,-6.677887,-0.911472,not_clean,-1
3331,3091679090101930,-4.979974,0.192586,not_clean,-1
3332,3091679090101138,-4.986205,0.188070,not_clean,-1
3333,3091679100105322,-5.156265,0.076090,not_clean,-1
3334,3091679090100493,-4.989113,0.184721,not_clean,-1
3335,3088603100103992,-4.391035,0.574019,not_clean,-1
3336,3040568020101577,-6.334753,-0.694204,not_clean,-1
3337,3088603100101990,-4.407220,0.561948,not_clean,-1
3338,3091680150101722,-5.962837,-0.452929,grouped,304
3339,3040568020100726,-6.328468,-0.692329,grouped,295
3340,3088603100101242,-4.156001,0.723548,not_clean,-1
3341,3091679080104984,-4.851197,0.270363,not_clean,-1
3342,3088604010103422,-4.464253,0.521269,not_clean,-1
3343,3091680100102302,-5.909780,-0.421827,grouped,78
3344,3088604010103055,-4.570272,0.450689,not_clean,-1
3345,3091679090102119,-5.111126,0.097956,not_clean,-1
3346,3088603050103919,-4.045988,0.790593,grouped,342
3347,3072209010101240,-6.592617,-0.869303,not_clean,-1
3348,3088603100103039,-4.297963,0.626287,not_clean,-1
3349,3091680150100261,-5.985552,-0.474461,grouped,70
3350,3091680100101710,-5.823674,-0.370025,not_clean,-1
3351,3091679080100267,-4.889405,0.238579,not_clean,-1
3352,3088603100106638,-4.187434,0.694407,not_clean,-1
3353,3088604010104386,-4.534039,0.466082,not_clean,-1
3354,3091679080104722,-4.796925,0.294107,not_clean,-1
3355,3072209010101977,-6.584042,-0.871203,not_clean,-1
3356,3088603050100264,-4.013677,0.802574,grouped,85
3357,3091680100103367,-5.936218,-0.450358,grouped,44
3358,3088603100103710,-4.141320,0.718370,grouped,7
3359,3091679080103670,-4.747214,0.322868,grouped,314
3360,3091679020100197,-4.891591,0.225648,grouped,104
3361,3070119010101592,-5.801501,-0.367333,not_clean,-1
3362,3091680100100498,-5.893597,-0.427462,grouped,136
3363,3091679020102749,-4.868388,0.240440,not_clean,-1
3364,3088603050100376,-3.887881,0.878418,grouped,105
3365,3091679020102711,-4.974703,0.170246,not_clean,-1
3366,3091680150104742,-5.947278,-0.466384,grouped,137
3367,3088603100104257,-4.133953,0.713664,grouped,258
3368,3088604020102415,-4.583033,0.419110,grouped,306
3369,3091679080101082,-4.697857,0.342699,not_clean,-1
3370,3091679090100122,-5.117180,0.068978,grouped,140
3371,3091680150103497,-6.086583,-0.562849,grouped,295
3372,3091680150101670,-6.052703,-0.541308,grouped,295
3373,3091679090100357,-5.100979,0.077706,not_clean,-1
3374,3040568020103705,-6.463496,-0.812652,not_clean,-1
3375,3040568020100285,-6.429270,-0.791892,not_clean,-1
3376,3040568020102934,-6.192233,-0.637686,grouped,295
3377,3088604010100869,-4.489515,0.470338,grouped,107
3378,3091679100106276,-5.124320,0.053525,not_clean,-1
3379,3088603100100748,-4.336301,0.565396,grouped,206
3380,3091679080103144,-4.750983,0.294179,not_clean,-1
3381,3014981010104786,-5.671798,-0.305779,grouped,295
3382,3088603050100034,-4.052790,0.748414,not_clean,-1
3383,3088603100101529,-4.192504,0.654677,grouped,342
3384,3088603100101613,-4.294805,0.586975,grouped,314
3385,3040568020101335,-6.324149,-0.736801,not_clean,-1
3386,3088603100102114,-4.260848,0.606786,grouped,316
3387,3088604010100385,-4.480821,0.463481,grouped,341
3388,3091680150100313,-6.080521,-0.579364,grouped,295
3389,3091679080103522,-4.729193,0.300620,not_clean,-1
3390,3088604010102890,-4.494756,0.453197,not_clean,-1
3391,3014981010102450,-5.523636,-0.217785,not_clean,-1
3392,3091679020100706,-4.892303,0.192580,not_clean,-1
3393,3091679100103812,-5.140014,0.031045,grouped,139
3394,3072209010103006,-6.613144,-0.930974,grouped,69
3395,3091680150100821,-6.053751,-0.567627,not_clean,-1
3396,3088604010102248,-4.500445,0.442763,not_clean,-1
3397,3088603100100480,-4.280473,0.585421,grouped,308
3398,3088604010101841,-4.505707,0.438688,not_clean,-1
3399,3088603100102521,-4.113098,0.693700,grouped,136
3400,3091679080102781,-4.647073,0.345637,grouped,141
3401,3088604010103572,-4.474173,0.457230,not_clean,-1
3402,3040568020101314,-6.464040,-0.839612,grouped,295
3403,3091679020100579,-4.962575,0.135694,not_clean,-1
3404,3088603050103867,-3.908323,0.821525,grouped,133
3405,3072209010101869,-6.608729,-0.940610,grouped,44
3406,3091679100100936,-5.129015,0.022034,grouped,140
3407,3091679080100479,-4.656793,0.328877,grouped,315
3408,3091680150105726,-6.048769,-0.577749,grouped,60
3409,3088603100102666,-4.243730,0.595750,grouped,105
3410,3088604020103003,-4.414425,0.483914,not_clean,-1
3411,3088603100102870,-4.221335,0.609500,grouped,342
3412,3088604020101186,-4.444690,0.462908,grouped,141
3413,3091680090100243,-5.820585,-0.435500,not_clean,-1
3414,3072209010101204,-6.565719,-0.921354,grouped,295
3415,3088603100104712,-4.099082,0.683044,grouped,258
3416,3091679090103732,-5.085361,0.040802,not_clean,-1
3417,3091679020100629,-4.925219,0.144346,grouped,136
3418,3088604020102551,-4.518503,0.408576,grouped,110
3419,3091680150105391,-6.049145,-0.589288,grouped,265
3420,3088603050103468,-4.063781,0.701172,grouped,139
3421,3091679020101676,-4.928871,0.136550,not_clean,-1
3422,3091679020101187,-4.963679,0.113455,not_clean,-1
3423,3072209010101488,-6.535560,-0.909922,not_clean,-1
3424,3088603050100446,-3.998941,0.739737,grouped,12
3425,3088604020103991,-4.494068,0.417416,not_clean,-1
3426,3072209010101148,-6.563955,-0.931112,grouped,295
3427,3091680090102845,-5.945719,-0.529213,grouped,306
3428,3088604020100927,-4.510997,0.402452,not_clean,-1
3429,3088603100103149,-4.131353,0.649312,grouped,18
3430,3014981010101338,-5.540403,-0.267657,grouped,294
3431,3091680150104064,-6.010618,-0.576500,not_clean,-1
3432,3091680090103368,-5.878451,-0.491827,not_clean,-1
3433,3091679020100393,-4.813307,0.200899,grouped,28
3434,3091679080103763,-4.697736,0.275896,grouped,110
3435,3088603100100911,-4.314356,0.525076,not_clean,-1
3436,3091680090104702,-5.931100,-0.526930,grouped,298
3437,3088603100104121,-4.124552,0.646512,grouped,107
3438,3091679100100527,-5.076211,0.027011,grouped,68
3439,3088604020101106,-4.414771,0.456781,grouped,29
3440,3088604020107558,-4.382731,0.476707,not_clean,-1
3441,3088603100102592,-4.166890,0.615289,grouped,110
3442,3088604020100571,-4.539457,0.371853,grouped,110
3443,3088603100102285,-4.226418,0.573112,grouped,21
3444,3088604020101348,-4.521951,0.380217,not_clean,-1
3445,3091679100105948,-5.171049,-0.042320,grouped,137
3446,3088604020102148,-4.497822,0.395533,grouped,308
3447,3088604020106490,-4.440023,0.431062,not_clean,-1
3448,3091680060100265,-5.735555,-0.412909,grouped,317
3449,3088603100100248,-4.190156,0.592234,grouped,68
3450,3091679020101718,-5.036506,0.041479,not_clean,-1
3451,3091679080103024,-4.682089,0.268952,not_clean,-1
3452,3091680090103541,-5.819426,-0.470826,not_clean,-1
3453,3091680090100202,-5.902517,-0.525956,not_clean,-1
3454,3088603050104643,-4.056851,0.672511,grouped,342
3455,3088603050101974,-3.774953,0.854806,grouped,106
3456,3070119010101507,-5.694947,-0.395815,not_clean,-1
3457,3091679020102981,-5.008541,0.050415,not_clean,-1
3458,3014981010104437,-5.571140,-0.316242,not_clean,-1
3459,3091680150102153,-6.018256,-0.607844,grouped,295
3460,3091679020101549,-4.981403,0.066270,grouped,306
3461,3088603050103662,-3.820822,0.820708,not_clean,-1
3462,3088604020106233,-4.507919,0.373790,not_clean,-1
3463,3088604020102655,-4.387990,0.450924,grouped,138
3464,3088603050103416,-3.881688,0.778708,grouped,136
3465,3091680090101274,-5.921452,-0.551376,grouped,295
3466,3091680060101728,-5.707292,-0.412711,not_clean,-1
3467,3091679100104615,-5.094240,-0.014288,not_clean,-1
3468,3091679100101441,-5.145936,-0.050613,grouped,80
3469,3091679020102689,-4.972734,0.060848,grouped,104
3470,3091680060100309,-5.704696,-0.418507,not_clean,-1
3471,3088603100105211,-4.339985,0.467835,not_clean,-1
3472,3088604020104799,-4.526378,0.346598,not_clean,-1
3473,3088604020100631,-4.545980,0.333677,grouped,139
3474,3088604020105032,-4.471610,0.381716,grouped,109
3475,3091679020100715,-5.048144,0.006923,not_clean,-1
3476,3091680090106174,-5.978262,-0.598700,not_clean,-1
3477,3040568020102818,-6.205213,-0.746573,not_clean,-1
3478,3088603100108096,-4.166199,0.577457,not_clean,-1
3479,3091680060101269,-5.672485,-0.401866,not_clean,-1
3480,3091680060100514,-5.697163,-0.418174,not_clean,-1
3481,3072209010105208,-6.578797,-0.991548,not_clean,-1
3482,3088604020103139,-4.454217,0.388381,grouped,18
3483,3088604020102838,-4.357273,0.449920,grouped,140
3484,3091679020102819,-5.037101,0.006945,not_clean,-1
3485,3091680060106045,-5.706708,-0.428304,not_clean,-1
3486,3091679020104225,-5.022245,0.016227,not_clean,-1
3487,3072209010104007,-6.510266,-0.951654,grouped,298
3488,3088603050100246,-4.045391,0.648557,grouped,195
3489,3072209010102502,-6.585354,-1.002275,grouped,294
3490,3091680060100328,-5.674941,-0.410766,not_clean,-1
3491,3088604020102876,-4.386519,0.425324,grouped,194
3492,3040568020103402,-6.098747,-0.688601,grouped,298
3493,3072209010104363,-6.454774,-0.922455,grouped,14
3494,3091680090100426,-5.759462,-0.470991,grouped,265
3495,3088604020100492,-4.371556,0.430044,grouped,308
3496,3091679020100932,-4.916582,0.074698,grouped,140
3497,3091679010101790,-4.784397,0.159673,grouped,37
3498,3091680060101925,-5.706986,-0.441242,not_clean,-1
3499,3072209010107166,-6.456073,-0.928303,not_clean,-1
3500,3088603100102178,-4.082759,0.611214,grouped,105
3501,3091680060102140,-5.693704,-0.435504,not_clean,-1
3502,3072209010102544,-6.536118,-0.982841,grouped,295
3503,3091679100101720,-5.072508,-0.032204,grouped,317
3504,3088604020101167,-4.351779,0.434777,grouped,138
3505,3088603100106331,-4.125394,0.578742,not_clean,-1
3506,3088603050101677,-3.994142,0.663516,grouped,42
3507,3072209010102870,-6.508234,-0.972667,grouped,295
3508,3088604020101806,-4.511139,0.322846,not_clean,-1
3509,3072209010100075,-6.449780,-0.936566,grouped,298
3510,3091679020103735,-4.911272,0.062262,grouped,33
3511,3040568020104004,-6.199590,-0.775336,grouped,60
3512,3091679010100359,-4.833662,0.111572,grouped,308
3513,3072209010101607,-6.470212,-0.952038,grouped,58
3514,3091680060103436,-5.716777,-0.463758,not_clean,-1
3515,3088604020103885,-4.322497,0.441460,grouped,139
3516,3040568020101008,-6.211689,-0.786055,grouped,295
3517,3088603050103939,-3.933074,0.693465,not_clean,-1
3518,3091680060101323,-5.645500,-0.419534,not_clean,-1
3519,3088603050101032,-3.859743,0.740229,not_clean,-1
3520,3088604020103677,-4.457465,0.350829,not_clean,-1
3521,3091680150100466,-6.043617,-0.680357,grouped,298
3522,3088604020103716,-4.396157,0.389197,not_clean,-1
3523,3091680150100161,-6.015412,-0.663979,grouped,63
3524,3088603050101770,-3.980449,0.657012,grouped,340
3525,3088604020100635,-4.320703,0.435262,not_clean,-1
3526,3088603100105277,-4.247764,0.482243,not_clean,-1
3527,3088604020103313,-4.360753,0.408519,not_clean,-1
3528,3091680060102004,-5.487157,-0.323055,grouped,130
3529,3088603100100429,-4.237953,0.487710,not_clean,-1
3530,3088603050104390,-3.950062,0.673574,grouped,8
3531,3091680060105944,-5.587084,-0.390407,not_clean,-1
3532,3088604020103116,-4.470934,0.334033,not_clean,-1
3533,3072209010100380,-6.541443,-1.010676,no_nh_contour,-1
3534,3091680060104396,-5.695110,-0.463244,not_clean,-1
3535,3091679020103574,-4.870855,0.070502,not_clean,-1
3536,3091679020100704,-4.981900,-0.002271,grouped,68
3537,3091679020100283,-4.850774,0.081534,not_clean,-1
3538,3091680150102968,-6.013542,-0.674364,not_clean,-1
3539,3091680060101858,-5.682868,-0.460168,not_clean,-1
3540,3040568020100716,-6.151040,-0.764103,grouped,298
3541,3088604020103105,-4.437756,0.347914,grouped,324
3542,3088603050102443,-3.901295,0.695394,grouped,258
3543,3091679020101091,-4.883152,0.056767,not_clean,-1
3544,3091680150102021,-5.980847,-0.655970,grouped,298
3545,3072209010102779,-6.439900,-0.955343,not_clean,-1
3546,3088603100100664,-4.182100,0.510256,not_clean,-1
3547,3091680150104195,-6.057421,-0.708546,grouped,298
3548,3088604020103325,-4.322259,0.416829,grouped,331
3549,3088604020102086,-4.396554,0.365550,not_clean,-1
3550,3091680060102748,-5.590794,-0.409813,not_clean,-1
3551,3091679010102408,-4.664543,0.191138,not_clean,-1
3552,3088603050101869,-3.884562,0.696693,grouped,341
3553,3091680060103294,-5.703221,-0.485753,not_clean,-1
3554,3088604020104863,-4.457890,0.321519,not_clean,-1
3555,3091679100102218,-5.062240,-0.071233,not_clean,-1
3556,3091680090101400,-5.708756,-0.491209,grouped,29
3557,3072209010100936,-6.400256,-0.940463,grouped,63
3558,3088604020107887,-4.353213,0.388016,not_clean,-1
3559,3091679020104148,-4.882095,0.044480,grouped,36
3560,3088604020104131,-4.377631,0.370187,not_clean,-1
3561,3076318020100130,-2.388834,1.660004,grouped,89
3562,3072796090100117,-2.665536,1.480670,grouped,157
3563,3088604020103544,-4.498255,0.287521,not_clean,-1
3564,3088604020107983,-4.461832,0.310502,not_clean,-1
3565,3091680150107879,-5.980105,-0.675606,grouped,298
3566,3072209010100803,-6.367346,-0.927303,not_clean,-1
3567,3065332010100398,-5.420825,-0.313711,not_clean,-1
3568,3091680060102627,-5.595736,-0.427270,not_clean,-1
3569,3088603080100131,-4.136890,0.516839,grouped,195
3570,3040568020103540,-6.197855,-0.821090,not_clean,-1
3571,3091680090100699,-5.729846,-0.518893,not_clean,-1
3572,3091679020101342,-4.880725,0.031169,grouped,308
3573,3088603050103413,-3.849173,0.700487,grouped,206
3574,3088604020105339,-4.451165,0.309277,not_clean,-1
3575,3088604020104997,-4.268461,0.427463,grouped,29
3576,3091680060102214,-5.655220,-0.472496,not_clean,-1
3577,3091680090100722,-5.890712,-0.625664,grouped,298
3578,3088603080103792,-4.221556,0.455290,not_clean,-1
3579,3091679010101473,-4.780523,0.092025,grouped,138
3580,3088603100104928,-4.238065,0.443735,not_clean,-1
3581,3091680150100920,-6.035902,-0.722979,grouped,306
3582,3040568020102028,-6.121538,-0.778785,not_clean,-1
3583,3076318020100051,-2.509605,1.563368,grouped,309
3584,3088603050107446,-3.834538,0.704267,not_clean,-1
3585,3091680150105542,-6.024093,-0.717815,grouped,306
3586,3091680060100112,-5.596565,-0.441069,grouped,253
3587,3088604020102376,-4.275925,0.415427,not_clean,-1
3588,3091679110100170,-5.160630,-0.159375,grouped,340
3589,3088604020100471,-4.286893,0.406616,grouped,138
3590,3091679020104392,-4.861562,0.033290,not_clean,-1
3591,3055385010100298,-5.355815,-0.287805,not_clean,-1
3592,3088603050104126,-3.943231,0.628021,not_clean,-1
3593,3088604020105434,-4.446705,0.300167,not_clean,-1
3594,3091680060103677,-5.512560,-0.391574,not_clean,-1
3595,3088604020108072,-4.427430,0.311599,not_clean,-1
3596,3088604020100426,-4.396739,0.331149,grouped,108
3597,3091680060103854,-5.460889,-0.359213,grouped,306
3598,3088604020107068,-4.470402,0.282975,not_clean,-1
3599,3091680060106244,-5.624268,-0.465772,grouped,265
3600,3091680060101407,-5.613290,-0.458681,grouped,322
3601,3088604020103785,-4.454935,0.292479,not_clean,-1
3602,3088603050101170,-3.959852,0.613058,grouped,258
3603,3088604020102375,-4.275701,0.407913,not_clean,-1
3604,3055385010100556,-5.355466,-0.292778,not_clean,-1
3605,3072209010107523,-6.349405,-0.937669,not_clean,-1
3606,3091679010100611,-4.778714,0.080468,grouped,140
3607,3091680060101571,-5.569585,-0.432876,grouped,27
3608,3091680150102901,-6.025349,-0.732173,grouped,298
3609,3072209010104886,-6.436403,-0.999047,not_clean,-1
3610,3088604020100329,-4.287655,0.394121,not_clean,-1
3611,3091680060100217,-5.634666,-0.481871,grouped,306
3612,3091679020101375,-4.958818,-0.045643,not_clean,-1
3613,3088604020102351,-4.340272,0.354781,not_clean,-1
3614,3091679020100012,-4.885936,0.000690,grouped,253
3615,3072796090100059,-2.535712,1.524045,not_clean,-1
3616,3091680060103025,-5.568083,-0.443085,not_clean,-1
3617,3088604020105938,-4.311989,0.371162,not_clean,-1
3618,3091680090101161,-5.881180,-0.648330,not_clean,-1
3619,3091680150107772,-6.048298,-0.757324,not_clean,-1
3620,3091680060102776,-5.484646,-0.391977,not_clean,-1
3621,3088603050100237,-3.815366,0.689554,grouped,341
3622,3000173020107628,-4.463406,0.269280,not_clean,-1
3623,3091680090102800,-5.797133,-0.596858,not_clean,-1
3624,3055385010101823,-5.181237,-0.197525,grouped,131
3625,3088603080104363,-4.213189,0.426879,not_clean,-1
3626,3088604020100270,-4.277399,0.384026,grouped,138
3627,3088604020107448,-4.346596,0.338808,not_clean,-1
3628,3000173020102388,-4.381693,0.315113,not_clean,-1
3629,3076318020100031,-2.468906,1.553725,grouped,89
3630,3076318020100052,-2.391709,1.603653,grouped,168
3631,3076318020100251,-2.502301,1.531509,grouped,168
3632,3088604020105821,-4.265488,0.388964,grouped,139
3633,3091679010103723,-4.826826,0.024379,not_clean,-1
3634,3088603050103827,-3.726724,0.736863,grouped,60
3635,3091680060102480,-5.433835,-0.370501,grouped,258
3636,3088603050102035,-3.885376,0.632392,grouped,342
3637,3088603080102261,-4.204194,0.425693,not_clean,-1
3638,3088603080100312,-4.171500,0.445747,not_clean,-1
3639,3088603080105465,-4.094469,0.495221,not_clean,-1
3640,3076318020100017,-2.350547,1.624824,grouped,89
3641,3091680060102568,-5.527072,-0.433750,not_clean,-1
3642,3000173020100607,-4.389874,0.303238,grouped,40
3643,3072209010104164,-6.428634,-1.018911,grouped,306
3644,3072796090100054,-2.746597,1.366127,grouped,309
3645,3088604020102042,-4.318551,0.347337,not_clean,-1
3646,3091679020101399,-4.956740,-0.066788,not_clean,-1
3647,3091680060100814,-5.519872,-0.432058,not_clean,-1
3648,3088603050100165,-3.745111,0.718343,not_clean,-1
3649,3091679020101408,-4.844178,0.005530,not_clean,-1
3650,3088603080105550,-4.185908,0.431654,not_clean,-1
3651,3088603050105722,-3.946637,0.585148,grouped,17
3652,3091680060101175,-5.670853,-0.533198,grouped,137
3653,3088603010101612,-3.532004,0.853057,grouped,0
3654,3076318020100145,-2.375730,1.600280,grouped,168
3655,3072796090100043,-2.546844,1.489194,grouped,309
3656,3072796090100109,-2.645180,1.423980,grouped,161
3657,3000173020102662,-4.506962,0.217822,not_clean,-1
3658,3088603010106622,-3.518290,0.857991,not_clean,-1
3659,3072796090100050,-2.517109,1.502954,grouped,309
3660,3000173020100419,-4.377466,0.295178,not_clean,-1
3661,3091679100102151,-5.096217,-0.170693,not_clean,-1
3662,3088603050101842,-3.947691,0.573077,grouped,19
3663,3088604020103264,-4.306081,0.340532,not_clean,-1
3664,3072796090100075,-2.671210,1.399137,grouped,94
3665,3091679020102882,-4.911877,-0.052957,not_clean,-1
3666,3055385010101433,-5.349680,-0.337878,not_clean,-1
3667,3088603080102277,-4.184839,0.415163,not_clean,-1
3668,3055385010101687,-5.138724,-0.204190,not_clean,-1
3669,3072796090100058,-2.687652,1.383271,grouped,94
3670,3000173020100470,-4.363577,0.296575,grouped,313
3671,3088603050105006,-3.928127,0.577750,grouped,342
3672,3000173020103787,-4.508093,0.201055,not_clean,-1
3673,3088603050101879,-3.733463,0.702138,not_clean,-1
3674,3088603080100843,-4.192799,0.404159,grouped,109
3675,3088604020106053,-4.285984,0.343750,not_clean,-1
3676,3091679020101224,-4.952547,-0.089158,grouped,136
3677,3091680050104064,-5.417248,-0.391216,grouped,295
3678,3072796090100154,-2.494703,1.501559,not_clean,-1
3679,3000173020100274,-4.427619,0.248672,not_clean,-1
3680,3088603010100911,-3.438534,0.888461,grouped,24
3681,3091679100100495,-5.048489,-0.156504,not_clean,-1
3682,3055385010100011,-5.358258,-0.358405,grouped,295
3683,3076318020100034,-2.418356,1.543886,grouped,168
3684,3088603010102045,-3.554545,0.807877,grouped,17
3685,3000173020100314,-4.398937,0.260963,grouped,108
3686,3072796090100028,-2.586658,1.431586,grouped,309
3687,3088603050100638,-3.868118,0.601773,grouped,22
3688,3091679010102827,-4.707388,0.057927,grouped,33
3689,3091680150100730,-5.954714,-0.750036,grouped,298
3690,3091680090100154,-5.744274,-0.616851,grouped,298
3691,3091680090101482,-5.903696,-0.720175,grouped,298
3692,3091680050105616,-5.518855,-0.471110,grouped,139
3693,3091680050101188,-5.504061,-0.461670,grouped,139
3694,3076318020100181,-2.254574,1.641135,not_clean,-1
3695,3091680050104526,-5.463752,-0.437750,not_clean,-1
3696,3055385010100141,-5.406784,-0.401335,grouped,306
3697,3091680050107819,-5.477746,-0.447623,not_clean,-1
3698,3076318020100129,-2.368811,1.563485,not_clean,-1
3699,3072796090100135,-2.579872,1.426526,not_clean,-1
3700,3088603080101596,-4.116542,0.431787,grouped,38
3701,3088603010104911,-3.562915,0.789954,grouped,18
3702,3000173020102650,-4.526447,0.165923,grouped,35
3703,3000173020101611,-4.372345,0.265546,grouped,139
3704,3076318020100032,-2.416049,1.530039,grouped,163
3705,3088603050100685,-3.949294,0.537474,not_clean,-1
3706,3088603080105232,-4.020133,0.490852,not_clean,-1
3707,3088603050101305,-3.834710,0.610377,grouped,36
3708,3088603010101774,-3.518778,0.814217,not_clean,-1
3709,3000173020105705,-4.382302,0.254729,not_clean,-1
3710,3000173020103490,-4.447114,0.212343,not_clean,-1
3711,3076318020100047,-2.385668,1.546478,grouped,309
3712,3072796090100010,-2.546358,1.442187,grouped,161
3713,3091679020100252,-4.892075,-0.076607,grouped,68
3714,3091679020105387,-4.916982,-0.094520,grouped,78
3715,3088603050100704,-3.694667,0.696274,not_clean,-1
3716,3088604020103173,-4.271345,0.322787,grouped,193
3717,3072796090100038,-2.508103,1.462678,grouped,309
3718,3076318020100122,-2.355703,1.559290,not_clean,-1
3719,3091679020100998,-4.837734,-0.047703,not_clean,-1
3720,3000173020106123,-4.378162,0.247522,not_clean,-1
3721,3088603080107874,-4.084221,0.437720,not_clean,-1
3722,3076318020100105,-2.314025,1.582875,grouped,168
3723,3091680050103921,-5.512717,-0.488591,not_clean,-1
3724,3076318020100013,-2.378662,1.539608,grouped,168
3725,3088603050106130,-3.830451,0.599342,grouped,139
3726,3076318020100254,-2.331007,1.568868,grouped,94
3727,3076318020100029,-2.430274,1.504658,grouped,89
3728,3088603080102039,-4.065889,0.446317,grouped,189
3729,3088603080102694,-4.214036,0.349701,grouped,140
3730,3000173020102043,-4.415790,0.218873,not_clean,-1
3731,3076318020100053,-2.343871,1.558887,not_clean,-1
3732,3088603080100808,-4.116037,0.407981,grouped,105
3733,3088603010104295,-3.485555,0.813706,grouped,23
3734,3091680050100299,-5.467126,-0.469254,grouped,75
3735,3000173020101543,-4.352367,0.251906,not_clean,-1
3736,3072796090100018,-2.537257,1.425476,grouped,89
3737,3000173020102651,-4.412113,0.212358,not_clean,-1
3738,3072796090100076,-2.629748,1.365237,grouped,157
3739,3091679020100585,-4.832164,-0.060028,grouped,21
3740,3000173020103200,-4.544594,0.125234,grouped,35
3741,3091680090101882,-5.762568,-0.663429,grouped,306
3742,3088603080105203,-4.065872,0.433810,not_clean,-1
3743,3088603010103253,-3.654472,0.699453,grouped,87
3744,3055385010100821,-5.371586,-0.411949,grouped,306
3745,3072796090100027,-2.651161,1.347917,grouped,102
3746,3055385010102476,-5.129752,-0.256153,grouped,133
3747,3088603010106346,-3.470329,0.816558,not_clean,-1
3748,3076318020100003,-2.280668,1.583408,grouped,168
3749,3000173020102967,-4.418173,0.200692,not_clean,-1
3750,3000173020105564,-4.321112,0.262626,not_clean,-1
3751,3076318020100215,-2.357369,1.531800,not_clean,-1
3752,3055385010101376,-5.113397,-0.251074,grouped,133
3753,3091679010101625,-4.653500,0.044544,grouped,35
3754,3091679010106004,-4.645441,0.048064,grouped,139
3755,3088603080100845,-3.987021,0.473903,grouped,17
3756,3072796090100024,-2.663158,1.329709,grouped,89
3757,3091679110105693,-5.050573,-0.215763,not_clean,-1
3758,3088603010101217,-3.650102,0.689943,grouped,30
3759,3091679020103430,-4.832811,-0.076728,not_clean,-1
3760,3088603010103861,-3.354484,0.879185,grouped,61
3761,3088603010103313,-3.570590,0.739324,grouped,24
3762,3091679010100813,-4.714169,-0.000637,grouped,140
3763,3072796090100056,-2.655697,1.330312,grouped,94
3764,3091680090100062,-5.677369,-0.626695,not_clean,-1
3765,3055385010100377,-5.247091,-0.348962,not_clean,-1
3766,3072796090100253,-2.600457,1.361712,not_clean,-1
3767,3091680090101192,-5.784178,-0.698036,grouped,292
3768,3055385010100993,-5.242266,-0.347763,not_clean,-1
3769,3091680090101949,-5.827664,-0.726709,not_clean,-1
3770,3072796090100023,-2.635292,1.335015,not_clean,-1
3771,3088603050100187,-3.753728,0.611173,grouped,342
3772,3088603050104334,-3.911911,0.508786,grouped,341
3773,3000173020102147,-4.600002,0.062546,not_clean,-1
3774,3091679010103526,-4.780212,-0.054486,grouped,29
3775,3000173020100678,-4.314205,0.245245,grouped,315
3776,3000173020102294,-4.267871,0.274978,grouped,243
3777,3088603080102959,-4.216339,0.307374,grouped,35
3778,3088603050104913,-3.856416,0.537663,not_clean,-1
3779,3072796090100077,-2.645015,1.319797,grouped,95
3780,3076318020100126,-2.386874,1.485791,not_clean,-1
3781,3000173020102278,-4.293293,0.252121,grouped,313
3782,3072796090100070,-2.466185,1.432838,not_clean,-1
3783,3076318020100107,-2.332478,1.518306,not_clean,-1
3784,3000173020101511,-4.270365,0.264811,grouped,136
3785,3091679010103673,-4.698505,-0.013408,not_clean,-1
3786,3088603050102286,-3.723199,0.615429,grouped,9
3787,3000173020101147,-4.365437,0.199553,grouped,104
3788,3072796090100011,-2.588147,1.348146,grouped,163
3789,3088603080102722,-4.043413,0.407408,not_clean,-1
3790,3088603050101237,-3.815382,0.554770,not_clean,-1
3791,3088603080104742,-4.061523,0.394214,not_clean,-1
3792,3055385010102766,-5.059751,-0.252661,not_clean,-1
3793,3000173020101464,-4.449802,0.140260,grouped,139
3794,3072796090100057,-2.507734,1.394506,grouped,161
3795,3091679100100565,-4.967910,-0.195801,not_clean,-1
3796,3055385010100539,-5.302836,-0.412538,not_clean,-1
3797,3072796090100144,-2.677766,1.282917,grouped,168
3798,3072796090100040,-2.555973,1.361243,grouped,163
3799,3091679010100899,-4.778529,-0.075568,not_clean,-1
3800,3000173020100684,-4.369513,0.188853,grouped,29
3801,3065332010103331,-5.031774,-0.239470,grouped,295
3802,3000173020100451,-4.412422,0.160957,grouped,24
3803,3088603050103579,-3.925212,0.475499,grouped,35
3804,3088603010103063,-3.508847,0.744288,grouped,17
3805,3088603080100913,-4.007903,0.421514,grouped,140
3806,3088603050101183,-3.814772,0.546167,grouped,35
3807,3088603010104384,-3.351000,0.845936,grouped,110
3808,3072796090100142,-2.473246,1.412868,grouped,309
3809,3088603080101086,-4.192103,0.299902,grouped,193
3810,3091679010102631,-4.725715,-0.045962,not_clean,-1
3811,3072796090100048,-2.570188,1.345774,grouped,309
3812,3091680050102497,-5.462743,-0.524923,not_clean,-1
3813,3091679010101571,-4.647411,0.002121,grouped,139
3814,3000173020105335,-4.374956,0.175784,grouped,313
3815,3055385010100023,-5.278964,-0.409151,not_clean,-1
3816,3088603080102852,-4.104771,0.349105,not_clean,-1
3817,3000173020100643,-4.319326,0.210229,grouped,195
3818,3076318020100101,-2.332106,1.493320,grouped,94
3819,3091679020103134,-4.917918,-0.179009,not_clean,-1
3820,3000173020100923,-4.342574,0.192781,not_clean,-1
3821,3091680090101427,-5.708509,-0.693048,not_clean,-1
3822,3091680090106394,-5.672466,-0.670008,grouped,136
3823,3072796090100127,-2.630429,1.295427,grouped,160
3824,3055385010100019,-5.294329,-0.426411,not_clean,-1
3825,3000173020101618,-4.270408,0.234782,not_clean,-1
3826,3055385010100022,-5.272819,-0.413311,not_clean,-1
3827,3091680060105127,-5.620941,-0.639048,grouped,14
3828,3088603080100992,-4.187156,0.285480,grouped,29
3829,3076318020100083,-2.339492,1.477047,grouped,94
3830,3000173020100657,-4.307558,0.205562,not_clean,-1
3831,3088603080100648,-3.976367,0.418441,grouped,253
3832,3000173020102111,-4.566565,0.036742,grouped,341
3833,3072796090100071,-2.483003,1.382348,grouped,157
3834,3055385010101121,-5.381585,-0.490358,grouped,59
3835,3000173020100175,-4.324025,0.192693,grouped,315
3836,3091680090102702,-5.689378,-0.689837,grouped,306
3837,3072796090100084,-2.376996,1.449376,not_clean,-1
3838,3055385010102479,-5.046488,-0.275599,not_clean,-1
3839,3055385010100852,-5.292877,-0.434899,not_clean,-1
3840,3076318020100045,-2.266086,1.520314,grouped,327
3841,3055385010100289,-5.227814,-0.394261,not_clean,-1
3842,3072796090100152,-2.624518,1.286492,grouped,157
3843,3088603080100630,-4.169876,0.287980,grouped,29
3844,3088603050103156,-3.665969,0.612830,not_clean,-1
3845,3000173020101161,-4.284218,0.213265,grouped,247
3846,3091680050101698,-5.474770,-0.558722,grouped,14
3847,3088603050102676,-3.730304,0.567104,grouped,19
3848,3088603010103401,-3.454656,0.744600,not_clean,-1
3849,3088603080107771,-4.030265,0.371243,not_clean,-1
3850,3072796090100118,-2.396551,1.424819,not_clean,-1
3851,3072796090100098,-2.504001,1.354900,grouped,309
3852,3000173020101707,-4.343565,0.166919,not_clean,-1
3853,3088603010102826,-3.511330,0.704163,not_clean,-1
3854,3000173020100147,-4.316621,0.182259,not_clean,-1
3855,3091680050100847,-5.573366,-0.631371,not_clean,-1
3856,3088603050100067,-3.686836,0.586240,not_clean,-1
3857,3072796090100085,-2.734069,1.200626,grouped,133
3858,3088603080104492,-3.948706,0.416257,not_clean,-1
3859,3072796090100008,-2.404056,1.413157,grouped,309
3860,3000173020101888,-4.209443,0.247081,grouped,253
3861,3000173020100975,-4.224656,0.236654,not_clean,-1
3862,3000173020101920,-4.406167,0.118974,not_clean,-1
3863,3088603010107735,-3.487554,0.712299,not_clean,-1
3864,3000173020100448,-4.342697,0.159072,grouped,315
3865,3088603010101401,-3.446990,0.737419,grouped,24
3866,3076318020100035,-2.274785,1.491981,grouped,327
3867,3088603080102137,-4.175658,0.264693,not_clean,-1
3868,3000173020102364,-4.397009,0.121241,not_clean,-1
3869,3076318020100086,-2.338363,1.449444,grouped,168
3870,3000173020102519,-4.262542,0.206958,not_clean,-1
3871,3088603080103388,-4.100868,0.309066,not_clean,-1
3872,3088603050108058,-3.771076,0.521636,not_clean,-1
3873,3088603010105863,-3.292341,0.827680,grouped,133
3874,3065419010102669,-4.738862,-0.107340,not_clean,-1
3875,3000173020100272,-4.456826,0.074225,not_clean,-1
3876,3000173020102853,-4.401989,0.109368,not_clean,-1
3877,3091680050101660,-5.483986,-0.589754,grouped,139
3878,3000173020102227,-4.257340,0.202163,grouped,385
3879,3088603010102365,-3.459745,0.717074,not_clean,-1
3880,3072796090100039,-2.408590,1.395205,grouped,89
3881,3000173020108488,-4.233355,0.217310,not_clean,-1
3882,3088603080103609,-4.092578,0.306448,not_clean,-1
3883,3091680090100046,-5.666676,-0.711181,not_clean,-1
3884,3000173020101919,-4.519126,0.028901,grouped,313
3885,3091680050100700,-5.442337,-0.567539,grouped,324
3886,3000173020101773,-4.202842,0.232537,grouped,29
3887,3088603080101463,-3.975071,0.379240,grouped,33
3888,3088603050100753,-3.816800,0.480756,grouped,341
3889,3000173020100117,-4.454010,0.068553,grouped,253
3890,3000173020105275,-4.310424,0.160986,not_clean,-1
3891,3091680090100323,-5.691573,-0.731338,grouped,306
3892,3000173020101524,-4.559134,-0.000296,grouped,9
3893,3000173020102083,-4.250804,0.197317,not_clean,-1
3894,3065419010101036,-4.598143,-0.029647,not_clean,-1
3895,3000173020100768,-4.296427,0.164207,grouped,193
3896,3091680090104927,-5.586513,-0.669816,grouped,77
3897,3072796090100073,-2.459356,1.346933,grouped,309
3898,3076318020100002,-2.339489,1.423583,not_clean,-1
3899,3000173020100383,-4.359179,0.119305,not_clean,-1
3900,3065419010103891,-4.743474,-0.129035,grouped,322
3901,3076318020100020,-2.213880,1.503148,not_clean,-1
3902,3076318020100006,-2.274164,1.463101,grouped,97
3903,3072796090100021,-2.591969,1.257718,grouped,309
3904,3088603080101222,-4.003926,0.344928,grouped,111
3905,3055385010100666,-5.199155,-0.427353,not_clean,-1
3906,3000173020101169,-4.558172,-0.014112,not_clean,-1
3907,3055385010101659,-5.192965,-0.424413,not_clean,-1
3908,3091680090103855,-5.752708,-0.785822,grouped,292
3909,3072796090100033,-2.439239,1.350755,not_clean,-1
3910,3000173020105293,-4.504636,0.017513,not_clean,-1
3911,3091680050101423,-5.538559,-0.650160,not_clean,-1
3912,3091680090108273,-5.610923,-0.697517,grouped,14
3913,3000173020101157,-4.487100,0.027604,not_clean,-1
3914,3072796090100001,-2.533613,1.287574,grouped,309
3915,3088603010100828,-3.420681,0.713266,grouped,139
3916,3055385010100603,-5.225112,-0.451694,not_clean,-1
3917,3055385010100331,-5.254498,-0.470909,not_clean,-1
3918,3055385010100093,-5.262901,-0.476452,not_clean,-1
3919,3088603080105041,-3.881571,0.414518,not_clean,-1
3920,3000173020103297,-4.322936,0.128830,not_clean,-1
3921,3091680090105408,-5.724723,-0.776454,not_clean,-1
3922,3072796090100044,-2.522772,1.289425,grouped,309
3923,3065419010103340,-4.698537,-0.114488,not_clean,-1
3924,3088603080100424,-4.017597,0.324698,grouped,193
3925,3088603020103891,-3.629578,0.575075,grouped,190
3926,3091680050105184,-5.448726,-0.599805,not_clean,-1
3927,3091680090102459,-5.701340,-0.763211,not_clean,-1
3928,3091679020103121,-4.849599,-0.213695,not_clean,-1
3929,3072796090100062,-2.585156,1.246383,grouped,157
3930,3091680050101235,-5.529738,-0.654334,not_clean,-1
3931,3000173020100276,-4.407769,0.069523,not_clean,-1
3932,3000173020101000,-4.375157,0.090132,grouped,253
3933,3055385010100980,-4.995871,-0.310751,grouped,133
3934,3088603010102172,-3.512061,0.646649,grouped,34
3935,3088603010102343,-3.338249,0.758605,grouped,87
3936,3000173020102209,-4.349859,0.105759,not_clean,-1
3937,3055385010100146,-5.289734,-0.501100,grouped,340
3938,3000173020102893,-4.514128,-0.000622,grouped,193
3939,3072796090100169,-2.372933,1.379801,grouped,160
3940,3000173020103665,-4.334769,0.113476,not_clean,-1
3941,3000173020100568,-4.355267,0.100065,not_clean,-1
3942,3072796090100269,-2.693648,1.171784,not_clean,-1
3943,3055385010100100,-5.181715,-0.433433,grouped,62
3944,3072796090100081,-2.475351,1.312135,grouped,161
3945,3055385010100803,-5.233808,-0.468306,not_clean,-1
3946,3076318020100068,-2.315081,1.413729,not_clean,-1
3947,3091680090108728,-5.629652,-0.726890,grouped,306
3948,3072796090100012,-2.471373,1.310263,grouped,157
3949,3000173020101535,-4.367724,0.086936,not_clean,-1
3950,3000173020101236,-4.342700,0.103037,grouped,339
3951,3072796090100100,-2.486067,1.300355,grouped,161
3952,3000173020102771,-4.451544,0.032398,grouped,24
3953,3065419010100427,-4.637818,-0.088051,not_clean,-1
3954,3091679120103351,-4.915249,-0.267631,not_clean,-1
3955,3072796090100090,-2.334196,1.396246,grouped,168
3956,3088603080104629,-3.881021,0.398318,not_clean,-1
3957,3088603010102579,-3.387583,0.716529,grouped,331
3958,3088603010107891,-3.326296,0.755107,grouped,82
3959,3055385010101887,-5.179827,-0.442872,grouped,62
3960,3091679020102470,-4.856525,-0.235852,not_clean,-1
3961,3000173020100595,-4.373611,0.074701,grouped,34
3962,3076318020100097,-2.321444,1.397328,not_clean,-1
3963,3072796090100230,-2.578454,1.231163,not_clean,-1
3964,3065419010104031,-4.742468,-0.167697,not_clean,-1
3965,3076318020100170,-2.206253,1.467606,grouped,309
3966,3072796090100066,-2.685748,1.158160,grouped,309
3967,3072796090100287,-2.414439,1.332329,grouped,163
3968,3088603080104649,-4.085756,0.253982,not_clean,-1
3969,3000173020100192,-4.333076,0.094445,not_clean,-1
3970,3088603080107288,-3.957252,0.336725,not_clean,-1
3971,3065419010101825,-4.815918,-0.218842,not_clean,-1
3972,3088603010104814,-3.604503,0.562266,not_clean,-1
3973,3055385010100490,-5.183938,-0.456857,not_clean,-1
3974,3000173020103933,-4.412004,0.040932,not_clean,-1
3975,3088603010104032,-3.457598,0.656115,grouped,189
3976,3088603080102672,-3.950582,0.338109,not_clean,-1
3977,3072796090100079,-2.373170,1.354232,not_clean,-1
3978,3000173020102003,-4.301769,0.110440,grouped,253
3979,3072796090100245,-2.529109,1.253052,grouped,309
3980,3055385010101683,-5.224766,-0.487811,not_clean,-1
3981,3072796090100019,-2.341910,1.370318,grouped,89
3982,3000173020102743,-4.278223,0.121742,grouped,315
3983,3065419010100966,-4.813006,-0.223941,not_clean,-1
3984,3000173020101114,-4.366407,0.062486,grouped,35
3985,3091679150102155,-5.367815,-0.583826,not_clean,-1
3986,3072796090100134,-2.395221,1.332401,not_clean,-1
3987,3055385010100321,-5.157626,-0.449695,not_clean,-1
3988,3055385010101637,-5.241946,-0.504191,not_clean,-1
3989,3076318020100015,-2.314282,1.383094,not_clean,-1
3990,3000173020101476,-4.302048,0.101390,grouped,253
3991,3072796090100064,-2.347262,1.361088,not_clean,-1
3992,3000173020101574,-4.332248,0.081580,grouped,253
3993,3088603010102983,-3.550090,0.583279,grouped,37
3994,3000173020100152,-4.358595,0.061117,grouped,253
3995,3000173020100118,-4.334079,0.076383,not_clean,-1
3996,3072796090100026,-2.501640,1.255462,grouped,309
3997,3091679120103446,-4.850176,-0.258901,not_clean,-1
3998,3000173020101154,-4.241790,0.131708,grouped,253
3999,3088603080101606,-4.054759,0.252020,grouped,17
4000,3072796090100005,-2.325005,1.365913,grouped,327
4001,3000173020100535,-4.270024,0.112032,grouped,315
4002,3055385010100506,-5.106748,-0.427952,not_clean,-1
4003,3088603010105015,-3.421323,0.658191,not_clean,-1
4004,3000173020101295,-4.310486,0.083918,not_clean,-1
4005,3088603010101066,-3.501244,0.604774,grouped,34
4006,3000173020100155,-4.338241,0.064422,grouped,341
4007,3055385010100003,-5.088630,-0.419947,not_clean,-1
4008,3055385010101282,-5.167071,-0.471445,not_clean,-1
4009,3055385010102552,-5.054597,-0.401051,grouped,306
4010,3055385010100551,-5.144147,-0.459445,not_clean,-1
4011,3000173020103682,-4.342936,0.056825,not_clean,-1
4012,3088603010106042,-3.280749,0.740054,not_clean,-1
4013,3088603080101812,-4.060366,0.237099,not_clean,-1
4014,3072796090100163,-2.617822,1.166347,not_clean,-1
4015,3055385010101558,-5.212919,-0.507305,not_clean,-1
4016,3091679120101586,-4.864324,-0.285519,not_clean,-1
4017,3000173020104111,-4.148632,0.174891,not_clean,-1
4018,3055385010101304,-5.117063,-0.450223,not_clean,-1
4019,3000173020100497,-4.350431,0.040994,not_clean,-1
4020,3088603080101588,-3.860002,0.356707,not_clean,-1
4021,3088603080106657,-3.897672,0.331880,not_clean,-1
4022,3088603080102878,-4.091149,0.207100,grouped,24
4023,3000173020103637,-4.241010,0.110513,grouped,386
4024,3000173020100196,-4.319824,0.059527,grouped,253
4025,3076318020100200,-2.251877,1.391554,nan_hardness,-1
4026,3000173020101791,-4.275108,0.087797,grouped,315
4027,3072796090100007,-2.356237,1.323804,grouped,327
4028,3000173020100004,-4.333413,0.049315,not_clean,-1
4029,3088602080104534,-3.051311,0.874297,not_clean,-1
4030,3088603020105167,-3.724555,0.440201,not_clean,-1
4031,3065419010102447,-4.697312,-0.187095,not_clean,-1
4032,3072796090100095,-2.406771,1.288075,not_clean,-1
4033,3055385010101849,-5.103185,-0.450269,not_clean,-1
4034,3088603080103353,-3.936038,0.301221,not_clean,-1
4035,3000173020101027,-4.385783,0.011024,grouped,253
4036,3088603080100688,-4.034246,0.236715,grouped,35
4037,3076318020100004,-2.236423,1.394440,grouped,309
4038,3055385010102060,-5.213976,-0.524045,not_clean,-1
4039,3000173020100773,-4.361138,0.024456,not_clean,-1
4040,3000173020100281,-4.342955,0.035864,grouped,109
4041,3055385010100051,-5.231899,-0.542133,not_clean,-1
4042,3000173020100080,-4.322201,0.043756,not_clean,-1
4043,3088602080106662,-3.061303,0.855898,not_clean,-1
4044,3088602080105626,-3.114541,0.821078,not_clean,-1
4045,3088603020104127,-3.610357,0.500637,not_clean,-1
4046,3088603080104232,-4.101193,0.184124,not_clean,-1
4047,3088603080101177,-4.094488,0.187851,not_clean,-1
4048,3000173020100481,-4.287592,0.061476,grouped,253
4049,3091680050100977,-5.351058,-0.623645,grouped,253
4050,3055385010101582,-5.091509,-0.457157,not_clean,-1
4051,3055385010100814,-5.240578,-0.553757,not_clean,-1
4052,3000173020100323,-4.369649,0.006691,grouped,193
4053,3091679040102730,-4.816789,-0.281597,not_clean,-1
4054,3088603020102843,-3.656196,0.465957,not_clean,-1
4055,3072796090100137,-2.601478,1.145013,not_clean,-1
4056,3088603020101928,-3.676912,0.452410,grouped,24
4057,3091679040102122,-4.925807,-0.353078,not_clean,-1
4058,3055385010101319,-5.044869,-0.429946,grouped,133
4059,3000173020100234,-4.410610,-0.021901,grouped,253
4060,3088603080102051,-3.979689,0.255476,grouped,178
4061,3000173020100026,-4.315746,0.038263,not_clean,-1
4062,3000173020100174,-4.328923,0.029139,not_clean,-1
4063,3000173020100188,-4.280496,0.059607,grouped,253
4064,3055385010101323,-5.186913,-0.526409,grouped,61
4065,3088603080101113,-3.883256,0.312882,not_clean,-1
4066,3000173020102957,-4.376329,-0.005273,grouped,253
4067,3091679150106994,-5.342637,-0.628290,not_clean,-1
4068,3088603010101185,-3.292021,0.692256,grouped,133
4069,3055385010101460,-5.282912,-0.590274,grouped,62
4070,3000173020101578,-4.445414,-0.051647,grouped,141
4071,3000173020100193,-4.472872,-0.070406,grouped,104
4072,3072796090100014,-2.634146,1.112249,grouped,168
4073,3076318020100102,-2.168756,1.410764,grouped,327
4074,3000173020102974,-4.384110,-0.015766,grouped,193
4075,3055385010100335,-5.245422,-0.571293,not_clean,-1
4076,3000173020100348,-4.304301,0.034708,not_clean,-1
4077,3055385010100132,-5.236554,-0.566238,not_clean,-1
4078,3000173020101256,-4.361603,-0.003230,grouped,253
4079,3088603020102331,-3.687490,0.429460,not_clean,-1
4080,3000173020100263,-4.322362,0.020178,grouped,253
4081,3091679040102113,-4.830271,-0.307040,not_clean,-1
4082,3055385010102404,-5.131733,-0.501313,not_clean,-1
4083,3088602080101447,-3.081376,0.817705,grouped,143
4084,3000173020100588,-4.292053,0.037967,grouped,253
4085,3088603080102701,-3.923469,0.275142,grouped,107
4086,3055385010101175,-5.075220,-0.466592,not_clean,-1
4087,3072796090100049,-2.434858,1.232856,grouped,293
4088,3088603020104634,-3.586105,0.491657,not_clean,-1
4089,3055385010102201,-5.145765,-0.513058,not_clean,-1
4090,3055385010101092,-4.991737,-0.414093,grouped,133
4091,3088603010100320,-3.380512,0.622398,grouped,68
4092,3055385010101358,-5.028303,-0.440324,grouped,324
4093,3000173020102269,-4.371449,-0.017435,not_clean,-1
4094,3000173020100069,-4.300273,0.026711,grouped,32
4095,3088603010103805,-3.387049,0.614053,grouped,33
4096,3065419010102356,-4.676587,-0.216299,not_clean,-1
4097,3000173020100708,-4.452974,-0.073093,grouped,109
4098,3055385010101288,-5.051329,-0.458345,not_clean,-1
4099,3091680090102765,-5.653401,-0.845927,grouped,292
4100,3088603020100221,-3.805621,0.343267,grouped,140
4101,3088603020102210,-3.768079,0.366037,grouped,24
4102,3088603020105017,-3.585332,0.482056,not_clean,-1
4103,3000173020101321,-4.261622,0.046221,grouped,253
4104,3091680050106882,-5.391931,-0.681749,grouped,340
4105,3065419010101607,-4.551955,-0.141242,grouped,331
4106,3072796090100037,-2.369756,1.262930,grouped,327
4107,3000173020102859,-4.334611,-0.001580,not_clean,-1
4108,3088603010103804,-3.420107,0.586703,grouped,33
4109,3088603010101728,-3.261126,0.687115,grouped,342
4110,3088602080103064,-3.140905,0.762916,grouped,136
4111,3000173020102406,-4.483230,-0.103159,not_clean,-1
4112,3076318020100178,-2.224873,1.349290,not_clean,-1
4113,3076318020100030,-2.136338,1.405965,grouped,327
4114,3088602080100868,-3.201768,0.720582,grouped,340
4115,3088603010101498,-3.517586,0.517170,grouped,243
4116,3088602080105563,-3.225242,0.703845,not_clean,-1
4117,3000173020100173,-4.298533,0.012616,grouped,253
4118,3088602080103243,-3.148045,0.752023,not_clean,-1
4119,3088603080100965,-3.920693,0.254287,not_clean,-1
4120,3000173020100866,-4.309954,0.001405,grouped,193
4121,3055385010100186,-5.032943,-0.463965,not_clean,-1
4122,3000173020100883,-4.327100,-0.010085,grouped,253
4123,3088603080102389,-4.083562,0.145521,not_clean,-1
4124,3088603060101053,-3.995900,0.201117,grouped,107
4125,3088602080103369,-3.017052,0.830098,grouped,0
4126,3088603010103518,-3.493570,0.523104,grouped,35
4127,3076318020100022,-2.271903,1.307812,not_clean,-1
4128,3072796090100046,-2.445781,1.194790,grouped,309
4129,3072796090100036,-2.319398,1.275621,grouped,327
4130,3055385010100294,-5.170643,-0.558754,not_clean,-1
4131,3088603080101566,-3.822899,0.308052,not_clean,-1
4132,3088602080100982,-3.171028,0.726596,grouped,195
4133,3088603010107155,-3.245532,0.678606,grouped,137
4134,3088603020100127,-3.788474,0.329084,not_clean,-1
4135,3088603020103023,-3.650699,0.414957,grouped,34
4136,3088603010106524,-3.252008,0.670769,not_clean,-1
4137,3055385010100447,-5.201452,-0.583697,not_clean,-1
4138,3088603020101961,-3.801399,0.316900,not_clean,-1
4139,3000173020100217,-4.290857,0.000763,grouped,341
4140,3000173020102373,-4.270139,0.013716,grouped,253
4141,3088603010106380,-3.384748,0.581781,not_clean,-1
4142,3065419010102281,-4.674944,-0.250154,not_clean,-1
4143,3055385010101097,-5.241257,-0.616149,grouped,298
4144,3065419010103253,-4.551386,-0.172454,not_clean,-1
4145,3055385010103040,-5.283878,-0.644164,not_clean,-1
4146,3076318020100041,-2.178839,1.352159,grouped,163
4147,3088603020104618,-3.608921,0.432422,not_clean,-1
4148,3072796090100092,-2.392319,1.212895,grouped,74
4149,3055385010100521,-5.155811,-0.567220,not_clean,-1
4150,3000173020103070,-4.278057,-0.002706,grouped,30
4151,3055385010100719,-5.123394,-0.546904,grouped,307
4152,3088603020100098,-3.566122,0.454780,not_clean,-1
4153,3065419010101371,-4.583858,-0.199881,grouped,137
4154,3055385010101526,-4.967032,-0.446999,grouped,134
4155,3088603060100847,-3.963621,0.197855,grouped,314
4156,3072796090100125,-2.397434,1.203055,not_clean,-1
4157,3055385010107797,-5.189882,-0.593226,grouped,292
4158,3055385010101979,-5.198770,-0.598945,grouped,306
4159,3000173020100953,-4.289536,-0.014409,not_clean,-1
4160,3000173020101484,-4.402557,-0.088477,not_clean,-1
4161,3088603010103497,-3.342388,0.591351,grouped,19
4162,3000173020100577,-4.283687,-0.014465,not_clean,-1
4163,3065419010102418,-4.730908,-0.302458,grouped,34
4164,3000173020100825,-4.386399,-0.080936,not_clean,-1
4165,3091679040103333,-4.841880,-0.374726,not_clean,-1
4166,3088603060105024,-4.057480,0.129594,not_clean,-1
4167,3000173020101025,-4.364926,-0.069330,not_clean,-1
4168,3088603010103123,-3.253130,0.643376,grouped,139
4169,3088602080104068,-3.031608,0.785654,not_clean,-1
4170,3088602080102976,-3.074788,0.757318,grouped,339
4171,3055385010100058,-4.964021,-0.458713,grouped,85
4172,3088602080102356,-3.100699,0.739260,grouped,4
4173,3091679040100893,-4.805518,-0.358197,grouped,308
4174,3088603020102568,-3.676434,0.366665,not_clean,-1
4175,3072796090100060,-2.419637,1.174316,grouped,309
4176,3088602080102288,-3.194674,0.675456,grouped,87
4177,3000173020103587,-4.201532,0.026565,grouped,253
4178,3091680050104267,-5.317755,-0.691767,grouped,317
4179,3000173020103664,-4.220771,0.012407,grouped,253
4180,3088603010102957,-3.507431,0.470783,grouped,189
4181,3072796090100072,-2.438089,1.157644,grouped,309
4182,3055385010101764,-4.977702,-0.480039,grouped,340
4183,3072796090100141,-2.449454,1.144519,not_clean,-1
4184,3055385010102309,-5.019357,-0.507866,not_clean,-1
4185,3091679040103240,-4.880467,-0.419647,grouped,80
4186,3091679040101884,-4.801248,-0.369706,grouped,15
4187,3000173020100412,-4.435335,-0.135028,not_clean,-1
4188,3055385010101835,-5.137779,-0.587098,grouped,298
4189,3088602080102949,-2.929742,0.832001,not_clean,-1
4190,3088603060107094,-4.079946,0.092074,not_clean,-1
4191,3088603010103391,-3.440361,0.503000,not_clean,-1
4192,3065419010101696,-4.508953,-0.184250,not_clean,-1
4193,3076318020100112,-2.159112,1.324703,grouped,89
4194,3088603020103282,-3.543274,0.433778,grouped,140
4195,3088603060103332,-3.870619,0.223141,grouped,105
4196,3088602080100715,-2.952136,0.812816,grouped,80
4197,3088602080102216,-3.058759,0.741734,not_clean,-1
4198,3088602080103334,-3.125283,0.698458,grouped,342
4199,3088602080101859,-3.199444,0.647779,grouped,105
4200,3065419010102072,-4.562787,-0.229858,not_clean,-1
4201,3065419010101940,-4.504263,-0.194595,not_clean,-1
4202,3055385010101528,-5.133600,-0.599466,not_clean,-1
4203,3088603060102129,-3.901855,0.190905,not_clean,-1
4204,3000173020101860,-4.379955,-0.116761,not_clean,-1
4205,3088602080103767,-3.150584,0.673090,not_clean,-1
4206,3065419010100076,-4.710952,-0.329593,grouped,68
4207,3000173020106018,-4.268747,-0.046280,not_clean,-1
4208,3065419010100249,-4.583894,-0.248827,not_clean,-1
4209,3000173020100962,-4.412048,-0.139951,grouped,140
4210,3076318020100042,-2.190111,1.284321,grouped,327
4211,3091680050103708,-5.426107,-0.794874,grouped,139
4212,3065419010100660,-4.521562,-0.213952,not_clean,-1
4213,3088602080102167,-2.868442,0.847144,grouped,63
4214,3088603020104403,-3.621999,0.362806,not_clean,-1
4215,3000173020107016,-4.160161,0.014981,grouped,109
4216,3088602080105142,-3.183582,0.642009,not_clean,-1
4217,3000173020102384,-4.280000,-0.062412,grouped,18
4218,3091679040104401,-4.792994,-0.392277,not_clean,-1
4219,3091679040102728,-4.865522,-0.440454,grouped,256
4220,3088602080102771,-3.120219,0.680629,not_clean,-1
4221,3088603010102937,-3.303354,0.561455,grouped,110
4222,3065419010100007,-4.539310,-0.233867,not_clean,-1
4223,3091679040103283,-4.830794,-0.425235,grouped,304
4224,3000173020101430,-4.408602,-0.154116,not_clean,-1
4225,3088603020102782,-3.565067,0.387267,not_clean,-1
4226,3065419010102857,-4.464506,-0.192356,grouped,140
4227,3055385010101552,-5.199018,-0.664389,not_clean,-1
4228,3088602080103042,-3.122118,0.668484,grouped,87
4229,3088602080100152,-3.129827,0.663409,grouped,23
4230,3000173020100864,-4.250714,-0.056553,grouped,253
4231,3088603010100691,-3.281425,0.564555,grouped,195
4232,3088602080103202,-2.987485,0.752701,grouped,5
4233,3091679040102518,-4.778377,-0.398428,grouped,3
4234,3088602080103036,-3.023895,0.728064,not_clean,-1
4235,3088602030101399,-2.743609,0.907400,grouped,68
4236,3072796090100009,-2.447978,1.095660,grouped,309
4237,3072796090100128,-2.388425,1.133860,not_clean,-1
4238,3088602080103236,-3.011677,0.733768,not_clean,-1
4239,3088603060102810,-3.909838,0.156146,not_clean,-1
4240,3088603010102033,-3.472155,0.437136,grouped,313
4241,3072796090100078,-2.350685,1.157011,not_clean,-1
4242,3091680050105466,-5.396748,-0.799144,not_clean,-1
4243,3065419010101766,-4.724824,-0.369231,grouped,258
4244,3088603060103801,-3.931555,0.140013,not_clean,-1
4245,3065419010100436,-4.532278,-0.245865,not_clean,-1
4246,3088602080104890,-3.099741,0.672169,not_clean,-1
4247,3065419010103856,-4.430877,-0.182937,not_clean,-1
4248,3088603020100772,-3.538984,0.389781,grouped,195
4249,3088603060102606,-4.019191,0.081396,grouped,68
4250,3088602030102016,-2.769638,0.883544,not_clean,-1
4251,3091679040101267,-4.929011,-0.503762,not_clean,-1
4252,3088603020105922,-3.610355,0.342618,not_clean,-1
4253,3088602080102213,-2.921205,0.784786,not_clean,-1
4254,3000173020100077,-4.345160,-0.129620,not_clean,-1
4255,3088603010104197,-3.310460,0.533584,grouped,243
4256,3088602080102991,-3.065538,0.689862,not_clean,-1
4257,3000173020102869,-4.404332,-0.169968,not_clean,-1
4258,3000173020101805,-4.364620,-0.144967,not_clean,-1
4259,3088602080104414,-3.109118,0.659916,not_clean,-1
4260,3088602080102319,-3.085542,0.674720,not_clean,-1
4261,3065419010103181,-4.444031,-0.197876,not_clean,-1
4262,3088602080103933,-2.953249,0.758629,not_clean,-1
4263,3091679040101225,-4.873491,-0.475163,grouped,331
4264,3055385010100514,-4.978587,-0.543315,grouped,137
4265,3088602030100987,-2.814237,0.845702,grouped,60
4266,3055385010102516,-5.080827,-0.609993,not_clean,-1
4267,3065419010101836,-4.480119,-0.224800,not_clean,-1
4268,3088603020103458,-3.598139,0.341303,not_clean,-1
4269,3000173020100724,-4.397271,-0.174161,not_clean,-1
4270,3088603060104100,-3.912345,0.136997,not_clean,-1
4271,3065419010101119,-4.504525,-0.243380,not_clean,-1
4272,3088603060103305,-4.085914,0.024525,not_clean,-1
4273,3088602080105913,-3.078325,0.670734,not_clean,-1
4274,3065419010100067,-4.543508,-0.269856,not_clean,-1
4275,3088603010103759,-3.303498,0.525869,grouped,3
4276,3065419010101285,-4.489154,-0.236524,grouped,17
4277,3000173020104574,-4.235604,-0.074621,not_clean,-1
4278,3088602030103871,-2.795392,0.849641,not_clean,-1
4279,3065419010100002,-4.542639,-0.272706,not_clean,-1
4280,3088602080107416,-2.948398,0.748689,not_clean,-1
4281,3000173020101271,-4.315763,-0.128998,not_clean,-1
4282,3000173020100073,-4.330757,-0.138822,grouped,304
4283,3065419010103911,-4.524962,-0.265533,not_clean,-1
4284,3088603020101591,-3.492352,0.396978,grouped,313
4285,3065419010104567,-4.494270,-0.246608,not_clean,-1
4286,3000173020102268,-4.368313,-0.166863,not_clean,-1
4287,3088603010102236,-3.300796,0.517754,grouped,110
4288,3000173020100055,-4.360099,-0.163772,not_clean,-1
4289,3088603060104522,-3.971959,0.083773,grouped,111
4290,3088603060100819,-3.807153,0.188209,grouped,314
4291,3000173020100430,-4.256247,-0.103032,grouped,68
4292,3088603010106938,-3.311142,0.502077,grouped,111
4293,3088602030102123,-2.704475,0.890719,not_clean,-1
4294,3000173020106508,-4.244075,-0.097697,grouped,253
4295,3088602080101625,-2.928040,0.746273,grouped,339
4296,3091679150101035,-5.213827,-0.720993,grouped,306
4297,3088602080100486,-2.932185,0.742525,grouped,316
4298,3065419010105684,-4.494040,-0.260933,not_clean,-1
4299,3055385010100006,-5.007866,-0.591892,grouped,324
4300,3065419010100616,-4.506224,-0.270070,not_clean,-1
4301,3091679040100867,-4.798202,-0.457663,grouped,5
4302,3065419010101756,-4.379305,-0.189238,not_clean,-1
4303,3065419010100097,-4.520959,-0.280425,not_clean,-1
4304,3088603060103869,-3.926605,0.100328,not_clean,-1
4305,3065419010102840,-4.458489,-0.242443,grouped,19
4306,3000173020102011,-4.269565,-0.122321,not_clean,-1
4307,3088603060101341,-4.037517,0.025844,grouped,111
4308,3088602030104763,-2.713201,0.874735,not_clean,-1
4309,3091679040102913,-4.849504,-0.497182,grouped,5
4310,3088602030100946,-2.655973,0.909618,grouped,68
4311,3091680050103984,-5.269227,-0.768255,grouped,340
4312,3088602080107162,-3.039262,0.661754,not_clean,-1
4313,3091679040100015,-4.896044,-0.529770,grouped,253
4314,3088603020106315,-3.466781,0.386872,not_clean,-1
4315,3088602030100439,-2.757308,0.841390,not_clean,-1
4316,3091680050100325,-5.244402,-0.754002,grouped,298
4317,3088603020104704,-3.541567,0.337999,grouped,337
4318,3065419010101577,-4.494420,-0.273810,not_clean,-1
4319,3088603060107164,-4.053108,0.008726,not_clean,-1
4320,3088602080101133,-2.999851,0.683717,grouped,331
4321,3065419010100948,-4.660495,-0.382312,grouped,6
4322,3065419010103114,-4.384420,-0.207591,not_clean,-1
4323,3088603020100760,-3.606527,0.290660,grouped,193
4324,3088602080102610,-3.143834,0.587245,not_clean,-1
4325,3000173020107502,-4.217676,-0.102043,not_clean,-1
4326,3088602080102878,-3.026409,0.661660,not_clean,-1
4327,3000173020100553,-4.297843,-0.154396,grouped,339
4328,3065419010102308,-4.496274,-0.283104,not_clean,-1
4329,3088603020104828,-3.443067,0.386799,not_clean,-1
4330,3088602080101743,-3.057795,0.632100,grouped,253
4331,3088603020102072,-3.609122,0.276375,not_clean,-1
4332,3088602080104253,-3.156812,0.564491,grouped,5
4333,3088602030101600,-2.845030,0.762287,grouped,24
4334,3088603020100467,-3.747883,0.182636,not_clean,-1
4335,3088603060102417,-3.824690,0.132431,not_clean,-1
4336,3000173020107629,-4.133831,-0.067003,grouped,106
4337,3088602080103301,-2.927990,0.705167,not_clean,-1
4338,3065419010100503,-4.428413,-0.256926,not_clean,-1
4339,3000173020103603,-4.302725,-0.176472,grouped,317
4340,3065419010101190,-4.499428,-0.303808,not_clean,-1
4341,3088602030102010,-2.754420,0.813950,not_clean,-1
4342,3088603060104751,-4.049628,-0.016650,not_clean,-1
4343,3065419010101005,-4.361943,-0.221760,grouped,139
4344,3088603020105437,-3.531955,0.306400,not_clean,-1
4345,3091679040101118,-4.852913,-0.541847,not_clean,-1
4346,3065419010102411,-4.411564,-0.259188,not_clean,-1
4347,3065419010101685,-4.505894,-0.319705,not_clean,-1
4348,3065419010102194,-4.579158,-0.367426,grouped,0
4349,3088603020100017,-3.577200,0.274034,grouped,315
4350,3088602110100609,-3.274294,0.466986,grouped,110
4351,3088602080103794,-3.017535,0.630110,not_clean,-1
4352,3088602080102291,-2.938278,0.680026,not_clean,-1
4353,3088603060105478,-3.911179,0.054992,not_clean,-1
4354,3065419010100157,-4.545948,-0.352697,not_clean,-1
4355,3088603060100029,-3.823035,0.110435,grouped,140
4356,3091679030102084,-4.827346,-0.535018,grouped,6
4357,3088602080100378,-2.950528,0.667397,grouped,108
4358,3091679030101055,-4.723834,-0.469757,grouped,105
4359,3088603060104810,-4.053010,-0.040952,not_clean,-1
4360,3088603020104429,-3.543687,0.284230,not_clean,-1
4361,3088603060104069,-3.948464,0.022761,grouped,314
4362,3088602030108386,-2.808377,0.752520,not_clean,-1
4363,3065419010102567,-4.370488,-0.248899,not_clean,-1
4364,3065419010100921,-4.426942,-0.285360,not_clean,-1
4365,3088603060101080,-3.864971,0.074669,not_clean,-1
4366,3088602030103119,-2.867524,0.712492,grouped,243
4367,3065419010102036,-4.380845,-0.257539,grouped,19
4368,3088602110100818,-3.260883,0.458944,grouped,342
4369,3088603020100411,-3.609346,0.234950,grouped,315
4370,3088603020104118,-3.517414,0.292493,grouped,107
4371,3088603020106698,-3.457284,0.330684,not_clean,-1
4372,3088602030100531,-2.655138,0.843076,grouped,134
4373,3065419010104354,-4.360143,-0.250137,grouped,17
4374,3065419010103277,-4.309966,-0.218460,not_clean,-1
4375,3065419010100909,-4.383832,-0.265823,not_clean,-1
4376,3088603090102932,-4.212313,-0.157131,not_clean,-1
4377,3065419010100046,-4.595391,-0.402984,not_clean,-1
4378,3065419010100303,-4.615441,-0.416466,not_clean,-1
4379,3065419010102334,-4.395777,-0.276420,not_clean,-1
4380,3065419010108536,-4.591935,-0.403163,not_clean,-1
4381,3088603020100921,-3.617064,0.220600,grouped,314
4382,3065419010101074,-4.569583,-0.390540,not_clean,-1
4383,3088602030102567,-2.819543,0.729054,grouped,71
4384,3088603060104635,-4.005434,-0.030766,grouped,141
4385,3065419010106357,-4.432101,-0.304907,not_clean,-1
4386,3088603020107184,-3.527049,0.273549,not_clean,-1
4387,3088602080102770,-2.934785,0.652808,not_clean,-1
4388,3088602030105654,-2.717965,0.790753,grouped,259
4389,3088602110102481,-3.370262,0.372471,grouped,107
4390,3065419010100772,-4.512157,-0.360711,not_clean,-1
4391,3088602080100299,-2.964012,0.628051,grouped,143
4392,3091680050105712,-5.188432,-0.796895,grouped,307
4393,3088602030102102,-2.616658,0.849721,grouped,85
4394,3088603020101180,-3.706114,0.151280,grouped,139
4395,3088602080101463,-2.950190,0.635274,grouped,23
4396,3088602080104252,-3.011674,0.595560,not_clean,-1
4397,3088603060105350,-3.943466,-0.001921,not_clean,-1
4398,3088602030102449,-2.877776,0.680135,not_clean,-1
4399,3088603060105351,-3.879772,0.038452,grouped,140
4400,3065419010100074,-4.542014,-0.386182,not_clean,-1
4401,3088602030102263,-2.531720,0.900852,not_clean,-1
4402,3088603060101593,-3.781827,0.099928,not_clean,-1
4403,3065419010100593,-4.534020,-0.381829,not_clean,-1
4404,3065419010107076,-4.317117,-0.243026,not_clean,-1
4405,3091679030101958,-4.727706,-0.507347,not_clean,-1
4406,3065419010108447,-4.510079,-0.368738,grouped,6
4407,3088603090103797,-4.092713,-0.102346,not_clean,-1
4408,3088602080107694,-3.021156,0.583460,not_clean,-1
4409,3065419010102183,-4.494880,-0.360535,not_clean,-1
4410,3088603060102225,-3.889017,0.026195,grouped,108
4411,3065419010100519,-4.624244,-0.444700,grouped,256
4412,3088603060102678,-3.953361,-0.017210,grouped,38
4413,3091679030103504,-4.770680,-0.541168,not_clean,-1
4414,3088602080105882,-2.923543,0.640698,not_clean,-1
4415,3088602080103147,-3.172327,0.480690,grouped,194
4416,3088602080102596,-3.066783,0.547957,not_clean,-1
4417,3088603060100096,-3.727669,0.124546,grouped,140
4418,3088602030104448,-2.523469,0.895114,grouped,106
4419,3091679040104977,-4.848796,-0.596982,grouped,317
4420,3088602030102336,-2.704323,0.774644,not_clean,-1
4421,3091679030103636,-4.810731,-0.574967,not_clean,-1
4422,3088603060105972,-3.890492,0.014039,not_clean,-1
4423,3088602080101429,-3.017541,0.572617,grouped,341
4424,3088602080100705,-2.970794,0.600041,grouped,204
4425,3088602110101572,-3.207632,0.446592,grouped,111
4426,3088603020106666,-3.451372,0.289000,not_clean,-1
4427,3065419010100190,-4.479963,-0.370163,grouped,5
4428,3088602030100940,-2.834736,0.682414,grouped,331
4429,3088602030102714,-2.518051,0.883939,not_clean,-1
4430,3088602030107496,-2.758946,0.726772,not_clean,-1
4431,3065419010100099,-4.401858,-0.324916,not_clean,-1
4432,3088602080100899,-3.006311,0.567518,not_clean,-1
4433,3065419010100624,-4.417300,-0.335887,not_clean,-1
4434,3088603060103952,-3.865672,0.014952,grouped,15
4435,3088602030103691,-2.512309,0.880465,not_clean,-1
4436,3088602110101934,-3.158536,0.466815,grouped,24
4437,3088603090101733,-4.115452,-0.146322,grouped,42
4438,3065419010102993,-4.496257,-0.391523,not_clean,-1
4439,3088602130104074,-3.706039,0.112317,not_clean,-1
4440,3065419010102682,-4.376786,-0.317911,not_clean,-1
4441,3065419010101158,-4.564618,-0.438581,not_clean,-1
4442,3065419010100491,-4.572869,-0.444286,not_clean,-1
4443,3088603090103762,-4.128547,-0.161674,not_clean,-1
4444,3088602030102821,-2.515653,0.869880,not_clean,-1
4445,3088603060101570,-3.841396,0.021412,not_clean,-1
4446,3088602130103266,-3.505896,0.236001,not_clean,-1
4447,3065419010100130,-4.331526,-0.292321,grouped,256
4448,3088602110102136,-3.181493,0.443520,not_clean,-1
4449,3088602080100104,-2.881814,0.634572,grouped,68
4450,3088602030103046,-2.581437,0.825633,grouped,247
4451,3088603060101839,-3.942030,-0.044964,grouped,37
4452,3065419010100597,-4.400762,-0.339344,not_clean,-1
4453,3084021110101419,-4.859251,-0.633040,grouped,331
4454,3088602030106287,-2.777207,0.698633,not_clean,-1
4455,3088602080100663,-3.041831,0.528390,not_clean,-1
4456,3088602030100172,-2.602200,0.809489,not_clean,-1
4457,3088602030106843,-2.518977,0.859874,grouped,65
4458,3088603060101962,-3.885327,-0.014708,not_clean,-1
4459,3088602030100086,-2.714277,0.733457,not_clean,-1
4460,3088602030103675,-2.526290,0.852901,not_clean,-1
4461,3065419010100986,-4.308337,-0.288189,grouped,5
4462,3088603090101508,-4.246717,-0.249327,not_clean,-1
4463,3088602030103946,-2.561909,0.828403,not_clean,-1
4464,3088602130101816,-3.534761,0.204909,grouped,316
4465,3088602130104172,-3.634582,0.140648,grouped,195
4466,3088602130104050,-3.472244,0.241272,not_clean,-1
4467,3065419010101898,-4.405744,-0.357272,grouped,122
4468,3088603060107451,-3.753293,0.060070,not_clean,-1
4469,3091679030102016,-4.778561,-0.596545,grouped,138
4470,3088603060100218,-3.957790,-0.071593,grouped,139
4471,3088602030105236,-2.853502,0.633996,not_clean,-1
4472,3088602130104065,-3.560077,0.181889,not_clean,-1
4473,3088601120104858,-2.371114,0.938731,not_clean,-1
4474,3088601120104105,-2.412441,0.912273,not_clean,-1
4475,3084021110101014,-4.923207,-0.695476,not_clean,-1
4476,3088603090101900,-4.030079,-0.125798,not_clean,-1
4477,3088603060103920,-3.918815,-0.054882,not_clean,-1
4478,3088602130101804,-3.541850,0.186179,not_clean,-1
4479,3084021110101303,-4.934083,-0.704831,not_clean,-1
4480,3065419010101505,-4.381262,-0.351495,grouped,256
4481,3088603060105313,-3.970579,-0.089307,not_clean,-1
4482,3088602030102396,-2.712573,0.714360,not_clean,-1
4483,3088602130100350,-3.534498,0.188586,grouped,194
4484,3088603090105017,-4.087568,-0.167416,not_clean,-1
4485,3088601120107521,-2.375787,0.925621,not_clean,-1
4486,3088602030104300,-2.518319,0.834243,not_clean,-1
4487,3088602110104364,-3.128442,0.444165,not_clean,-1
4488,3065419010101767,-4.356328,-0.341086,not_clean,-1
4489,3088603090101031,-4.227992,-0.259162,not_clean,-1
4490,3088603090102885,-4.093302,-0.173157,not_clean,-1
4491,3088602110107093,-3.345538,0.304636,not_clean,-1
4492,3088602130102287,-3.563178,0.165417,grouped,315
4493,3088603090100615,-4.189760,-0.236424,grouped,331
4494,3065419010100608,-4.509436,-0.441314,grouped,324
4495,3088602080104437,-2.989046,0.530584,not_clean,-1
4496,3065419010100828,-4.398022,-0.371646,grouped,0
4497,3088603090105164,-4.108483,-0.186802,not_clean,-1
4498,3088602030107300,-2.718320,0.701017,not_clean,-1
4499,3088602110100488,-3.215193,0.382822,grouped,308
4500,3065419010100945,-4.368638,-0.354984,not_clean,-1
4501,3088601120101541,-2.385929,0.912031,not_clean,-1
4502,3088603090101395,-4.278162,-0.297751,grouped,139
4503,3088602130105055,-3.666019,0.093548,grouped,29
4504,3088603090105477,-4.140941,-0.211550,grouped,139
4505,3065419010100224,-4.448556,-0.408288,grouped,340
4506,3065419010100620,-4.489743,-0.435362,not_clean,-1
4507,3088603060107093,-3.725279,0.052926,not_clean,-1
4508,3084021110100780,-4.959443,-0.736051,grouped,298
4509,3088603090103829,-4.287291,-0.306650,grouped,106
4510,3088602080105301,-2.934967,0.557747,not_clean,-1
4511,3088603060100718,-3.829788,-0.015376,grouped,108
4512,3084021110101440,-4.951686,-0.733023,grouped,298
4513,3091679030101020,-4.714382,-0.581939,grouped,37
4514,3088602130104286,-3.584012,0.139910,not_clean,-1
4515,3088602030101449,-2.745368,0.675562,grouped,204
4516,3088603090105601,-4.157838,-0.227558,grouped,17
4517,3088603090101913,-4.178084,-0.240761,not_clean,-1
4518,3088602030100861,-2.838519,0.615214,not_clean,-1
4519,3088602130101222,-3.532498,0.171565,grouped,193
4520,3084021110101103,-4.766224,-0.617914,not_clean,-1
4521,3065419010102877,-4.428935,-0.403870,grouped,340
4522,3091679030105245,-4.743751,-0.605314,not_clean,-1
4523,3065419010101763,-4.365376,-0.363958,grouped,340
4524,3088604030102784,-4.300173,-0.322662,grouped,9
4525,3088603090105226,-4.016885,-0.141706,not_clean,-1
4526,3088603060102423,-3.738894,0.035803,not_clean,-1
4527,3091679030101661,-4.639928,-0.542043,not_clean,-1
4528,3065419010102436,-4.510414,-0.460257,not_clean,-1
4529,3088601120105515,-2.319987,0.938416,grouped,94
4530,3088603060105276,-3.950419,-0.103614,not_clean,-1
4531,3091679030100728,-4.607804,-0.523870,grouped,10
4532,3084021110103803,-4.775047,-0.631788,grouped,317
4533,3088602030100096,-2.598951,0.758738,grouped,18
4534,3088602130102059,-3.711693,0.046030,grouped,107
4535,3088603060100974,-3.927993,-0.092614,grouped,68
4536,3088603090101672,-4.130394,-0.222020,not_clean,-1
4537,3088602030102548,-2.836406,0.604755,grouped,87
4538,3088602060103599,-2.913061,0.554360,not_clean,-1
4539,3088602130102911,-3.608306,0.108984,not_clean,-1
4540,3091679030100311,-4.579966,-0.512167,grouped,9
4541,3065419010100524,-4.544805,-0.490782,grouped,6
4542,3088602130101168,-3.624834,0.096819,grouped,42
4543,3088602080106495,-3.082880,0.442731,grouped,15
4544,3088602030100973,-2.668480,0.706968,not_clean,-1
4545,3084021110104576,-4.913102,-0.727385,not_clean,-1
4546,3088601120105953,-2.354658,0.907124,not_clean,-1
4547,3088601120105181,-2.365973,0.896355,not_clean,-1
4548,3065419010104075,-4.342233,-0.366853,not_clean,-1
4549,3088602110106493,-3.251493,0.329699,not_clean,-1
4550,3088602030101946,-2.600014,0.745785,grouped,18
4551,3088602130103088,-3.593402,0.110726,not_clean,-1
4552,3088601120105295,-2.405664,0.868032,not_clean,-1
4553,3088602060100393,-3.026374,0.470793,grouped,316
4554,3065419010104108,-4.407541,-0.412583,grouped,256
4555,3088602060101635,-2.923302,0.535668,not_clean,-1
4556,3088603090108144,-4.092883,-0.211764,not_clean,-1
4557,3088602130103551,-3.569796,0.122033,not_clean,-1
4558,3084021110104417,-4.893165,-0.723555,not_clean,-1
4559,3088603060104384,-3.735387,0.014951,not_clean,-1
4560,3088602110103097,-3.258076,0.319687,not_clean,-1
4561,3088602030106704,-2.704047,0.673286,not_clean,-1
4562,3091679030103687,-4.693006,-0.597623,not_clean,-1
4563,3065419010100626,-4.546765,-0.506254,not_clean,-1
4564,3084021110102688,-4.940821,-0.758698,not_clean,-1
4565,3065419010100017,-4.360335,-0.388198,grouped,109
4566,3088602110104409,-3.331606,0.267450,grouped,68
4567,3088603090102557,-4.194398,-0.285339,grouped,24
4568,3088603090102322,-4.265827,-0.331437,not_clean,-1
4569,3088602130100725,-3.556283,0.121476,not_clean,-1
4570,3088603090100154,-4.045520,-0.192358,grouped,106
4571,3065419010100798,-4.482993,-0.472817,not_clean,-1
4572,3065419010101478,-4.535220,-0.506888,not_clean,-1
4573,3091679030102430,-4.700185,-0.613286,grouped,9
4574,3088602130105214,-3.538008,0.127786,not_clean,-1
4575,3088601120101188,-2.340546,0.891249,not_clean,-1
4576,3084021110103159,-4.822819,-0.694844,not_clean,-1
4577,3088603090105963,-4.069696,-0.214101,not_clean,-1
4578,3055045150120858,-1.209230,1.611326,grouped,152
4579,3088602110100345,-3.192788,0.344789,grouped,68
4580,3088602030101435,-2.832437,0.573777,not_clean,-1
4581,3088602030101617,-2.552968,0.752039,grouped,65
4582,3088603090101152,-4.201160,-0.301721,grouped,317
4583,3055045150120800,-1.264998,1.572662,not_clean,-1
4584,3084021110100928,-4.903156,-0.750929,not_clean,-1
4585,3088602030100471,-2.522997,0.768891,grouped,108
4586,3088602130100984,-3.383119,0.219547,grouped,337
4587,3088603060101797,-3.726986,-0.000397,not_clean,-1
4588,3088601120105430,-2.367379,0.866224,not_clean,-1
4589,3088602060104120,-2.921085,0.512276,not_clean,-1
4590,3088602130101078,-3.712024,0.006819,not_clean,-1
4591,3088603060100871,-3.859001,-0.087439,grouped,24
4592,3088603090101414,-4.098566,-0.240636,not_clean,-1
4593,3065419010101713,-4.463296,-0.474274,grouped,331
4594,3088602110101241,-3.181363,0.344016,not_clean,-1
4595,3091679030101131,-4.541335,-0.525480,not_clean,-1
4596,3065419010100676,-4.390206,-0.429678,grouped,122
4597,3088602060104762,-2.991752,0.463158,not_clean,-1
4598,3055045150120020,-1.259454,1.567327,grouped,167
4599,3088603060105097,-3.838128,-0.080564,not_clean,-1
4600,3091679030103935,-4.599953,-0.567085,grouped,6
4601,3088602130101801,-3.561710,0.095399,not_clean,-1
4602,3084021110101857,-4.855466,-0.730704,not_clean,-1
4603,3088602110101143,-3.153143,0.355928,grouped,139
4604,3088603060104871,-3.912073,-0.128905,not_clean,-1
4605,3088603060105141,-3.773212,-0.041756,not_clean,-1
4606,3088602130103423,-3.503038,0.130279,not_clean,-1
4607,3088602060101359,-2.909532,0.508268,not_clean,-1
4608,3088603060101372,-3.943451,-0.152813,grouped,22
4609,3088602110102571,-3.211931,0.312832,grouped,35
4610,3088602130103049,-3.530911,0.108137,not_clean,-1
4611,3055045150122498,-1.278888,1.544683,grouped,152
4612,3088603060100745,-3.780336,-0.052099,grouped,5
4613,3065419010104847,-4.420302,-0.460732,not_clean,-1
4614,3088603090100402,-4.157377,-0.293115,grouped,317
4615,3088601120102822,-2.475963,0.780124,not_clean,-1
4616,3088603060102391,-3.749190,-0.033847,not_clean,-1
4617,3088602030101024,-2.659955,0.659881,grouped,338
4618,3084021110102485,-4.862403,-0.747142,not_clean,-1
4619,3088602030103566,-2.799871,0.568720,not_clean,-1
4620,3088602030102875,-2.605481,0.692770,grouped,43
4621,3088602030103145,-2.756930,0.595928,grouped,1
4622,3088603090102153,-4.202286,-0.326727,not_clean,-1
4623,3065419010100010,-4.371104,-0.434913,grouped,4
4624,3091679030102475,-4.674441,-0.629838,not_clean,-1
4625,3088602110105566,-3.309024,0.241258,not_clean,-1
4626,3088602030102538,-2.637860,0.669157,not_clean,-1
4627,3088602030102653,-2.734772,0.607305,not_clean,-1
4628,3088603060102754,-3.921904,-0.152653,not_clean,-1
4629,3088604030106822,-4.347436,-0.426016,not_clean,-1
4630,3088601120103843,-2.354963,0.844221,not_clean,-1
4631,3088604030104113,-4.274004,-0.382498,not_clean,-1
4632,3055045150122399,-1.203663,1.573989,not_clean,-1
4633,3088602030104492,-2.630940,0.663553,not_clean,-1
4634,3088602110105286,-3.339247,0.211385,not_clean,-1
4635,3088602110103118,-3.150416,0.331758,not_clean,-1
4636,3088603060103720,-3.703504,-0.021345,not_clean,-1
4637,3088604030104943,-4.289167,-0.395184,not_clean,-1
4638,3088603060100766,-3.747600,-0.050515,grouped,104
4639,3088603060104240,-3.944885,-0.176537,not_clean,-1
4640,3055045150121259,-1.157729,1.600359,grouped,163
4641,3088603060106145,-3.728111,-0.041186,not_clean,-1
4642,3088603090104638,-4.101762,-0.279954,not_clean,-1
4643,3088602060103281,-2.860563,0.511293,not_clean,-1
4644,3088602130106574,-3.523450,0.087846,not_clean,-1
4645,3088603060103393,-3.930733,-0.174628,not_clean,-1
4646,3088601120105033,-2.328754,0.847024,not_clean,-1
4647,3088602110104908,-3.330441,0.207359,not_clean,-1
4648,3088604030105919,-4.441461,-0.502034,not_clean,-1
4649,3088602110104126,-3.161962,0.310351,not_clean,-1
4650,3088602030102221,-2.635573,0.645935,grouped,8
4651,3088601120120875,-2.220133,0.910246,not_clean,-1
4652,3088601120101832,-2.219886,0.910009,grouped,69
4653,3084021110101130,-4.762964,-0.713059,not_clean,-1
4654,3088602030102649,-2.786800,0.546326,grouped,316
4655,3091679030103389,-4.583895,-0.600164,not_clean,-1
4656,3091679030100239,-4.608256,-0.615762,not_clean,-1
4657,3091679030100035,-4.621071,-0.624519,not_clean,-1
4658,3088603090105295,-3.981106,-0.216429,not_clean,-1
4659,3088603090103844,-4.149933,-0.324822,not_clean,-1
4660,3088601120107502,-2.297875,0.856109,not_clean,-1
4661,3088602130100707,-3.466706,0.110115,not_clean,-1
4662,3088602030103078,-2.761007,0.559818,grouped,193
4663,3088602130100270,-3.599754,0.023886,grouped,139
4664,3088603090101626,-4.153610,-0.330100,not_clean,-1
4665,3055045150123212,-1.227407,1.534486,grouped,293
4666,3088602130104837,-3.438587,0.124719,not_clean,-1
4667,3088602130102488,-3.576513,0.036366,not_clean,-1
4668,3088603090100764,-4.235252,-0.384428,grouped,340
4669,3084021110101327,-4.698397,-0.680059,grouped,298
4670,3091679030100450,-4.603132,-0.619802,grouped,143
4671,3088603090101443,-3.982822,-0.224272,grouped,5
4672,3088602130102817,-3.413242,0.137957,not_clean,-1
4673,3088601120120757,-2.144713,0.945690,not_clean,-1
4674,3088601120101431,-2.144881,0.945312,not_clean,-1
4675,3088602130103111,-3.659258,-0.022304,not_clean,-1
4676,3088601120105936,-2.174828,0.924254,not_clean,-1
4677,3088603090100793,-4.072284,-0.286246,grouped,122
4678,3088601120102785,-2.474981,0.732075,grouped,60
4679,3088603160102304,-4.314073,-0.441089,not_clean,-1
4680,3088602030101521,-2.633482,0.629956,grouped,139
4681,3088602030103309,-2.601875,0.650030,grouped,69
4682,3091679030101725,-4.652135,-0.658019,grouped,138
4683,3088602110104622,-3.335066,0.181811,not_clean,-1
4684,3088602130103352,-3.450109,0.108256,not_clean,-1
4685,3088602060102128,-2.935420,0.436388,grouped,195
4686,3088603160100697,-4.318076,-0.446056,grouped,308
4687,3088603090104052,-4.078747,-0.293507,not_clean,-1
4688,3088602110108325,-3.283026,0.212961,not_clean,-1
4689,3084021110103590,-4.694262,-0.687140,not_clean,-1
4690,3091679030102026,-4.559440,-0.601524,grouped,136
4691,3088601120120809,-2.128465,0.948194,not_clean,-1
4692,3088601120101497,-2.128478,0.947945,not_clean,-1
4693,3088602030103749,-2.574518,0.663171,grouped,85
4694,3088603060105198,-3.876274,-0.167030,not_clean,-1
4695,3088603090104358,-4.015678,-0.257436,not_clean,-1
4696,3088601120102677,-2.305570,0.831799,not_clean,-1
4697,3088603160105817,-4.291918,-0.435467,not_clean,-1
4698,3088603160103056,-4.358707,-0.478074,not_clean,-1
4699,3088602130100671,-3.592844,0.008448,grouped,68
4700,3088602130104909,-3.531892,0.046478,grouped,194
4701,3088602130103825,-3.601268,0.002078,not_clean,-1
4702,3088602130105488,-3.519168,0.054292,not_clean,-1
4703,3088602130105431,-3.542997,0.038559,not_clean,-1
4704,3088602130102075,-3.569352,0.020281,not_clean,-1
4705,3088601120100780,-2.339032,0.802848,grouped,61
4706,3088602060100913,-2.866247,0.465705,grouped,139
4707,3091679030102950,-4.574435,-0.624815,not_clean,-1
4708,3088602030102773,-2.539167,0.670779,grouped,338
4709,3088601120122171,-2.223726,0.870633,not_clean,-1
4710,3088603090107947,-3.992743,-0.257108,not_clean,-1
4711,3088601120106882,-2.223365,0.870124,not_clean,-1
4712,3088602030104255,-2.522965,0.677990,not_clean,-1
4713,3088602130105924,-3.507122,0.050493,not_clean,-1
4714,3091679030100682,-4.633314,-0.668384,grouped,70
4715,3088603090106867,-4.153953,-0.364781,not_clean,-1
4716,3088603160100414,-4.278358,-0.444213,not_clean,-1
4717,3088604030105074,-4.436326,-0.545408,grouped,133
4718,3088602130100193,-3.547069,0.019819,grouped,68
4719,3088603160101063,-4.255108,-0.431653,not_clean,-1
4720,3088602130104166,-3.537535,0.023546,not_clean,-1
4721,3088602060101734,-2.828295,0.475456,not_clean,-1
4722,3088602030101660,-2.715947,0.546102,grouped,195
4723,3088603040102586,-3.685406,-0.072153,not_clean,-1
4724,3088603160103774,-4.349405,-0.495837,grouped,9
4725,3088603040103905,-3.709533,-0.088522,grouped,87
4726,3088601120104611,-2.415457,0.735233,not_clean,-1
4727,3088602130105416,-3.518481,0.032158,not_clean,-1
4728,3088602030102171,-2.757038,0.517370,grouped,314
4729,3055045150121187,-1.244115,1.479983,grouped,97
4730,3088603040100789,-3.878943,-0.200096,not_clean,-1
4731,3088602130105319,-3.499592,0.040859,not_clean,-1
4732,3088602110101736,-3.169090,0.248111,grouped,189
4733,3088603090101087,-3.936601,-0.241369,grouped,258
4734,3088602130104210,-3.448966,0.069019,not_clean,-1
4735,3088603090104155,-4.053092,-0.316772,grouped,331
4736,3084021110100098,-4.765177,-0.770585,grouped,292
4737,3088601120101887,-2.159977,0.889061,not_clean,-1
4738,3088601120120907,-2.159702,0.889152,not_clean,-1
4739,3088603160103180,-4.357031,-0.511678,grouped,5
4740,3088603090102829,-3.970284,-0.265312,not_clean,-1
4741,3088602110100800,-3.228010,0.207277,grouped,314
4742,3088603090105231,-3.976844,-0.270161,not_clean,-1
4743,3088601120103324,-2.305980,0.794157,not_clean,-1
4744,3088601120100999,-2.365977,0.755000,grouped,24
4745,3088603090101827,-4.180468,-0.401523,not_clean,-1
4746,3088603090100957,-3.919826,-0.236739,not_clean,-1
4747,3088602130100908,-3.471209,0.048701,not_clean,-1
4748,3088602060101884,-3.043293,0.319829,grouped,24
4749,3088602130105207,-3.652337,-0.069738,not_clean,-1
4750,3088602030102057,-2.490526,0.669445,grouped,81
4751,3088602030101073,-2.757798,0.498780,not_clean,-1
4752,3088601120103427,-2.306647,0.785871,not_clean,-1
4753,3088602060102302,-2.779235,0.484416,grouped,0
4754,3088603160105799,-4.346901,-0.514718,grouped,4
4755,3088603090100958,-3.921203,-0.244625,grouped,88
4756,3091679030102875,-4.626864,-0.694384,grouped,331
4757,3088602030101087,-2.523949,0.641925,grouped,9
4758,3088603160103627,-4.270691,-0.470829,not_clean,-1
4759,3088603040100938,-3.784579,-0.161474,grouped,22
4760,3088602030104840,-2.739143,0.504398,grouped,4
4761,3088603040108533,-3.822956,-0.187030,not_clean,-1
4762,3088601120102761,-2.231312,0.826769,grouped,74
4763,3055045150120512,-1.008052,1.605086,grouped,152
4764,3088602060103876,-2.955137,0.365340,not_clean,-1
4765,3088602130103011,-3.434712,0.059485,grouped,107
4766,3088602060103171,-2.977491,0.349162,not_clean,-1
4767,3088603040104230,-3.856015,-0.210807,grouped,331
4768,3088603090101846,-4.002316,-0.304089,grouped,206
4769,3088602130103360,-3.540712,-0.011116,grouped,342
4770,3088603160100478,-4.388814,-0.551506,grouped,10
4771,3091679030108456,-4.555753,-0.658010,not_clean,-1
4772,3088603160101280,-4.281151,-0.483337,grouped,306
4773,3088602030105716,-2.511405,0.643286,not_clean,-1
4774,3091679030100738,-4.575091,-0.673973,grouped,70
4775,3055045150120598,-1.137861,1.514434,not_clean,-1
4776,3088602030106259,-2.482312,0.657870,grouped,8
4777,3088602110103714,-3.185762,0.209675,not_clean,-1
4778,3088603090106794,-3.921186,-0.259716,not_clean,-1
4779,3084021110106312,-4.807795,-0.824563,not_clean,-1
4780,3088603090104350,-3.968486,-0.292336,grouped,256
4781,3088602030100478,-2.612784,0.570914,grouped,23
4782,3088602110106591,-3.103108,0.258124,not_clean,-1
4783,3088602030103055,-2.720825,0.500776,not_clean,-1
4784,3088602110101148,-3.140128,0.233384,grouped,337
4785,3088603040100444,-3.901333,-0.251517,grouped,136
4786,3055045150122974,-1.094195,1.535348,grouped,293
4787,3088602060101142,-2.846478,0.420106,not_clean,-1
4788,3088602060101682,-2.758222,0.475920,not_clean,-1
4789,3088603040104583,-3.737848,-0.148473,grouped,19
4790,3088603090103805,-4.207118,-0.447339,not_clean,-1
4791,3088601120103779,-2.251992,0.797404,not_clean,-1
4792,3088603090101350,-4.004829,-0.319099,grouped,74
4793,3088602060103306,-2.948105,0.353182,grouped,105
4794,3055045150122531,-1.268770,1.421866,grouped,293
4795,3088603040102481,-3.839636,-0.214961,grouped,137
4796,3088603040104288,-3.899990,-0.253988,grouped,88
4797,3088601120100673,-2.313036,0.756272,grouped,89
4798,3088603160100207,-4.260225,-0.483769,not_clean,-1
4799,3088602030100981,-2.727336,0.491122,not_clean,-1
4800,3088602130102518,-3.441033,0.035853,not_clean,-1
4801,3088602130106733,-3.302772,0.123706,not_clean,-1
4802,3088602130101081,-3.459091,0.023348,grouped,194
4803,3088602130102877,-3.543313,-0.030939,grouped,206
4804,3088602130102089,-3.620715,-0.080278,not_clean,-1
4805,3088602130105131,-3.375985,0.072864,not_clean,-1
4806,3088603160105239,-4.349901,-0.548553,not_clean,-1
4807,3088602130102188,-3.477670,0.005641,grouped,23
4808,3088603040101610,-3.717009,-0.147715,grouped,22
4809,3088601120100352,-2.306318,0.749428,grouped,89
4810,3055045150121936,-1.033685,1.558027,not_clean,-1
4811,3088603090103131,-4.204508,-0.460051,grouped,139
4812,3088601120120137,-2.193307,0.820045,grouped,8
4813,3088602100101753,-3.148556,0.211953,grouped,5
4814,3088601120100254,-2.193221,0.819999,not_clean,-1
4815,3088603090104784,-4.069965,-0.375226,not_clean,-1
4816,3088601120106121,-2.246581,0.785061,not_clean,-1
4817,3088603160102658,-4.406880,-0.590310,not_clean,-1
4818,3088603090106280,-3.962510,-0.307676,not_clean,-1
4819,3088602030102024,-2.538407,0.598861,grouped,110
4820,3088602130101485,-3.359709,0.075722,grouped,87
4821,3084021110102504,-4.614290,-0.723548,grouped,297
4822,3088602130103584,-3.317608,0.100050,not_clean,-1
4823,3088602060102378,-2.860001,0.390275,not_clean,-1
4824,3084021110106058,-4.728790,-0.800780,grouped,292
4825,3088603040102487,-3.713634,-0.154855,not_clean,-1
4826,3088601120102030,-2.430755,0.661654,not_clean,-1
4827,3088603090101024,-3.990513,-0.331197,grouped,316
4828,3088603090100316,-3.954422,-0.308341,grouped,81
4829,3088602130101214,-3.478293,-0.005638,not_clean,-1
4830,3088603040103380,-3.753640,-0.181456,not_clean,-1
4831,3088602130101002,-3.549763,-0.052187,nan_hardness,-1
4832,3088601120101025,-2.375933,0.694703,not_clean,-1
4833,3088602060104580,-2.843778,0.395665,grouped,110
4834,3088603160105760,-4.364784,-0.572844,grouped,5
4835,3088603040100231,-3.742196,-0.176873,not_clean,-1
4836,3088602130100768,-3.359251,0.066535,grouped,43
4837,3084021110101868,-4.784792,-0.841140,grouped,148
4838,3088602030101954,-2.699228,0.485092,not_clean,-1
4839,3088602130103557,-3.430767,0.019173,not_clean,-1
4840,3088601120105840,-2.126072,0.848868,not_clean,-1
4841,3088602060101629,-3.016823,0.280724,not_clean,-1
4842,3088602060102978,-2.735251,0.459872,not_clean,-1
4843,3088602130105039,-3.341201,0.074034,grouped,193
4844,3088601120103741,-2.174478,0.816320,not_clean,-1
4845,3088601120122792,-2.174392,0.816299,not_clean,-1
4846,3088603090101328,-3.941890,-0.309806,grouped,108
4847,3084021110103247,-4.735473,-0.816678,grouped,292
4848,3084021110100438,-4.716618,-0.805678,grouped,292
4849,3088603090104652,-4.021210,-0.363379,not_clean,-1
4850,3088601120107419,-2.322925,0.716648,not_clean,-1
4851,3088601080120989,-2.031075,0.901869,grouped,10
4852,3088603090103745,-3.931823,-0.308065,grouped,85
4853,3084021110106381,-4.832000,-0.881141,grouped,292
4854,3088602130101259,-3.415822,0.019826,grouped,193
4855,3088603040107860,-3.834718,-0.247863,grouped,9
4856,3088603090100313,-4.157904,-0.454244,not_clean,-1
4857,3088603090100116,-4.162301,-0.457482,not_clean,-1
4858,3055045150122743,-1.194242,1.429360,grouped,168
4859,3084021110105004,-4.686959,-0.793039,grouped,60
4860,3088601080120947,-2.129630,0.833819,grouped,11
4861,3088603090103179,-4.041957,-0.383022,grouped,42
4862,3088601120101689,-2.129542,0.833710,not_clean,-1
4863,3088603090103120,-3.947552,-0.323871,not_clean,-1
4864,3088603160101906,-4.342040,-0.575092,grouped,9
4865,3088602130104213,-3.461833,-0.015084,not_clean,-1
4866,3088602030104085,-2.442266,0.633560,grouped,106
4867,3088602030104017,-2.593894,0.537088,not_clean,-1
4868,3084021110102780,-4.784634,-0.857471,not_clean,-1
4869,3088603090107120,-3.965983,-0.336966,not_clean,-1
4870,3088601120103723,-2.306718,0.718230,not_clean,-1
4871,3084021110103016,-4.637609,-0.765309,grouped,292
4872,3088601120102081,-2.431273,0.638184,grouped,13
4873,3088602060101337,-2.733300,0.445371,not_clean,-1
4874,3088602130100667,-3.342212,0.057429,grouped,195
4875,3088602130100092,-3.394191,0.024119,grouped,137
4876,3088601080121281,-1.977235,0.925405,grouped,56
4877,3088602130108167,-3.372920,0.037197,not_clean,-1
4878,3088601080120943,-2.077805,0.860121,grouped,62
4879,3088601120102179,-2.077706,0.860123,not_clean,-1
4880,3088601080122271,-1.991973,0.913999,grouped,204
4881,3088602030103589,-2.654104,0.491562,not_clean,-1
4882,3088602060102286,-2.848552,0.367127,not_clean,-1
4883,3088602060101802,-2.884914,0.343434,grouped,187
4884,3088602130103354,-3.534785,-0.070480,not_clean,-1
4885,3055045150122768,-1.082589,1.488718,grouped,94
4886,3055045150120624,-1.013355,1.532214,grouped,168
4887,3084021110101212,-4.793247,-0.872604,grouped,292
4888,3091679030106998,-4.483458,-0.676343,grouped,62
4889,3088603040101895,-3.855465,-0.277692,grouped,77
4890,3088602130103417,-3.435179,-0.011067,not_clean,-1
4891,3088603160105924,-4.215042,-0.507572,not_clean,-1
4892,3088602060108711,-2.696622,0.458154,not_clean,-1
4893,3088602130108306,-3.348860,0.043098,not_clean,-1
4894,3088602130103580,-3.439097,-0.018153,not_clean,-1
4895,3088602030104776,-2.510788,0.571276,not_clean,-1
4896,3088602060101481,-2.775871,0.402449,not_clean,-1
4897,3084021110102156,-4.839431,-0.909946,grouped,149
4898,3088603090100575,-3.932619,-0.333471,not_clean,-1
4899,3088601080120791,-2.026741,0.877915,grouped,84
4900,3088602030104022,-2.441538,0.613763,not_clean,-1
4901,3088603160106337,-4.301454,-0.569991,not_clean,-1
4902,3088602130103581,-3.374985,0.018538,not_clean,-1
4903,3088602060102708,-2.706358,0.443262,grouped,314
4904,3088603090100050,-4.174741,-0.491653,not_clean,-1
4905,3088602130108522,-3.521208,-0.076228,not_clean,-1
4906,3088603090103068,-4.022759,-0.395897,not_clean,-1
4907,3091679030103669,-4.529925,-0.719475,not_clean,-1
4908,3088602060103760,-2.886216,0.325191,not_clean,-1
4909,3088603090101264,-4.153402,-0.480966,grouped,247
4910,3084021110102507,-4.849656,-0.923666,grouped,292
4911,3084021110107814,-4.933435,-0.977044,not_clean,-1
4912,3088603040105139,-3.885445,-0.310886,not_clean,-1
4913,3088603040102947,-3.725111,-0.209517,grouped,206
4914,3088602130101548,-3.323769,0.044436,not_clean,-1
4915,3088602130100331,-3.592546,-0.127899,grouped,253
4916,3091679030100834,-4.490211,-0.698767,grouped,106
4917,3088602130101627,-3.451960,-0.039014,grouped,331
4918,3088602100101532,-3.112672,0.176127,not_clean,-1
4919,3088603090104970,-3.960236,-0.363023,grouped,256
4920,3088603160102063,-4.252852,-0.549692,nan_hardness,-1
4921,3088603040102283,-3.851135,-0.294786,grouped,209
4922,3088601080125344,-1.933526,0.922431,not_clean,-1
4923,3088603090104216,-4.086982,-0.446816,grouped,6
4924,3088602130101213,-3.454527,-0.044789,grouped,191
4925,3088602060100926,-2.705929,0.430741,not_clean,-1
4926,3088601120105086,-2.293259,0.692460,grouped,0
4927,3084021110106300,-4.960810,-1.004535,not_clean,-1
4928,3088601120124147,-2.213892,0.741293,grouped,338
4929,3088603040103481,-3.867321,-0.310978,not_clean,-1
4930,3088603160103148,-4.325652,-0.602982,grouped,106
4931,3088603160100063,-4.217181,-0.534266,grouped,341
4932,3088602130105443,-3.459225,-0.053191,grouped,191
4933,3088602130100562,-3.352154,0.013694,grouped,24
4934,3091679030101850,-4.549314,-0.747869,grouped,90
4935,3088603160101708,-4.239435,-0.551126,not_clean,-1
4936,3088602060103834,-2.868302,0.319655,grouped,107
4937,3088601080122630,-1.931539,0.914388,not_clean,-1
4938,3088601120106271,-2.193987,0.747441,grouped,57
4939,3088601120124101,-2.193806,0.747294,not_clean,-1
4940,3088603040101400,-3.665081,-0.190433,grouped,24
4941,3088603160100850,-4.368336,-0.637621,grouped,139
4942,3088602060101432,-2.703396,0.419860,not_clean,-1
4943,3084021110102267,-4.920090,-0.989044,not_clean,-1
4944,3091679030107945,-4.452562,-0.693187,grouped,316
4945,3088603160100123,-4.416242,-0.670971,grouped,35
4946,3091679030106924,-4.521307,-0.738450,not_clean,-1
4947,3088603090103823,-3.911481,-0.351090,not_clean,-1
4948,3088602130102599,-3.458176,-0.063908,grouped,193
4949,3088603040101811,-3.705737,-0.221363,not_clean,-1
4950,3088603040105709,-3.737001,-0.241329,grouped,189
4951,3084021110104328,-4.694280,-0.849835,grouped,292
4952,3088602060102760,-2.704969,0.414257,grouped,35
4953,3084021110105549,-4.879089,-0.967765,grouped,292
4954,3088602060104355,-2.665909,0.437954,not_clean,-1
4955,3088603090103394,-4.067855,-0.453136,not_clean,-1
4956,3084021110101493,-4.795774,-0.915722,grouped,292
4957,3088603160103906,-4.318720,-0.613916,grouped,1
4958,3088603160104980,-4.279855,-0.589710,grouped,308
4959,3088602100101581,-3.289845,0.039268,grouped,107
4960,3088601120102540,-2.231061,0.711688,not_clean,-1
4961,3088603160105848,-4.211347,-0.546973,not_clean,-1
4962,3088603040102799,-3.775988,-0.270425,grouped,3
4963,3088603160100115,-4.364398,-0.644658,grouped,143
4964,3084021110105446,-4.909255,-0.992757,not_clean,-1
4965,3088602060101537,-2.869382,0.303243,grouped,342
4966,3088602130100579,-3.422407,-0.050743,grouped,108
4967,3088603160108299,-4.170462,-0.526941,grouped,8
4968,3088601120107698,-2.169452,0.744221,not_clean,-1
4969,3084021110101680,-4.668076,-0.843516,not_clean,-1
4970,3088603040100600,-3.687635,-0.220835,grouped,91
4971,3088602100102846,-3.069239,0.170136,not_clean,-1
4972,3055045150122197,-1.231162,1.336962,grouped,93
4973,3088602130102645,-3.504652,-0.108247,not_clean,-1
4974,3088601120102320,-2.244000,0.692699,grouped,84
4975,3088603040102403,-3.709822,-0.239863,grouped,139
4976,3091679030106119,-4.459256,-0.718402,grouped,62
4977,3084021110104922,-4.764607,-0.912355,not_clean,-1
4978,3088602130103873,-3.329811,-0.001323,grouped,314
4979,3088602130102473,-3.560480,-0.148212,grouped,139
4980,3088602100100018,-3.120260,0.131184,grouped,193
4981,3088602130100038,-3.382666,-0.036880,grouped,104
4982,3055045150120004,-1.109160,1.406948,not_clean,-1
4983,3088603160101563,-4.335087,-0.642177,grouped,245
4984,3088603090103432,-3.955829,-0.401693,not_clean,-1
4985,3084021110101276,-4.816612,-0.948489,grouped,292
4986,3088603160102979,-4.173520,-0.540111,grouped,106
4987,3084021110101936,-4.637648,-0.834912,grouped,292
4988,3088603160100408,-4.372032,-0.666891,grouped,143
4989,3088601080121722,-1.879070,0.914333,grouped,56
4990,3088603090106944,-4.124064,-0.513434,not_clean,-1
4991,3055045150123455,-0.918228,1.521019,not_clean,-1
4992,3088602060106585,-2.744607,0.361418,not_clean,-1
4993,3088603040102335,-3.875166,-0.357007,not_clean,-1
4994,3088602100102733,-3.170477,0.088865,not_clean,-1
4995,3088602060101006,-2.687984,0.395246,grouped,204
4996,3088601080123286,-1.838623,0.932608,grouped,338
4997,3088602060103680,-2.695904,0.388155,not_clean,-1
4998,3088601080121865,-2.002168,0.828230,not_clean,-1
4999,3088602130103060,-3.419760,-0.073165,not_clean,-1
5000,3088602130103852,-3.393912,-0.057462,grouped,342
5001,3088603090102284,-3.883578,-0.369877,grouped,85
5002,3084021110105928,-4.744969,-0.918142,not_clean,-1
5003,3088602130100580,-3.362281,-0.040519,grouped,194
5004,3091679030103976,-4.519724,-0.775617,grouped,148
5005,3088603090107995,-4.138957,-0.533964,grouped,258
5006,3088603160107799,-4.261063,-0.611711,grouped,1
5007,3088602060102339,-2.699762,0.378200,not_clean,-1
5008,3088602060101694,-3.025441,0.171334,not_clean,-1
5009,3088602130100555,-3.590904,-0.188138,not_clean,-1
5010,3088601080120713,-2.032052,0.800686,not_clean,-1
5011,3088601120103263,-2.035737,0.797259,not_clean,-1
5012,3088601080120714,-2.035798,0.797175,grouped,71
5013,3084021110100140,-4.823237,-0.973359,grouped,292
5014,3088602010105779,-2.599924,0.437376,not_clean,-1
5015,3088602100104274,-3.140904,0.092495,not_clean,-1
5016,3088602130102494,-3.488407,-0.129317,not_clean,-1
5017,3088602060100980,-3.010460,0.173425,grouped,315
5018,3088603040104455,-3.603535,-0.203708,not_clean,-1
5019,3088602130102121,-3.572333,-0.184341,not_clean,-1
5020,3088601080123961,-1.769601,0.958833,not_clean,-1
5021,3088602130100245,-3.479781,-0.127200,grouped,107
5022,3088602060101126,-2.724407,0.352008,not_clean,-1
5023,3088601080120742,-2.088921,0.754817,not_clean,-1
5024,3088602130100117,-3.525772,-0.157700,grouped,68
5025,3088601120102027,-2.088460,0.754613,grouped,69
5026,3088603160101599,-4.319541,-0.662105,grouped,145
5027,3088602100101721,-3.104891,0.106159,not_clean,-1
5028,3088601120101362,-2.128944,0.725649,not_clean,-1
5029,3088601120120721,-2.128875,0.725449,grouped,81
5030,3088601120105982,-2.236700,0.656331,not_clean,-1
5031,3088602130104270,-3.440700,-0.109336,not_clean,-1
5032,3084021110102427,-4.722374,-0.923715,grouped,292
5033,3088602010100719,-2.544385,0.458476,not_clean,-1
5034,3055045150121141,-1.227710,1.293211,grouped,94
5035,3088601080120565,-2.041967,0.776259,grouped,71
5036,3088601120101942,-2.041693,0.776373,not_clean,-1
5037,3088601120106218,-2.190181,0.682097,not_clean,-1
5038,3088602060104386,-2.696134,0.360290,not_clean,-1
5039,3088603040102264,-3.762676,-0.316850,grouped,18
5040,3084021110100084,-4.728932,-0.930169,grouped,292
5041,3088603040103483,-3.587412,-0.205831,not_clean,-1
5042,3084021110107555,-4.852683,-1.008931,not_clean,-1
5043,3088602130102193,-3.534957,-0.174024,grouped,189
5044,3088602130105303,-3.450019,-0.120428,not_clean,-1
5045,3088602130103134,-3.348083,-0.056296,grouped,313
5046,3088602060102818,-2.667493,0.374909,not_clean,-1
5047,3088603160100618,-4.136640,-0.558150,grouped,18
5048,3088603160101516,-4.222767,-0.612909,grouped,9
5049,3088602100100995,-3.292150,-0.022842,not_clean,-1
5050,3088603160100261,-4.261765,-0.638358,grouped,3
5051,3088602060102310,-2.863191,0.248621,not_clean,-1
5052,3088603040100303,-3.613206,-0.228351,grouped,22
5053,3088602060100586,-2.896023,0.226228,not_clean,-1
5054,3088602100100327,-3.233633,0.011362,not_clean,-1
5055,3088602130101199,-3.528327,-0.175877,grouped,189
5056,3088602060103413,-2.714511,0.340548,not_clean,-1
5057,3084021110104838,-4.883997,-1.036499,not_clean,-1
5058,3088603040104503,-3.858270,-0.385871,not_clean,-1
5059,3088601120103026,-2.080983,0.741248,not_clean,-1
5060,3088601080121843,-2.080343,0.740923,not_clean,-1
5061,3084021110102329,-4.897118,-1.046697,not_clean,-1
5062,3088602130102342,-3.543246,-0.188825,not_clean,-1
5063,3088602060101407,-2.772462,0.299993,grouped,193
5064,3084021110106393,-4.549094,-0.827850,grouped,150
5065,3088602130103005,-3.556776,-0.198558,grouped,17
5066,3088601080123691,-1.884082,0.861677,grouped,56
5067,3088603160103786,-4.135243,-0.567330,grouped,253
5068,3088602010104106,-2.445134,0.505047,not_clean,-1
5069,3088601080121587,-1.982520,0.798135,grouped,70
5070,3088603040107156,-3.636435,-0.252908,grouped,7
5071,3088601120101159,-2.364186,0.554321,grouped,338
5072,3088601080125023,-2.003795,0.782544,grouped,70
5073,3088602060103368,-2.660968,0.364523,not_clean,-1
5074,3084021110106383,-4.568912,-0.847103,not_clean,-1
5075,3088603160102171,-4.233677,-0.634719,grouped,256
5076,3055045150121529,-1.053602,1.381784,grouped,81
5077,3088603070101300,-3.992205,-0.482576,grouped,15
5078,3088603040102085,-3.626192,-0.251549,grouped,139
5079,3088602010104193,-2.397094,0.527804,not_clean,-1
5080,3088603040106285,-3.706774,-0.304555,not_clean,-1
5081,3091679030102374,-4.435663,-0.767026,grouped,340
5082,3084021110102911,-4.586217,-0.862690,not_clean,-1
5083,3055045150123289,-0.978708,1.425588,grouped,94
5084,3084021110100815,-4.752084,-0.968781,grouped,292
5085,3088603040103832,-3.686085,-0.293243,grouped,137
5086,3088601080122208,-1.945032,0.810441,not_clean,-1
5087,3088601120106831,-2.265291,0.606257,not_clean,-1
5088,3084021110100812,-4.786529,-0.993523,grouped,292
5089,3088602130102439,-3.354137,-0.086468,grouped,194
5090,3088602100101446,-3.124511,0.059003,grouped,204
5091,3088603160100827,-4.136328,-0.583380,grouped,316
5092,3088603070100106,-3.991338,-0.492903,not_clean,-1
5093,3084021110100518,-4.880305,-1.056696,grouped,243
5094,3088601120100460,-2.335166,0.557262,grouped,68
5095,3088603070101355,-3.915066,-0.445211,grouped,10
5096,3088601080120380,-1.731725,0.939410,grouped,55
5097,3088602120103066,-3.371888,-0.102741,not_clean,-1
5098,3088601080120649,-1.981652,0.778457,not_clean,-1
5099,3088602100102503,-3.235685,-0.017510,grouped,108
5100,3088601120100551,-2.273180,0.592995,grouped,110
5101,3088603160108236,-4.104318,-0.569310,not_clean,-1
5102,3055045150120662,-1.136035,1.312558,grouped,203
5103,3088603040104045,-3.634639,-0.272125,not_clean,-1
5104,3088603160100885,-4.210388,-0.638145,not_clean,-1
5105,3088602010101822,-2.476759,0.459248,not_clean,-1
5106,3088601080124860,-1.960448,0.786486,not_clean,-1
5107,3088603040100512,-3.590046,-0.247577,grouped,311
5108,3055045150122891,-0.946020,1.428995,grouped,11
5109,3088602100100168,-3.005898,0.122477,not_clean,-1
5110,3088602120102615,-3.327479,-0.081532,grouped,111
5111,3088603160102409,-4.248809,-0.666040,grouped,80
5112,3088602100101666,-3.066287,0.083715,not_clean,-1
5113,3088601120101862,-2.153158,0.662801,not_clean,-1
5114,3088601120120892,-2.152718,0.662692,grouped,338
5115,3055045150120537,-1.017168,1.381348,grouped,89
5116,3088603040106642,-3.744569,-0.348338,not_clean,-1
5117,3088602120100700,-3.395680,-0.127160,grouped,190
5118,3084021110100920,-4.647970,-0.921521,grouped,298
5119,3088603040102433,-3.850934,-0.417106,not_clean,-1
5120,3088603160104562,-4.199941,-0.638459,grouped,9
5121,3088601120102466,-2.277260,0.579973,grouped,10
5122,3088602120101289,-3.347319,-0.098941,grouped,110
5123,3088602120102150,-3.428841,-0.151506,not_clean,-1
5124,3088601120101505,-2.308665,0.557798,not_clean,-1
5125,3088602100103628,-3.168823,0.011793,not_clean,-1
5126,3088603040100191,-3.766277,-0.370265,grouped,3
5127,3088603160102536,-4.199859,-0.645519,not_clean,-1
5128,3088602010101712,-2.621073,0.355193,not_clean,-1
5129,3088603040102006,-3.548660,-0.233293,grouped,24
5130,3088602010102409,-2.585234,0.377553,not_clean,-1
5131,3084021110108170,-4.657431,-0.936606,not_clean,-1
5132,3088601080121338,-1.736875,0.911902,nan_hardness,-1
5133,3088602010102881,-2.613640,0.355417,not_clean,-1
5134,3055045150121736,-1.022160,1.363854,grouped,161
5135,3088603040100743,-3.834743,-0.421253,grouped,7
5136,3088603040106446,-3.715387,-0.345911,not_clean,-1
5137,3055045150125180,-1.114573,1.302252,grouped,92
5138,3088603160102317,-4.241064,-0.680219,grouped,80
5139,3084021110103788,-4.848565,-1.065544,not_clean,-1
5140,3088603040102474,-3.726117,-0.354888,not_clean,-1
5141,3088602060101308,-2.877165,0.183408,grouped,189
5142,3055045150121543,-1.157940,1.272634,grouped,94
5143,3088603040102105,-3.626893,-0.292638,grouped,17
5144,3088603160105391,-4.192528,-0.652994,grouped,106
5145,3088603070101752,-3.918804,-0.479849,not_clean,-1
5146,3088602010101200,-2.602049,0.354099,not_clean,-1
5147,3088603160102820,-4.130433,-0.615812,grouped,137
5148,3088603040106687,-3.776522,-0.391763,not_clean,-1
5149,3088602060103359,-2.893330,0.167377,not_clean,-1
5150,3055045150121888,-1.152931,1.268760,not_clean,-1
5151,3088603160103230,-4.229440,-0.681967,grouped,340
5152,3088603160101200,-4.273752,-0.710825,grouped,6
5153,3088602120105791,-3.392467,-0.152301,not_clean,-1
5154,3088603040103392,-3.832467,-0.432037,not_clean,-1
5155,3088601120123342,-2.149950,0.634029,not_clean,-1
5156,3088603040102312,-3.595338,-0.283446,grouped,342
5157,3055045150121809,-1.087620,1.305614,grouped,92
5158,3088601120107739,-2.190467,0.605512,not_clean,-1
5159,3088602060101494,-2.676021,0.297133,not_clean,-1
5160,3088603160105476,-4.355703,-0.768126,not_clean,-1
5161,3088601080122928,-1.874116,0.803654,grouped,316
5162,3084021110103044,-4.834177,-1.073249,not_clean,-1
5163,3088602010101597,-2.441629,0.442579,grouped,204
5164,3088603040103462,-3.639512,-0.317732,grouped,342
5165,3088602100103568,-2.971284,0.102434,not_clean,-1
5166,3088602010102735,-2.571557,0.355753,not_clean,-1
5167,3088601080120650,-1.966075,0.739222,not_clean,-1
5168,3084021110101653,-4.735666,-1.016343,not_clean,-1
5169,3088602060103073,-2.621974,0.323015,not_clean,-1
5170,3088602100102625,-3.054770,0.047940,not_clean,-1
5171,3088603160100293,-4.243350,-0.706331,grouped,68
5172,3055045150122442,-1.012957,1.339478,grouped,163
5173,3088603160104028,-4.119536,-0.629749,not_clean,-1
5174,3088602100104491,-3.012334,0.071764,not_clean,-1
5175,3088601120100090,-2.050383,0.680741,grouped,10
5176,3088601120101042,-2.169591,0.604962,not_clean,-1
5177,3088601080120049,-2.050411,0.680292,not_clean,-1
5178,3088601120120612,-2.169295,0.604794,not_clean,-1
5179,3088602100100546,-3.004493,0.075121,not_clean,-1
5180,3088602100101530,-3.053866,0.041104,grouped,315
5181,3088602060102841,-2.677802,0.277515,not_clean,-1
5182,3088603040105627,-3.576632,-0.292789,not_clean,-1
5183,3084021110103644,-4.764635,-1.045427,not_clean,-1
5184,3088602120102292,-3.349745,-0.151719,not_clean,-1
5185,3084021110106152,-4.689303,-1.003730,grouped,150
5186,3088602120104347,-3.512102,-0.258468,grouped,18
5187,3088603040102202,-3.550861,-0.283768,not_clean,-1
5188,3088602060103288,-2.643855,0.289196,not_clean,-1
5189,3088602120100047,-3.334838,-0.149837,grouped,253
5190,3088601080120443,-1.787137,0.827630,grouped,63
5191,3088603040100212,-3.780843,-0.436267,grouped,245
5192,3088602120104559,-3.376812,-0.180356,not_clean,-1
5193,3055045150120042,-1.027555,1.307281,grouped,94
5194,3088602120101781,-3.475118,-0.243210,not_clean,-1
5195,3088602010104417,-2.437232,0.413018,not_clean,-1
5196,3088603040102451,-3.627919,-0.341354,grouped,3
5197,3088601080120274,-1.776833,0.830169,not_clean,-1
5198,3084021110100895,-4.728940,-1.039687,grouped,292
5199,3088602100101492,-2.961222,0.076214,grouped,195
5200,3088603040104220,-3.613619,-0.337147,grouped,313
5201,3084021110105414,-4.702775,-1.029230,not_clean,-1
5202,3088602010104671,-2.292862,0.496606,not_clean,-1
5203,3084021110101365,-4.731464,-1.048066,not_clean,-1
5204,3088603070107997,-3.862973,-0.498725,grouped,133
5205,3055045150121298,-1.041103,1.287872,grouped,92
5206,3084021110101385,-4.637550,-0.990405,grouped,68
5207,3088601010123145,-1.404302,1.056284,not_clean,-1
5208,3088601120101425,-2.231169,0.530698,not_clean,-1
5209,3088602010102969,-2.382517,0.434656,not_clean,-1
5210,3055045150122259,-1.028141,1.291442,not_clean,-1
5211,3088603040101100,-3.550309,-0.306608,not_clean,-1
5212,3088602010101733,-2.326442,0.468336,grouped,307
5213,3088603070100655,-4.010356,-0.599912,grouped,133
5214,3088602010106974,-2.401784,0.416230,not_clean,-1
5215,3088603040103386,-3.745092,-0.434512,grouped,243
5216,3088602120100595,-3.390697,-0.210187,grouped,34
5217,3088601080124825,-1.937567,0.708787,grouped,1
5218,3088601010120256,-1.230426,1.156059,grouped,10
5219,3088601010121225,-1.303503,1.109217,grouped,203
5220,3088603040101850,-3.569047,-0.327340,not_clean,-1
5221,3088603160108414,-4.180315,-0.715149,grouped,9
5222,3088602060103473,-2.661177,0.245466,grouped,314
5223,3088602050100723,-2.785151,0.166498,grouped,191
5224,3088603040103562,-3.607657,-0.354255,grouped,0
5225,3088602060101620,-2.694072,0.223786,grouped,43
5226,3055472010122819,-2.011619,0.654455,not_clean,-1
5227,3088602050101902,-2.833828,0.131929,not_clean,-1
5228,3088602010101266,-2.515997,0.332815,not_clean,-1
5229,3088603040101327,-3.545984,-0.319850,grouped,139
5230,3084021110100714,-4.704910,-1.054146,grouped,292
5231,3088603160103928,-4.237601,-0.758727,grouped,316
5232,3088602120101955,-3.320366,-0.180767,grouped,110
5233,3055045150121982,-0.981293,1.297169,grouped,94
5234,3055472010120463,-1.952467,0.681364,grouped,1
5235,3088603040102815,-3.614173,-0.370891,grouped,4
5236,3084021110107686,-4.636686,-1.018892,not_clean,-1
5237,3088601080121244,-1.793397,0.779479,grouped,106
5238,3088602120100069,-3.366822,-0.216410,grouped,341
5239,3055472010121358,-1.946061,0.681908,grouped,206
5240,3088603040106125,-3.723458,-0.443832,not_clean,-1
5241,3088602050102641,-2.713280,0.195024,grouped,43
5242,3088603040101796,-3.637132,-0.389954,grouped,1
5243,3088601010122019,-1.292825,1.092818,not_clean,-1
5244,3088601010123063,-1.427217,1.007815,not_clean,-1
5245,3088602100100257,-3.058611,-0.025930,grouped,195
5246,3088603040100920,-3.561942,-0.345461,grouped,139
5247,3088602050104296,-2.763751,0.155624,grouped,104
5248,3088601080122040,-1.895687,0.703607,grouped,6
5249,3088603040100072,-3.755066,-0.473243,grouped,3
5250,3088603040105296,-3.618924,-0.387383,not_clean,-1
5251,3088601010124838,-1.307032,1.074998,not_clean,-1
5252,3076419150122630,-0.759743,1.420673,not_clean,-1
5253,3088602120102915,-3.281029,-0.174335,not_clean,-1
5254,3088603070101418,-3.890979,-0.561257,not_clean,-1
5255,3088602120102741,-3.275224,-0.172065,not_clean,-1
5256,3088601010124044,-1.335833,1.054770,grouped,135
5257,3088602120103024,-3.376055,-0.236133,not_clean,-1
5258,3088603070101532,-3.842550,-0.531831,grouped,4
5259,3088602050101453,-2.725098,0.173901,not_clean,-1
5260,3055045150123898,-1.022484,1.250693,grouped,94
5261,3088602010106035,-2.266340,0.463907,not_clean,-1
5262,3088603040104603,-3.559562,-0.356350,grouped,6
5263,3088602010101173,-2.534720,0.291370,grouped,195
5264,3088602120104741,-3.297444,-0.191359,not_clean,-1
5265,3088602100100795,-3.134266,-0.088590,grouped,107
5266,3088603040107180,-3.772544,-0.493505,grouped,139
5267,3076419150123728,-0.787732,1.394045,grouped,101
5268,3088603070100754,-3.980000,-0.625498,not_clean,-1
5269,3088601120100414,-2.079397,0.575705,not_clean,-1
5270,3088601080124310,-1.875778,0.703877,grouped,55
5271,3055472010120041,-2.079132,0.575224,grouped,309
5272,3088602100101208,-2.934871,0.032354,grouped,315
5273,3076419150122640,-0.839789,1.356987,not_clean,-1
5274,3088602120103943,-3.360611,-0.240216,not_clean,-1
5275,3088602010102756,-2.278817,0.444012,grouped,0
5276,3088603160100041,-4.186620,-0.762848,grouped,189
5277,3088601120101987,-2.093776,0.560550,not_clean,-1
5278,3055472010120165,-2.094112,0.559679,grouped,10
5279,3055472010120953,-2.015683,0.609263,grouped,1
5280,3088602060102791,-2.582551,0.250168,grouped,194
5281,3088601080121324,-1.865983,0.703196,grouped,80
5282,3088602050102017,-2.882723,0.060084,not_clean,-1
5283,3088603040105493,-3.579191,-0.380919,grouped,313
5284,3088602050101124,-2.779992,0.124131,grouped,42
5285,3055472010121001,-1.929223,0.662041,grouped,203
5286,3088602120100758,-3.469723,-0.313383,grouped,136
5287,3088602120103019,-3.506321,-0.337115,grouped,206
5288,3088603070105617,-3.879108,-0.573385,grouped,339
5289,3088602050104049,-2.660902,0.196357,not_clean,-1
5290,3088602010103260,-2.289892,0.430934,not_clean,-1
5291,3088602100101462,-3.107408,-0.086801,not_clean,-1
5292,3055472010125906,-2.119695,0.535521,grouped,0
5293,3088602010124985,-2.214690,0.474658,not_clean,-1
5294,3088602010108506,-2.214692,0.474412,not_clean,-1
5295,3088602050103094,-2.730265,0.146959,grouped,108
5296,3088603040100975,-3.655621,-0.438460,grouped,6
5297,3088602120100061,-3.431203,-0.299029,grouped,342
5298,3055472010120919,-2.159466,0.504126,grouped,250
5299,3088602010101392,-2.329024,0.396878,grouped,1
5300,3055472010121861,-2.044766,0.576523,not_clean,-1
5301,3088603040102429,-3.547345,-0.373908,not_clean,-1
5302,3088603160104967,-4.223741,-0.802553,grouped,35
5303,3088602050103687,-2.720064,0.147846,not_clean,-1
5304,3088602010103841,-2.558371,0.248656,grouped,250
5305,3076419150121374,-0.792913,1.364064,grouped,100
5306,3088601080123912,-1.661927,0.813761,not_clean,-1
5307,3076419150121333,-0.707150,1.416372,grouped,92
5308,3055045150124391,-0.905702,1.289772,not_clean,-1
5309,3055045150122764,-0.918340,1.280393,not_clean,-1
5310,3088602100104777,-2.937985,0.003011,not_clean,-1
5311,3088603160105864,-4.203997,-0.798068,not_clean,-1
5312,3055045150120021,-0.909092,1.284382,grouped,94
5313,3088603040103315,-3.672169,-0.462418,grouped,6
5314,3088602120100832,-3.283951,-0.217424,grouped,193
5315,3088603040101756,-3.560358,-0.392939,not_clean,-1
5316,3055472010120578,-1.926411,0.639528,grouped,1
5317,3088602010105717,-2.455033,0.305045,not_clean,-1
5318,3088603040101472,-3.547586,-0.385787,not_clean,-1
5319,3088602100102484,-3.039331,-0.066641,not_clean,-1
5320,3088602010104596,-2.435176,0.314849,not_clean,-1
5321,3088603040105888,-3.610324,-0.428978,not_clean,-1
5322,3088603160105209,-4.174721,-0.785834,grouped,247
5323,3055472010120132,-2.025646,0.571991,not_clean,-1
5324,3088602050101953,-2.654504,0.174078,grouped,194
5325,3088603040102386,-3.506752,-0.365003,not_clean,-1
5326,3030422030121640,-1.204292,1.089528,grouped,92
5327,3088602050101010,-2.819057,0.068397,not_clean,-1
5328,3088602120106909,-3.371403,-0.280799,not_clean,-1
5329,3030422030121092,-1.218151,1.079514,grouped,152
5330,3088602120103316,-3.454406,-0.335062,not_clean,-1
5331,3088602120101227,-3.403213,-0.302765,grouped,42
5332,3055472010121063,-1.936909,0.623864,grouped,9
5333,3088602120102441,-3.360482,-0.276012,grouped,253
5334,3088601080121122,-1.806022,0.706403,grouped,7
5335,3088602010101047,-2.206016,0.453324,not_clean,-1
5336,3088602010120556,-2.205975,0.453269,grouped,18
5337,3088601080123164,-1.824635,0.694228,grouped,84
5338,3055472010122239,-2.012883,0.575223,not_clean,-1
5339,3088602010104365,-2.335644,0.371101,not_clean,-1
5340,3088601010120344,-1.347657,0.994677,grouped,135
5341,3088602120102575,-3.490373,-0.361252,grouped,247
5342,3088602010101154,-2.317324,0.378328,grouped,9
5343,3088603160107784,-4.120898,-0.765601,grouped,17
5344,3088602120101458,-3.415458,-0.320262,not_clean,-1
5345,3030422030124626,-1.117821,1.131022,not_clean,-1
5346,3076419150124909,-0.747973,1.362288,not_clean,-1
5347,3088602100102786,-3.003444,-0.062755,not_clean,-1
5348,3076419150121981,-0.925678,1.249663,grouped,10
5349,3055472010122433,-1.966086,0.591884,grouped,319
5350,3088602120105808,-3.343093,-0.278384,not_clean,-1
5351,3088602050100745,-2.656623,0.153946,not_clean,-1
5352,3088602100104322,-2.986000,-0.054342,not_clean,-1
5353,3088602050100553,-2.651456,0.157027,not_clean,-1
5354,3088602100100929,-3.147269,-0.157285,grouped,42
5355,3088602120101004,-3.279206,-0.241261,grouped,27
5356,3088602050103286,-2.708332,0.119098,not_clean,-1
5357,3088602010106415,-2.351336,0.344154,not_clean,-1
5358,3076419150123814,-0.718270,1.373250,grouped,99
5359,3088602050100647,-2.622783,0.169569,grouped,195
5360,3088602120103412,-3.358935,-0.295838,grouped,23
5361,3076419150122882,-0.865362,1.278534,grouped,98
5362,3088601030124131,-1.705447,0.747789,grouped,338
5363,3088602120101973,-3.448051,-0.353251,grouped,4
5364,3088603040101643,-3.549416,-0.418019,not_clean,-1
5365,3088603070101160,-3.855622,-0.611787,grouped,88
5366,3030422030120495,-1.136421,1.105424,grouped,92
5367,3055472010121702,-1.845501,0.656795,grouped,78
5368,3088602050100156,-2.830152,0.033856,grouped,315
5369,3055472010120900,-1.941361,0.595329,grouped,77
5370,3088603040100692,-3.552276,-0.424120,grouped,208
5371,3088602120104687,-3.250243,-0.233853,not_clean,-1
5372,3030422030123053,-1.290157,1.003501,grouped,135
5373,3088603070101977,-3.827391,-0.599239,grouped,110
5374,3055472010120853,-2.000423,0.552959,not_clean,-1
5375,3088602010104452,-2.304643,0.359096,grouped,3
5376,3088603030101291,-3.567301,-0.440112,grouped,70
5377,3030422030120874,-1.244261,1.026737,grouped,135
5378,3088602010100124,-2.388451,0.303954,grouped,68
5379,3076419150120384,-0.661192,1.394268,grouped,94
5380,3055472010120416,-2.012799,0.539955,grouped,13
5381,3088603030100852,-3.667910,-0.506464,grouped,3
5382,3076419150121885,-0.854110,1.269797,grouped,92
5383,3088602120103999,-3.232626,-0.232530,grouped,35
5384,3055472010121961,-1.975555,0.558865,not_clean,-1
5385,3088603030100028,-3.622524,-0.481374,grouped,3
5386,3088602050102459,-2.834661,0.015908,not_clean,-1
5387,3088603070104666,-3.953623,-0.690888,not_clean,-1
5388,3055472010121454,-2.002985,0.539632,not_clean,-1
5389,3088603030105439,-3.492916,-0.401726,grouped,340
5390,3088603030100599,-3.612369,-0.477372,grouped,6
5391,3088602100102235,-2.970043,-0.071817,not_clean,-1
5392,3088602050100859,-2.669506,0.117994,not_clean,-1
5393,3088602010102788,-2.276105,0.364465,grouped,338
5394,3076419150120577,-0.720040,1.346247,grouped,94
5395,3088602010103758,-2.193150,0.415596,grouped,13
5396,3088601080122173,-1.772080,0.681397,grouped,84
5397,3076419150121607,-0.738715,1.332946,grouped,99
5398,3088602120100983,-3.360124,-0.322539,grouped,8
5399,3055472010121576,-2.042270,0.508770,grouped,60
5400,3088603160101164,-4.229483,-0.873291,grouped,43
5401,3088602050100790,-2.680546,0.103869,grouped,195
5402,3088602010104869,-2.295221,0.347135,not_clean,-1
5403,3088602120102178,-3.455649,-0.386396,grouped,311
5404,3088602120104424,-3.475016,-0.399137,not_clean,-1
5405,3088603070100917,-3.800938,-0.605850,grouped,80
5406,3055472010120264,-1.910166,0.587058,not_clean,-1
5407,3072255040123313,-1.369564,0.928212,grouped,169
5408,3088602100102611,-3.137491,-0.188545,not_clean,-1
5409,3088602010121235,-2.193299,0.407644,not_clean,-1
5410,3088602010102652,-2.193227,0.407604,not_clean,-1
5411,3076419020122400,-0.354377,1.567616,grouped,102
5412,3088602010100532,-2.379149,0.289245,grouped,18
5413,3088602050102621,-2.880100,-0.027177,not_clean,-1
5414,3076419150121396,-0.617468,1.399152,not_clean,-1
5415,3076419150122859,-0.726138,1.330282,not_clean,-1
5416,3088603030102415,-3.635868,-0.506714,not_clean,-1
5417,3088603070102429,-3.791790,-0.605184,not_clean,-1
5418,3072255040123434,-1.483465,0.851359,not_clean,-1
5419,3088602010104713,-2.220274,0.385512,not_clean,-1
5420,3088602010124910,-2.219661,0.385750,not_clean,-1
5421,3088601030121628,-1.754402,0.677860,grouped,84
5422,3088602100100566,-3.161281,-0.211496,not_clean,-1
5423,3088602050103973,-2.626026,0.126278,not_clean,-1
5424,3088602050103606,-2.779172,0.028845,not_clean,-1
5425,3088602050103196,-2.908993,-0.055005,not_clean,-1
5426,3088602010101118,-2.378900,0.279393,grouped,338
5427,3088603030102220,-3.649072,-0.523163,grouped,139
5428,3088603030101201,-3.510634,-0.435896,grouped,6
5429,3030422030122374,-1.090955,1.090765,grouped,135
5430,3088603030100793,-3.524192,-0.445083,grouped,331
5431,3055472010121621,-1.924513,0.562223,grouped,178
5432,3055472010120665,-1.948297,0.545441,grouped,21
5433,3088602010107494,-2.311220,0.315923,not_clean,-1
5434,3055472010121758,-1.841932,0.611857,grouped,78
5435,3076419120121929,-0.878232,1.219642,not_clean,-1
5436,3088603160101308,-4.090796,-0.807962,not_clean,-1
5437,3030422030120207,-1.237914,0.992540,grouped,20
5438,3055472010120419,-2.091892,0.453484,grouped,204
5439,3072255040123824,-1.421188,0.876175,grouped,135
5440,3088602120101921,-3.469941,-0.417257,not_clean,-1
5441,3076419150121420,-0.755768,1.295135,not_clean,-1
5442,3076419150120877,-0.675102,1.345668,not_clean,-1
5443,3088602120102799,-3.450122,-0.405533,not_clean,-1
5444,3055472010121762,-2.061091,0.471170,grouped,17
5445,3088603030103978,-3.621344,-0.514589,not_clean,-1
5446,3055472010120727,-1.809355,0.628882,not_clean,-1
5447,3088602120103900,-3.441537,-0.403340,not_clean,-1
5448,3076419150122124,-0.723293,1.311796,not_clean,-1
5449,3055472010120651,-1.891505,0.574898,not_clean,-1
5450,3055472010122769,-1.799394,0.632747,grouped,77
5451,3030422030122225,-1.198355,1.011422,grouped,55
5452,3076419150122394,-0.650625,1.356115,not_clean,-1
5453,3076419120120255,-0.850057,1.229878,grouped,92
5454,3088602050100281,-2.660107,0.087637,not_clean,-1
5455,3088602010104062,-2.255148,0.341892,not_clean,-1
5456,3088603030103739,-3.496769,-0.441956,grouped,43
5457,3076419020121952,-0.197001,1.639086,grouped,163
5458,3055472010122315,-2.147681,0.408546,not_clean,-1
5459,3088603030102721,-3.551411,-0.477846,grouped,0
5460,3088603160100532,-4.064950,-0.801950,grouped,136
5461,3076419150120695,-0.686523,1.329355,grouped,302
5462,3055472010121786,-1.816677,0.615133,grouped,81
5463,3088603070100744,-3.892284,-0.694756,grouped,69
5464,3072255040122166,-1.476175,0.828945,not_clean,-1
5465,3088602010101920,-2.384378,0.254492,grouped,204
5466,3088603030102671,-3.516618,-0.459998,grouped,2
5467,3088602120102470,-3.344266,-0.351410,grouped,337
5468,3088603070106502,-3.989104,-0.759757,grouped,308
5469,3076419150121710,-0.805340,1.247813,grouped,302
5470,3088603030100570,-3.571247,-0.497378,grouped,122
5471,3076419150120080,-0.669457,1.332422,grouped,89
5472,3055472010120401,-1.974967,0.508528,grouped,259
5473,3088603030101307,-3.702308,-0.581765,grouped,308
5474,3088603070100342,-3.792997,-0.639961,grouped,71
5475,3055472010120526,-2.098690,0.428992,grouped,1
5476,3088602100101114,-3.129139,-0.221466,grouped,37
5477,3088602120102469,-3.342852,-0.356349,grouped,18
5478,3055472010121551,-2.157713,0.390794,not_clean,-1
5479,3076419150122049,-0.571174,1.390698,not_clean,-1
5480,3088602070100122,-2.976622,-0.127077,not_clean,-1
5481,3072255040121458,-1.448404,0.835479,grouped,338
5482,3055472010121325,-1.921582,0.536793,grouped,21
5483,3055472010120211,-2.032083,0.466415,grouped,21
5484,3088602010101062,-2.358576,0.260325,grouped,37
5485,3030422030122486,-1.003448,1.114756,not_clean,-1
5486,3072255040123025,-1.545077,0.773148,not_clean,-1
5487,3076419120122277,-0.917116,1.168911,grouped,92
5488,3088602120100176,-3.415448,-0.407603,grouped,105
5489,3088602050100277,-2.683811,0.053742,grouped,193
5490,3088603070100650,-3.763625,-0.627847,grouped,75
5491,3088603030103879,-3.616940,-0.536268,not_clean,-1
5492,3088602120103533,-3.360737,-0.374685,not_clean,-1
5493,3088601030121852,-1.733288,0.651374,grouped,84
5494,3088603030100398,-3.572400,-0.510446,grouped,253
5495,3076419150121853,-0.635460,1.341612,grouped,92
5496,3088603030101253,-3.475177,-0.450808,grouped,4
5497,3088602120102237,-3.419729,-0.415902,grouped,77
5498,3088602070105646,-3.071475,-0.197912,grouped,34
5499,3088602010103429,-2.169213,0.369273,not_clean,-1
5500,3030422030120080,-1.260996,0.941551,not_clean,-1
5501,3088602010121528,-2.169176,0.368772,grouped,24
5502,3088602010106461,-2.480261,0.172378,not_clean,-1
5503,3030422030123106,-1.027899,1.088029,not_clean,-1
5504,3088603030100549,-3.580894,-0.522226,not_clean,-1
5505,3030422030121064,-1.128318,1.024391,grouped,92
5506,3088603030100390,-3.637182,-0.558076,not_clean,-1
5507,3088603030101395,-3.475696,-0.457964,not_clean,-1
5508,3088601030121500,-1.679035,0.675127,grouped,78
5509,3088603030104165,-3.531171,-0.493255,not_clean,-1
5510,3030422030122479,-1.202876,0.974264,grouped,135
5511,3076419150121047,-0.616271,1.343458,grouped,302
5512,3088603030100271,-3.495910,-0.472484,grouped,68
5513,3088602120101269,-3.246400,-0.315689,grouped,270
5514,3055472010121447,-1.946576,0.503827,grouped,21
5515,3088602120102273,-3.255377,-0.321959,grouped,21
5516,3088602120102584,-3.286757,-0.342661,grouped,0
5517,3055472010123891,-1.978717,0.481226,grouped,8
5518,3088603070103556,-3.789727,-0.660972,grouped,64
5519,3030422030120697,-1.288161,0.916273,grouped,64
5520,3088602120100105,-3.343601,-0.380440,grouped,3
5521,3055472010121791,-2.010663,0.459569,grouped,21
5522,3088603030101186,-3.495962,-0.478589,not_clean,-1
5523,3088603030104368,-3.562755,-0.520805,not_clean,-1
5524,3072255040120164,-1.536246,0.756242,grouped,55
5525,3076419150124644,-0.723279,1.268433,grouped,93
5526,3076419020120591,-0.220089,1.584842,grouped,97
5527,3076419120122576,-0.926001,1.140066,grouped,92
5528,3055472010120191,-1.874002,0.542480,grouped,10
5529,3076419150121208,-0.659091,1.306950,grouped,99
5530,3088603070102616,-3.752506,-0.643930,not_clean,-1
5531,3088602120101284,-3.396418,-0.419713,grouped,9
5532,3088602120102044,-3.328603,-0.377445,grouped,1
5533,3076419120120586,-0.828839,1.197560,grouped,97
5534,3076419150121519,-0.684894,1.288187,grouped,95
5535,3055472010121270,-1.949490,0.489387,grouped,19
5536,3088603070102690,-3.958056,-0.777474,grouped,308
5537,3076419120121949,-0.878417,1.163303,grouped,293
5538,3072255040120131,-1.380350,0.846946,grouped,11
5539,3088603030100202,-3.690295,-0.609904,grouped,9
5540,3076419020125092,-0.183914,1.598882,grouped,92
5541,3076419020120301,-0.322090,1.510930,not_clean,-1
5542,3088602070101516,-2.963512,-0.154389,not_clean,-1
5543,3055472010121633,-2.156806,0.353279,grouped,13
5544,3076419150120044,-0.661131,1.295196,grouped,293
5545,3076419120122857,-0.949200,1.112863,grouped,102
5546,3088602120102592,-3.298307,-0.370276,grouped,247
5547,3072255040122050,-1.453258,0.792220,grouped,84
5548,3088603030101735,-3.578761,-0.550609,grouped,5
5549,3072255040121701,-1.515221,0.749718,not_clean,-1
5550,3072255040121218,-1.466580,0.779977,grouped,204
5551,3076419140120709,-0.402670,1.448147,grouped,96
5552,3030422030120060,-1.182337,0.956162,grouped,10
5553,3055472010120465,-1.895112,0.507023,not_clean,-1
5554,3076419120121672,-0.822566,1.182714,not_clean,-1
5555,3055472010120201,-1.813002,0.558645,grouped,10
5556,3076419150121498,-0.550422,1.353555,not_clean,-1
5557,3076419020121261,-0.068703,1.656703,grouped,89
5558,3088602120103699,-3.241060,-0.342660,not_clean,-1
5559,3055472010122572,-1.919809,0.489024,not_clean,-1
5560,3030422030121591,-1.149925,0.973547,grouped,135
5561,3030422030121940,-1.311862,0.871037,not_clean,-1
5562,3030173010101668,-2.412298,0.177365,grouped,108
5563,3030422030120635,-1.201397,0.939893,grouped,20
5564,3088602010101341,-2.343292,0.220263,not_clean,-1
5565,3030422030121816,-1.333536,0.856098,not_clean,-1
5566,3088603030101997,-3.601499,-0.574682,grouped,140
5567,3088602010106649,-2.326803,0.227874,not_clean,-1
5568,3055472010121429,-1.845447,0.530680,grouped,0
5569,3088602120101958,-3.244629,-0.353819,not_clean,-1
5570,3076419140120785,-0.518161,1.362946,grouped,98
5571,3088602120107262,-3.395722,-0.450112,not_clean,-1
5572,3088603030102043,-3.584480,-0.569062,not_clean,-1
5573,3076419020120545,-0.185356,1.571063,not_clean,-1
5574,3030422030120594,-0.964403,1.080414,grouped,338
5575,3055472010122121,-1.879083,0.504040,grouped,1
5576,3055472010120825,-1.852118,0.520642,grouped,338
5577,3030173010101840,-2.463395,0.135221,grouped,194
5578,3055472010120432,-1.927112,0.472935,not_clean,-1
5579,3088603030101367,-3.698713,-0.644206,grouped,245
5580,3072255040120116,-1.516198,0.730185,grouped,135
5581,3076419120120735,-0.844104,1.152779,not_clean,-1
5582,3076419020126075,-0.138758,1.596573,grouped,96
5583,3055472010120758,-2.091519,0.366874,grouped,338
5584,3055472010120689,-1.957452,0.450646,not_clean,-1
5585,3088602010106047,-2.259788,0.260015,grouped,338
5586,3051101070123631,-0.621547,1.291766,grouped,93
5587,3076419020120569,-0.032620,1.662193,grouped,96
5588,3088602050100347,-2.741656,-0.044491,grouped,315
5589,3088602070100726,-3.012697,-0.215830,grouped,195
5590,3088602120104739,-3.317482,-0.409542,not_clean,-1
5591,3051101070120153,-0.714023,1.230098,grouped,97
5592,3055472010123677,-1.914018,0.472104,grouped,17
5593,3088602120103731,-3.362214,-0.440748,grouped,4
5594,3076419020120108,-0.246726,1.520563,not_clean,-1
5595,3055472010124800,-1.877266,0.493809,grouped,1
5596,3088603030100545,-3.468207,-0.508696,grouped,5
5597,3030422030124564,-1.093984,0.985844,not_clean,-1
5598,3030422030120674,-1.135323,0.959638,not_clean,-1
5599,3088602070100159,-3.055620,-0.250026,grouped,68
5600,3088602070101119,-2.958389,-0.189382,grouped,22
5601,3084004030102299,-3.579028,-0.580625,grouped,5
5602,3055472010122431,-2.102456,0.349076,not_clean,-1
5603,3084004030102852,-3.507518,-0.536889,not_clean,-1
5604,3072255040121696,-1.529685,0.709036,grouped,60
5605,3088602050101882,-2.716722,-0.040156,not_clean,-1
5606,3030173010103531,-2.507573,0.091270,grouped,314
5607,3030422030120985,-1.149004,0.946768,not_clean,-1
5608,3051101070122418,-0.531651,1.334275,grouped,93
5609,3055472010121278,-1.899662,0.472637,grouped,262
5610,3088602010105097,-2.167488,0.301642,not_clean,-1
5611,3084004030102300,-3.575268,-0.585856,not_clean,-1
5612,3084004030104311,-3.539492,-0.563338,not_clean,-1
5613,3030422030123334,-0.938333,1.074224,not_clean,-1
5614,3088602070101704,-3.119205,-0.299672,grouped,87
5615,3030173010106136,-2.341783,0.189054,not_clean,-1
5616,3055472010121575,-1.870002,0.486167,grouped,7
5617,3088601030124590,-1.625342,0.640011,not_clean,-1
5618,3030422030122862,-0.966802,1.054137,grouped,100
5619,3088602050102674,-2.637421,0.002059,not_clean,-1
5620,3055472010120010,-1.932175,0.445201,not_clean,-1
5621,3088602120103802,-3.349736,-0.448024,grouped,139
5622,3030173010101122,-2.594099,0.027541,grouped,189
5623,3088602050100083,-2.648769,-0.007709,grouped,315
5624,3088602120100071,-3.366827,-0.460151,grouped,3
5625,3088602120101454,-3.308231,-0.423570,grouped,7
5626,3088602120107968,-3.262940,-0.395462,not_clean,-1
5627,3084004030100243,-3.493507,-0.541271,grouped,2
5628,3055472010120361,-1.953126,0.427591,not_clean,-1
5629,3051101070121711,-0.609281,1.272691,grouped,93
5630,3088602070100076,-3.145912,-0.324771,not_clean,-1
5631,3084004030100825,-3.501770,-0.549522,grouped,5
5632,3030173010103902,-2.458552,0.107015,grouped,204
5633,3088602070101729,-3.105769,-0.300612,not_clean,-1
5634,3088602070106658,-3.060486,-0.272182,not_clean,-1
5635,3088602070102338,-3.094499,-0.293765,grouped,17
5636,3055472010121196,-1.870610,0.476929,grouped,262
5637,3088602120100922,-3.418352,-0.497867,not_clean,-1
5638,3051101070120959,-0.640905,1.250025,grouped,92
5639,3030422030122064,-1.292101,0.839632,grouped,56
5640,3076419020122579,0.011563,1.659280,not_clean,-1
5641,3084004030102327,-3.591448,-0.608939,grouped,72
5642,3030173010100225,-2.494843,0.081272,not_clean,-1
5643,3084004030102073,-3.560549,-0.589895,grouped,314
5644,3088602010101710,-2.143829,0.302130,not_clean,-1
5645,3051101070122106,-0.743984,1.182833,not_clean,-1
5646,3030422030120161,-0.932435,1.064183,grouped,97
5647,3088602010120733,-2.143846,0.301144,grouped,21
5648,3084004030100728,-3.520718,-0.566402,grouped,6
5649,3084004030100804,-3.511371,-0.560592,not_clean,-1
5650,3030173010100830,-2.611979,0.004138,grouped,110
5651,3088602050104174,-2.785400,-0.105092,not_clean,-1
5652,3088602070102002,-2.892156,-0.172478,not_clean,-1
5653,3088602070100426,-2.903172,-0.179542,not_clean,-1
5654,3055472010120151,-1.933878,0.430757,not_clean,-1
5655,3088603070106287,-3.929725,-0.826101,grouped,139
5656,3088602120101561,-3.389518,-0.486078,grouped,5
5657,3030422030121519,-1.160835,0.917090,grouped,135
5658,3030422030121981,-1.222732,0.877887,grouped,65
5659,3088602010100408,-2.235950,0.239761,grouped,107
5660,3084004030106967,-3.670211,-0.663555,not_clean,-1
5661,3088602120101985,-3.178912,-0.354452,grouped,22
5662,3030173010101459,-2.580186,0.022422,grouped,341
5663,3055472010121364,-1.987401,0.394330,grouped,17
5664,3030422030121589,-1.163327,0.912424,grouped,135
5665,3051101070121257,-0.700158,1.203547,grouped,92
5666,3088602010102496,-2.314337,0.187309,not_clean,-1
5667,3051101070121738,-0.523013,1.314399,grouped,93
5668,3084004030101891,-3.434636,-0.519753,not_clean,-1
5669,3088602120103818,-3.392952,-0.494805,grouped,87
5670,3088602050101583,-2.654554,-0.030968,not_clean,-1
5671,3030422010121508,-0.791368,1.140257,not_clean,-1
5672,3030422030121890,-1.226447,0.865816,grouped,84
5673,3076419140121363,-0.360620,1.410323,not_clean,-1
5674,3030173010102137,-2.319306,0.177521,grouped,24
5675,3084004030103297,-3.662189,-0.668127,grouped,137
5676,3088602120101867,-3.278228,-0.426692,grouped,22
5677,3051101070122557,-0.593197,1.263203,grouped,92
5678,3030173010100738,-2.429504,0.107390,grouped,68
5679,3055472010124015,-1.892088,0.445127,not_clean,-1
5680,3030173010100878,-2.433622,0.102772,grouped,195
5681,3030173010103711,-2.322350,0.172218,not_clean,-1
5682,3076419020121000,-0.275520,1.459596,grouped,96
5683,3088602070102774,-3.162094,-0.357181,grouped,43
5684,3072255040120699,-1.335845,0.792272,not_clean,-1
5685,3030422030120011,-1.118078,0.929244,grouped,55
5686,3084004030101167,-3.443516,-0.534632,not_clean,-1
5687,3076419020120114,-0.268932,1.463076,grouped,89
5688,3088602070103472,-3.120140,-0.331880,not_clean,-1
5689,3088602010100537,-2.211994,0.239684,grouped,250
5690,3088602050103317,-2.847047,-0.160306,grouped,37
5691,3084004030101833,-3.524376,-0.586735,grouped,110
5692,3088602010120284,-2.211854,0.239461,not_clean,-1
5693,3088603070103482,-3.763386,-0.737193,grouped,64
5694,3076419020120669,-0.243631,1.476489,not_clean,-1
5695,3030422030122613,-1.288479,0.819350,grouped,135
5696,3084004030103974,-3.499055,-0.572186,not_clean,-1
5697,3030422030121081,-1.107055,0.932658,grouped,135
5698,3072255040122990,-1.332314,0.788496,grouped,338
5699,3084004030102116,-3.421876,-0.527318,not_clean,-1
5700,3055472010122788,-1.837670,0.468430,not_clean,-1
5701,3084004030100368,-3.537886,-0.601812,grouped,138
5702,3030173010103866,-2.570302,0.006482,not_clean,-1
5703,3084004030101396,-3.617409,-0.652741,not_clean,-1
5704,3051101070121335,-0.613190,1.237608,grouped,96
5705,3088602070103651,-2.892322,-0.196575,not_clean,-1
5706,3030422030120017,-1.227234,0.851147,grouped,135
5707,3088602120102660,-3.201686,-0.391742,grouped,194
5708,3088602120101688,-3.236096,-0.413673,grouped,23
5709,3055472010120212,-1.878344,0.440863,grouped,18
5710,3088602050100933,-2.684656,-0.066623,grouped,191
5711,3051101070121915,-0.625346,1.229060,grouped,99
5712,3030422030122465,-1.068017,0.950153,not_clean,-1
5713,3084004030103720,-3.634423,-0.664979,grouped,69
5714,3084004030102646,-3.512350,-0.588388,not_clean,-1
5715,3088602120104033,-3.191317,-0.386671,grouped,21
5716,3088602070102637,-3.057457,-0.302833,grouped,87
5717,3030173010100382,-2.470642,0.066348,not_clean,-1
5718,3088602070106008,-2.911135,-0.211415,not_clean,-1
5719,3072255040120142,-1.550912,0.643251,grouped,135
5720,3088602120103544,-3.277374,-0.443613,not_clean,-1
5721,3088602120103388,-3.357778,-0.494937,not_clean,-1
5722,3072255040121594,-1.472460,0.688771,grouped,59
5723,3088602050101063,-2.759362,-0.121852,grouped,139
5724,3084004030102462,-3.613166,-0.659579,not_clean,-1
5725,3088603070102644,-3.695282,-0.712200,grouped,292
5726,3088602050102405,-2.826005,-0.165477,grouped,34
5727,3030422030120888,-1.120877,0.906965,grouped,59
5728,3055472010120652,-2.011879,0.346409,not_clean,-1
5729,3088602070100188,-2.939079,-0.237551,grouped,13
5730,3076419020121550,-0.086721,1.555985,grouped,96
5731,3088602070101195,-3.040999,-0.302685,grouped,5
5732,3072255040120618,-1.398351,0.730463,grouped,71
5733,3030422010120728,-0.852984,1.072521,grouped,92
5734,3088603070103184,-3.814977,-0.791432,grouped,61
5735,3084004030100455,-3.433584,-0.552091,grouped,70
5736,3030422030120157,-1.236875,0.829822,grouped,254
5737,3084004030102558,-3.398486,-0.530584,not_clean,-1
5738,3030173010100629,-2.351685,0.127836,not_clean,-1
5739,3084004030101573,-3.536334,-0.619058,not_clean,-1
5740,3088602120103663,-3.233685,-0.428788,not_clean,-1
5741,3088603070101045,-3.823918,-0.800084,grouped,68
5742,3076419020126238,-0.064218,1.564167,not_clean,-1
5743,3076419020121746,-0.138091,1.515732,grouped,96
5744,3088602070101813,-3.087201,-0.339566,grouped,4
5745,3030422030122962,-1.183202,0.858195,not_clean,-1
5746,3088602070107407,-2.943942,-0.250048,not_clean,-1
5747,3030173010103032,-2.418125,0.080676,grouped,315
5748,3076419020120831,-0.028209,1.582193,grouped,97
5749,3072255040121872,-1.507530,0.651536,not_clean,-1
5750,3088602070100165,-2.865551,-0.202830,grouped,19
5751,3055472010120862,-1.863729,0.427121,grouped,262
5752,3088602120102094,-3.329783,-0.495258,not_clean,-1
5753,3076419020120832,-0.030579,1.578605,not_clean,-1
5754,3084004030102234,-3.599443,-0.665848,not_clean,-1
5755,3088601030125153,-1.597870,0.593100,not_clean,-1
5756,3088602070103008,-3.034340,-0.310789,not_clean,-1
5757,3084004030100373,-3.611081,-0.673628,not_clean,-1
5758,3084004030105096,-3.396741,-0.541424,not_clean,-1
5759,3076419020121330,-0.279073,1.418507,not_clean,-1
5760,3030173010103661,-2.472972,0.038226,grouped,190
5761,3030422010120448,-0.838574,1.066043,not_clean,-1
5762,3084004030101540,-3.596401,-0.669313,grouped,68
5763,3088603070103958,-3.781875,-0.786327,grouped,209
5764,3088602050101601,-2.635978,-0.065640,grouped,186
5765,3088602120102565,-3.349892,-0.515970,grouped,137
5766,3055472010120362,-1.820177,0.446157,not_clean,-1
5767,3051101070121354,-0.509162,1.268925,grouped,100
5768,3030422030122072,-1.017055,0.949489,not_clean,-1
5769,3051101070122576,-0.583800,1.221672,not_clean,-1
5770,3055472010120417,-1.925355,0.376171,grouped,262
5771,3084004030100274,-3.466708,-0.593488,grouped,70
5772,3084004030102705,-3.351195,-0.521130,not_clean,-1
5773,3084004030100081,-3.451865,-0.584463,grouped,70
5774,3076419020121292,-0.021343,1.571835,grouped,96
5775,3030422030120941,-1.279495,0.781187,not_clean,-1
5776,3051101070121913,-0.575446,1.223670,grouped,260
5777,3030173010101443,-2.557605,-0.022662,grouped,191
5778,3084004030100604,-3.545919,-0.644291,grouped,71
5779,3030173010102798,-2.372819,0.093102,grouped,191
5780,3088602050102468,-2.807059,-0.180087,not_clean,-1
5781,3055472010120473,-2.003470,0.325196,not_clean,-1
5782,3084004030100147,-3.583099,-0.668347,grouped,56
5783,3076419140121030,-0.408702,1.327501,not_clean,-1
5784,3030422010120076,-0.965653,0.977393,grouped,97
5785,3088602070103800,-3.035894,-0.324499,not_clean,-1
5786,3076419020120673,-0.134735,1.498973,grouped,96
5787,3088602070101480,-3.116938,-0.376116,grouped,3
5788,3088602070101189,-2.981137,-0.290851,grouped,23
5789,3030173010100616,-2.601901,-0.052500,not_clean,-1
5790,3084004030100727,-3.534073,-0.638810,grouped,331
5791,3030422030121155,-1.087265,0.899589,not_clean,-1
5792,3051101070122058,-0.671400,1.159811,grouped,99
5793,3030422030123555,-1.052681,0.920153,not_clean,-1
5794,3072255040120005,-1.354239,0.730445,not_clean,-1
5795,3030422030121707,-1.151520,0.856063,not_clean,-1
5796,3030422010120648,-0.698919,1.140402,grouped,99
5797,3084004030100029,-3.564038,-0.661063,grouped,75
5798,3030173010102371,-2.385322,0.080083,grouped,194
5799,3030422030121247,-1.284711,0.771142,not_clean,-1
5800,3088602070105823,-3.008507,-0.314101,grouped,253
5801,3088602120100585,-3.339969,-0.522857,grouped,10
5802,3088602050100781,-2.820919,-0.198633,grouped,195
5803,3084004030100301,-3.442304,-0.590097,grouped,72
5804,3084004030100354,-3.542091,-0.653195,grouped,73
5805,3088601100124711,-2.121719,0.239575,not_clean,-1
5806,3055472010120021,-1.950200,0.347266,grouped,10
5807,3030173010104517,-2.533203,-0.019342,grouped,204
5808,3084004030102353,-3.424823,-0.580232,grouped,340
5809,3088602050101543,-2.790024,-0.181450,grouped,7
5810,3088601030120687,-1.567568,0.586741,grouped,85
5811,3030422030122258,-1.056686,0.907637,not_clean,-1
5812,3088601100123522,-2.167337,0.209366,not_clean,-1
5813,3076419020120710,-0.134188,1.486982,grouped,96
5814,3076419140122367,-0.378447,1.333597,grouped,101
5815,3076419020121674,-0.091678,1.513369,not_clean,-1
5816,3030173010100778,-2.616535,-0.073932,grouped,108
5817,3084004030100815,-3.624800,-0.708071,grouped,62
5818,3088601030123410,-1.581754,0.576286,not_clean,-1
5819,3030422030120059,-1.098312,0.880108,grouped,254
5820,3030173010101525,-2.515733,-0.011440,grouped,193
5821,3055472010121705,-2.081795,0.261188,not_clean,-1
5822,3030173010103514,-2.553219,-0.035301,not_clean,-1
5823,3088602120102616,-3.279012,-0.491906,not_clean,-1
5824,3051101070121640,-0.578052,1.205462,not_clean,-1
5825,3030422030120198,-1.229135,0.795808,grouped,13
5826,3084004030102330,-3.582148,-0.683929,grouped,270
5827,3030422030121870,-1.005446,0.934086,not_clean,-1
5828,3088602050104266,-2.638512,-0.092504,not_clean,-1
5829,3055472010122089,-1.995754,0.310349,not_clean,-1
5830,3088603070103043,-3.810735,-0.830625,grouped,292
5831,3084004030105950,-3.426855,-0.589423,not_clean,-1
5832,3088602120100714,-3.250535,-0.479072,grouped,107
5833,3055472010120723,-1.952590,0.336158,grouped,184
5834,3030422010121821,-0.861095,1.021822,grouped,92
5835,3076419140120446,-0.338636,1.349786,not_clean,-1
5836,3030422010121576,-0.783997,1.069961,grouped,58
5837,3084004030100989,-3.575603,-0.685103,grouped,24
5838,3088602070101988,-3.126535,-0.403001,grouped,4
5839,3055472010120377,-1.817689,0.419488,not_clean,-1
5840,3084004030100468,-3.647229,-0.732133,not_clean,-1
5841,3030422030120243,-1.217223,0.795010,not_clean,-1
5842,3088602120102012,-3.287083,-0.506801,grouped,4
5843,3084004030100231,-3.558843,-0.677603,grouped,90
5844,3076419020120676,-0.100707,1.495472,grouped,96
5845,3076419020120133,-0.059334,1.520719,grouped,97
5846,3072255040121659,-1.470599,0.633993,not_clean,-1
5847,3030173010100893,-2.439187,0.025108,grouped,192
5848,3088601030123123,-1.554505,0.581175,not_clean,-1
5849,3084004030100033,-3.464212,-0.619313,grouped,106
5850,3055472010120107,-1.887180,0.371589,not_clean,-1
5851,3055472010121473,-1.977949,0.314102,not_clean,-1
5852,3072255040120230,-1.534182,0.592755,not_clean,-1
5853,3076419020120852,-0.148000,1.463362,grouped,96
5854,3088601030120629,-1.596176,0.552962,not_clean,-1
5855,3084004030100497,-3.446416,-0.610118,grouped,69
5856,3084004030100528,-3.496017,-0.641295,grouped,71
5857,3030173010101468,-2.608235,-0.083699,not_clean,-1
5858,3055472010121191,-2.015536,0.288381,grouped,184
5859,3084004030100336,-3.430146,-0.600878,grouped,69
5860,3088602070100310,-3.048334,-0.361180,grouped,4
5861,3088602070102695,-3.032236,-0.352089,grouped,3
5862,3055472010120659,-2.018956,0.284649,grouped,37
5863,3088602120100187,-3.168882,-0.439141,grouped,16
5864,3051101070121182,-0.453933,1.266858,not_clean,-1
5865,3030422010122346,-0.735226,1.090079,not_clean,-1
5866,3072255040120799,-1.436665,0.649290,not_clean,-1
5867,3030173010101078,-2.393083,0.047380,grouped,104
5868,3088602070104761,-2.985856,-0.325673,grouped,5
5869,3088602070100689,-2.938794,-0.296890,not_clean,-1
5870,3076419020122645,-0.015202,1.539134,not_clean,-1
5871,3030422030124692,-1.034372,0.898684,not_clean,-1
5872,3084004030101033,-3.344910,-0.553474,grouped,4
5873,3030422010120379,-0.693437,1.112365,grouped,203
5874,3084004030100034,-3.503891,-0.654600,not_clean,-1
5875,3030422010121216,-0.674282,1.121382,grouped,254
5876,3088602070103056,-2.876313,-0.263324,not_clean,-1
5877,3088602070103131,-2.847028,-0.245055,grouped,68
5878,3076419140120905,-0.355870,1.319973,grouped,7
5879,3088602070103256,-3.127810,-0.421612,grouped,139
5880,3030173010108409,-2.432013,0.015483,not_clean,-1
5881,3088602070100205,-2.932026,-0.298753,grouped,104
5882,3088602070101526,-2.865820,-0.257863,grouped,186
5883,3076419020122746,-0.066655,1.499986,grouped,161
5884,3030173010103255,-2.401896,0.032965,grouped,105
5885,3076419020122169,0.032431,1.561647,grouped,96
5886,3088602050100133,-2.698327,-0.153625,not_clean,-1
5887,3030422030122505,-1.061063,0.874929,not_clean,-1
5888,3030173010102872,-2.557218,-0.065358,grouped,110
5889,3030422010122709,-0.954083,0.941532,not_clean,-1
5890,3088601030121582,-1.601675,0.534236,not_clean,-1
5891,3084004030103299,-3.325335,-0.548972,not_clean,-1
5892,3030422030120410,-1.217929,0.775085,not_clean,-1
5893,3088601100122463,-2.147827,0.190205,not_clean,-1
5894,3030422010121757,-0.807376,1.032258,not_clean,-1
5895,3055472010121276,-2.057066,0.245970,not_clean,-1
5896,3084004030100355,-3.342954,-0.562126,not_clean,-1
5897,3055472010121685,-1.913484,0.335701,not_clean,-1
5898,3084004030100272,-3.522674,-0.675534,grouped,42
5899,3084004030100016,-3.481252,-0.650745,grouped,75
5900,3084004030100866,-3.428725,-0.617933,not_clean,-1
5901,3030422030121277,-1.183985,0.792116,grouped,71
5902,3084004030100315,-3.452165,-0.633428,grouped,70
5903,3076419140125641,-0.369368,1.302595,grouped,99
5904,3088602050103188,-2.754131,-0.195429,not_clean,-1
5905,3051101070120072,-0.613949,1.148862,grouped,260
5906,3088602120101272,-3.288815,-0.531719,not_clean,-1
5907,3030422030122348,-1.155825,0.807009,grouped,135
5908,3084004030100199,-3.530408,-0.684921,not_clean,-1
5909,3088602070101718,-2.817423,-0.237939,not_clean,-1
5910,3076419020121378,-0.115431,1.458754,not_clean,-1
5911,3084004030101538,-3.468983,-0.647626,grouped,69
5912,3084004030101221,-3.500534,-0.667664,not_clean,-1
5913,3084004030100323,-3.420658,-0.617607,grouped,311
5914,3084004030103853,-3.589659,-0.724157,not_clean,-1
5915,3055472010122888,-2.042143,0.246745,not_clean,-1
5916,3030422010120170,-0.686261,1.098302,not_clean,-1
5917,3076419020120866,-0.184139,1.413343,not_clean,-1
5918,3088602050105876,-2.654849,-0.138524,not_clean,-1
5919,3088602070101295,-2.978278,-0.341960,grouped,106
5920,3088602090107338,-3.183467,-0.471019,not_clean,-1
5921,3072255040120607,-1.325546,0.696011,grouped,56
5922,3084004030103474,-3.359467,-0.582400,not_clean,-1
5923,3051101070120979,-0.540735,1.188076,not_clean,-1
5924,3055472010120588,-1.950479,0.301949,not_clean,-1
5925,3030422030122334,-1.239794,0.747300,not_clean,-1
5926,3088602070101608,-2.834371,-0.255619,grouped,108
5927,3076419020120239,-0.156022,1.426148,grouped,97
5928,3072255040125546,-1.438491,0.620917,not_clean,-1
5929,3030422010122302,-0.647791,1.117269,not_clean,-1
5930,3030422030121230,-0.999816,0.896127,grouped,59
5931,3030422030120568,-1.019493,0.882369,not_clean,-1
5932,3076419140120873,-0.357843,1.297600,not_clean,-1
5933,3076419020122227,-0.107827,1.453571,not_clean,-1
5934,3084004030100150,-3.481155,-0.664800,not_clean,-1
5935,3088602070101357,-2.975684,-0.347391,not_clean,-1
5936,3030422010121705,-0.831111,0.998720,grouped,260
5937,3088602120102246,-3.284100,-0.542031,grouped,81
5938,3088603070103191,-3.751716,-0.836013,grouped,150
5939,3030422030122002,-1.131693,0.808663,grouped,135
5940,3030422010123688,-0.939249,0.928936,not_clean,-1
5941,3088602050102516,-2.742264,-0.203541,not_clean,-1
5942,3030422010122324,-0.819826,1.003347,grouped,260
5943,3088602070100678,-2.821708,-0.254029,grouped,19
5944,3030173010102739,-2.237202,0.113091,not_clean,-1
5945,3030422030122596,-1.084099,0.836805,not_clean,-1
5946,3076419140123080,-0.346055,1.299459,not_clean,-1
5947,3088601030122787,-1.364877,0.659796,grouped,59
5948,3072255040121272,-1.477147,0.589026,not_clean,-1
5949,3084004030102454,-3.617951,-0.757267,not_clean,-1
5950,3084004030100659,-3.500380,-0.683754,grouped,62
5951,3076419140123147,-0.367097,1.282937,grouped,84
5952,3088602090102282,-3.163669,-0.473167,grouped,18
5953,3051101070122147,-0.409592,1.256078,grouped,254
5954,3076419020121943,-0.216663,1.377054,not_clean,-1
5955,3030422030120464,-1.188280,0.766942,not_clean,-1
5956,3088602090100329,-3.223341,-0.512458,grouped,84
5957,3030173010104827,-2.271650,0.084405,not_clean,-1
5958,3088602070100381,-2.929600,-0.329008,grouped,16
5959,3084004030102827,-3.610818,-0.756960,not_clean,-1
5960,3084004030102100,-3.506108,-0.691375,grouped,64
5961,3051101070121651,-0.585869,1.141249,not_clean,-1
5962,3088602070100385,-3.084045,-0.427994,grouped,5
5963,3076419020122450,-0.110959,1.438083,not_clean,-1
5964,3084004030100607,-3.386805,-0.618652,grouped,72
5965,3076419020121148,-0.089408,1.451220,grouped,96
5966,3030422030120716,-1.150321,0.785229,grouped,57
5967,3088602090103048,-3.200313,-0.502710,grouped,87
5968,3030173010103162,-2.548237,-0.094196,grouped,192
5969,3084004030101254,-3.493013,-0.687540,grouped,62
5970,3030173010102132,-2.473179,-0.049396,grouped,110
5971,3084004030102361,-3.436792,-0.654502,not_clean,-1
5972,3076419140121014,-0.357397,1.277784,grouped,99
5973,3084004030102383,-3.593684,-0.754020,not_clean,-1
5974,3084004030103109,-3.309477,-0.576295,grouped,331
5975,3030422010120597,-0.706745,1.057705,not_clean,-1
5976,3084004030102060,-3.471279,-0.678154,grouped,64
5977,3030422010120469,-0.691831,1.066677,not_clean,-1
5978,3055472010121124,-1.933003,0.287396,grouped,319
5979,3088603070102653,-3.767741,-0.865150,grouped,149
5980,3051101070121207,-0.504515,1.183108,grouped,92
5981,3088602070102256,-3.006894,-0.387948,grouped,4
5982,3088602090101342,-3.196739,-0.507248,grouped,24
5983,3030422010121697,-0.810254,0.990348,grouped,89
5984,3084004030100316,-3.305543,-0.576874,grouped,331
5985,3084004030100916,-3.454711,-0.670861,not_clean,-1
5986,3030173010101280,-2.450653,-0.040994,not_clean,-1
5987,3030173010103608,-2.423359,-0.024593,grouped,314
5988,3084004030100877,-3.572386,-0.746108,grouped,119
5989,3088601030123875,-1.530882,0.535604,not_clean,-1
5990,3084004030103009,-3.416646,-0.648569,not_clean,-1
5991,3030422010123112,-0.766323,1.015094,grouped,332
5992,3084004030102379,-3.425333,-0.654730,not_clean,-1
5993,3084004030102069,-3.430576,-0.658193,not_clean,-1
5994,3084004030100554,-3.436238,-0.661782,not_clean,-1
5995,3030173010101610,-2.490304,-0.068080,grouped,247
5996,3030422010120676,-0.625202,1.102488,not_clean,-1
5997,3084004030100858,-3.320749,-0.589636,grouped,136
5998,3088601030121294,-1.376761,0.630708,grouped,204
5999,3084004030103579,-3.547833,-0.732575,grouped,113
6000,3084004030100403,-3.364156,-0.617814,not_clean,-1
6001,3084004030101335,-3.396991,-0.638572,not_clean,-1
6002,3051101070124472,-0.516156,1.169767,grouped,101
6003,3055472010120385,-1.804523,0.360935,grouped,1
6004,3030422010121414,-0.630724,1.097471,not_clean,-1
6005,3084004030101071,-3.459155,-0.678168,not_clean,-1
6006,3088602070108320,-3.117192,-0.464033,grouped,87
6007,3088602070101356,-2.972406,-0.373233,grouped,9
6008,3088602070106992,-2.799294,-0.264792,not_clean,-1
6009,3072255040121578,-1.498118,0.551144,grouped,338
6010,3088602090101134,-3.240320,-0.542649,not_clean,-1
6011,3088602090100935,-3.199501,-0.517819,grouped,4
6012,3088602050103102,-2.672176,-0.187673,not_clean,-1
6013,3076419020122167,-0.252839,1.330618,grouped,100
6014,3084004030100195,-3.472469,-0.691149,grouped,61
6015,3084004030100829,-3.398970,-0.645246,not_clean,-1
6016,3088601100122261,-2.177247,0.121439,not_clean,-1
6017,3088601030121502,-1.374184,0.625497,not_clean,-1
6018,3084004030101659,-3.585959,-0.763085,not_clean,-1
6019,3088601030120661,-1.550543,0.513517,not_clean,-1
6020,3084004030103908,-3.535662,-0.732575,not_clean,-1
6021,3030422010125355,-0.794453,0.987964,not_clean,-1
6022,3030173010102971,-2.401375,-0.021105,grouped,107
6023,3084004030100326,-3.359284,-0.622480,not_clean,-1
6024,3088603070102484,-3.710026,-0.842889,grouped,68
6025,3051101070121408,-0.598251,1.109490,grouped,92
6026,3076419020121596,-0.117214,1.410910,grouped,96
6027,3030422030121488,-1.091900,0.799527,grouped,135
6028,3088602070102133,-2.953631,-0.369491,grouped,4
6029,3084004030100027,-3.473883,-0.697824,not_clean,-1
6030,3076419020125248,0.006763,1.486058,grouped,96
6031,3088602070102040,-2.932117,-0.358061,grouped,21
6032,3084004030100809,-3.504724,-0.717648,not_clean,-1
6033,3088602070100776,-2.812557,-0.283298,grouped,14
6034,3030173010101194,-2.383205,-0.013947,grouped,107
6035,3076419020120387,-0.088040,1.425896,not_clean,-1
6036,3030422010122255,-0.869487,0.935835,grouped,58
6037,3084004030103050,-3.574410,-0.763356,not_clean,-1
6038,3088602090100927,-3.224774,-0.544370,not_clean,-1
6039,3084004030101853,-3.456134,-0.689939,grouped,61
6040,3084004030100142,-3.286816,-0.583738,grouped,42
6041,3088602070102023,-3.047283,-0.434077,grouped,3
6042,3076419140120805,-0.285967,1.298505,grouped,103
6043,3088602070101379,-2.905006,-0.344965,grouped,316
6044,3088602070100298,-2.978426,-0.391327,grouped,10
6045,3084004030101686,-3.448463,-0.686554,not_clean,-1
6046,3051101070124173,-0.344803,1.260775,grouped,103
6047,3030173010101611,-2.578987,-0.141284,grouped,270
6048,3088601030120688,-1.555804,0.497872,not_clean,-1
6049,3084004030101559,-3.410771,-0.666585,grouped,56
6050,3030422010120747,-0.771603,0.989495,grouped,260
6051,3084004030100536,-3.510037,-0.729122,not_clean,-1
6052,3055472010122126,-1.883804,0.291425,grouped,0
6053,3088602070103264,-3.070573,-0.453432,not_clean,-1
6054,3030173010103044,-2.489481,-0.088770,grouped,342
6055,3088602070101936,-2.924094,-0.362696,not_clean,-1
6056,3076419020122397,-0.092615,1.412820,grouped,96
6057,3055472010120549,-1.768119,0.361791,grouped,71
6058,3088601100120174,-2.021872,0.202338,not_clean,-1
6059,3084004030100369,-3.489119,-0.718615,not_clean,-1
6060,3055472010120228,-1.973789,0.232101,grouped,37
6061,3084004030100577,-3.397518,-0.661801,not_clean,-1
6062,3076419020122162,-0.030310,1.450589,grouped,96
6063,3030422010121763,-0.791727,0.972665,grouped,260
6064,3084004030101488,-3.424477,-0.679689,not_clean,-1
6065,3084004030101578,-3.381793,-0.652934,not_clean,-1
6066,3084004030103895,-3.504739,-0.730585,not_clean,-1
6067,3030173010100713,-2.538209,-0.124164,grouped,147
6068,3076419020120739,0.004797,1.470537,grouped,293
6069,3084004030100397,-3.427301,-0.682610,not_clean,-1
6070,3072255040120253,-1.458796,0.552208,grouped,99
6071,3055472010121021,-1.926417,0.258614,not_clean,-1
6072,3084004030101053,-3.620692,-0.804888,grouped,45
6073,3055472010120048,-1.738481,0.375802,grouped,0
6074,3030422010121765,-0.739979,1.001823,not_clean,-1
6075,3084004030104321,-3.527828,-0.747409,not_clean,-1
6076,3076419020121436,-0.156564,1.367114,grouped,93
6077,3030422010122822,-0.584326,1.098275,not_clean,-1
6078,3084004030103983,-3.302156,-0.606861,grouped,90
6079,3084004030101751,-3.333390,-0.626499,grouped,72
6080,3076419020121343,0.020296,1.476289,grouped,96
6081,3088602090104960,-3.237037,-0.566976,grouped,80
6082,3030173010102190,-2.291887,0.025462,not_clean,-1
6083,3051101070120506,-0.343162,1.247783,not_clean,-1
6084,3076419020121560,-0.191852,1.340840,grouped,293
6085,3082303010120692,-1.669776,0.413811,not_clean,-1
6086,3030422010121682,-0.766391,0.980300,grouped,168
6087,3084004030101702,-3.347827,-0.639328,not_clean,-1
6088,3030173010101994,-2.347942,-0.012241,grouped,259
6089,3084004030100810,-3.582450,-0.788436,grouped,45
6090,3030173010104802,-2.565006,-0.150292,not_clean,-1
6091,3030422010120102,-0.781665,0.968389,grouped,260
6092,3084004030101949,-3.417030,-0.684923,grouped,115
6093,3088602090100729,-3.208595,-0.554504,grouped,85
6094,3084004030100110,-3.376898,-0.660271,not_clean,-1
6095,3030422010120998,-0.745740,0.990242,grouped,11
6096,3088602070102134,-2.943847,-0.388806,grouped,5
6097,3084004030101418,-3.561388,-0.776690,grouped,307
6098,3030173010100902,-2.301644,0.012902,not_clean,-1
6099,3084004030101903,-3.353421,-0.646966,not_clean,-1
6100,3030422030120063,-1.148803,0.735968,grouped,10
6101,3084004030101238,-3.539250,-0.764289,not_clean,-1
6102,3088602090103052,-3.179482,-0.538783,grouped,147
6103,3030422010121417,-0.611576,1.070769,not_clean,-1
6104,3072255040121456,-1.324197,0.623488,grouped,84
6105,3084004030106887,-3.582007,-0.792896,grouped,62
6106,3030173010104139,-2.385512,-0.042511,not_clean,-1
6107,3030173010100130,-2.557422,-0.150747,grouped,189
6108,3088601100120703,-2.096803,0.137987,grouped,189
6109,3088602090100232,-3.155017,-0.525894,grouped,5
6110,3088602050103016,-2.732974,-0.261875,not_clean,-1
6111,3084004030104348,-3.299475,-0.617474,not_clean,-1
6112,3084004030100111,-3.427880,-0.698820,not_clean,-1
6113,3084004030101807,-3.407025,-0.687337,not_clean,-1
6114,3088602070108440,-2.854249,-0.340913,grouped,21
6115,3088602090102334,-3.160975,-0.533844,grouped,24
6116,3076419020123727,-0.086042,1.394255,not_clean,-1
6117,3088602070104889,-2.863686,-0.348022,not_clean,-1
6118,3084004030101345,-3.393123,-0.680378,not_clean,-1
6119,3030173010100928,-2.572523,-0.166728,not_clean,-1
6120,3030422030120777,-1.190503,0.699488,grouped,203
6121,3030422010121606,-0.881070,0.892901,grouped,260
6122,3030173010102659,-2.339872,-0.022309,grouped,107
6123,3030422010122375,-0.725812,0.989852,grouped,338
6124,3084004030101824,-3.313580,-0.633299,not_clean,-1
6125,3084004030100063,-3.441078,-0.713392,grouped,62
6126,3084004030100307,-3.330582,-0.644577,not_clean,-1
6127,3084004030100864,-3.385215,-0.680477,grouped,62
6128,3076419140121810,-0.311658,1.246789,grouped,103
6129,3030422010121499,-0.766078,0.961286,grouped,260
6130,3084004030101162,-3.416414,-0.701021,grouped,150
6131,3084004030100679,-3.489614,-0.747498,not_clean,-1
6132,3088602070102340,-2.885127,-0.368947,not_clean,-1
6133,3055472010121115,-1.736451,0.351284,not_clean,-1
6134,3088602050103274,-2.634669,-0.212661,not_clean,-1
6135,3088602050101416,-2.677511,-0.239847,grouped,68
6136,3084004030102014,-3.458066,-0.729514,not_clean,-1
6137,3076419020120050,-0.047132,1.409034,not_clean,-1
6138,3084004030100059,-3.435116,-0.716500,not_clean,-1
6139,3076419020121265,-0.055871,1.402142,grouped,96
6140,3030173010105673,-2.342173,-0.031403,not_clean,-1
6141,3088602090104581,-3.123755,-0.522238,not_clean,-1
6142,3055472010121945,-1.931484,0.225116,not_clean,-1
6143,3088602070103737,-3.085203,-0.498556,not_clean,-1
6144,3084004030100040,-3.567016,-0.800659,grouped,258
6145,3088602090102410,-3.180676,-0.558530,grouped,81
6146,3084004030103194,-3.588718,-0.814499,grouped,297
6147,3084004030100767,-3.448944,-0.727095,grouped,61
6148,3084004030100614,-3.470022,-0.740326,grouped,65
6149,3088602050100855,-2.725111,-0.273354,not_clean,-1
6150,3030173010105387,-2.203653,0.053442,not_clean,-1
6151,3084004030100054,-3.438740,-0.721284,not_clean,-1
6152,3076419020122546,-0.166140,1.330270,not_clean,-1
6153,3084004030100681,-3.244085,-0.599825,not_clean,-1
6154,3084004030100088,-3.342577,-0.661753,grouped,75
6155,3088601030120349,-1.468212,0.513288,grouped,68
6156,3088601100123351,-2.048449,0.148891,not_clean,-1
6157,3084004030101633,-3.318200,-0.647635,grouped,316
6158,3084004030100613,-3.464250,-0.740698,not_clean,-1
6159,3084004030100443,-3.330435,-0.657694,grouped,72
6160,3076419020120631,-0.171344,1.322726,grouped,94
6161,3088602070103702,-2.939617,-0.413544,grouped,5
6162,3055472010122356,-1.765805,0.321243,not_clean,-1
6163,3030422010122218,-0.561660,1.075354,grouped,260
6164,3030422010120198,-0.763437,0.948323,not_clean,-1
6165,3076419140121930,-0.275857,1.253438,grouped,103
6166,3084004030104275,-3.523139,-0.782224,grouped,297
6167,3076419140120106,-0.290769,1.243969,not_clean,-1
6168,3030173010103210,-2.330333,-0.034564,grouped,190
6169,3051101070123092,-0.354034,1.203983,grouped,97
6170,3084004030100229,-3.511951,-0.776247,grouped,297
6171,3030173010102844,-2.325090,-0.032330,grouped,336
6172,3084004030100213,-3.366344,-0.685217,grouped,64
6173,3030173010102664,-2.276249,-0.001798,grouped,194
6174,3088601100120622,-2.036821,0.148076,not_clean,-1
6175,3076419020121522,-0.170249,1.316826,not_clean,-1
6176,3076419020120110,-0.242296,1.271519,not_clean,-1
6177,3084004030100826,-3.394639,-0.704697,not_clean,-1
6178,3084004030100358,-3.461887,-0.747579,not_clean,-1
6179,3084004030100330,-3.496102,-0.770065,grouped,150
6180,3055472010120752,-1.868335,0.250101,grouped,106
6181,3088601020120910,-1.482264,0.492115,grouped,293
6182,3084004030102168,-3.540703,-0.798521,not_clean,-1
6183,3082303010120712,-1.677807,0.369296,grouped,88
6184,3084004030101632,-3.284770,-0.639069,not_clean,-1
6185,3084004030100516,-3.262580,-0.625328,grouped,42
6186,3076419020121770,-0.003522,1.417090,grouped,96
6187,3088601100121966,-2.077165,0.117391,not_clean,-1
6188,3084004030100834,-3.398991,-0.711827,grouped,62
6189,3030173010101624,-2.329753,-0.041587,grouped,190
6190,3076419020120971,0.060493,1.456174,not_clean,-1
6191,3030173010105505,-2.241370,0.013626,grouped,190
6192,3030422010120928,-0.591430,1.046227,grouped,260
6193,3051101070121955,-0.431518,1.145470,not_clean,-1
6194,3082303010120944,-1.574269,0.428435,grouped,275
6195,3084004030101383,-3.528667,-0.796835,not_clean,-1
6196,3030422010120331,-0.671513,0.993656,grouped,203
6197,3055472010120484,-1.875435,0.238212,not_clean,-1
6198,3084004030102187,-3.349631,-0.686485,grouped,71
6199,3084004030100384,-3.369132,-0.699029,grouped,61
6200,3051101070120013,-0.505764,1.094910,grouped,10
6201,3055472010121637,-1.755364,0.311790,not_clean,-1
6202,3076419020122173,-0.175478,1.300670,not_clean,-1
6203,3084004030100077,-3.399327,-0.720891,grouped,90
6204,3084004030100711,-3.423706,-0.736325,not_clean,-1
6205,3088601020120882,-1.507433,0.463071,grouped,81
6206,3084004030100020,-3.407469,-0.727927,not_clean,-1
6207,3030173010106149,-2.476020,-0.144387,not_clean,-1
6208,3084004030100846,-3.384541,-0.713923,grouped,62
6209,3030422010121190,-0.762080,0.929300,not_clean,-1
6210,3030173010104627,-2.302704,-0.036334,not_clean,-1
6211,3088601020120676,-1.539536,0.441786,grouped,78
6212,3088602090102181,-3.193253,-0.595123,not_clean,-1
6213,3055472010122051,-1.771679,0.295530,not_clean,-1
6214,3088601100121686,-1.985440,0.161014,grouped,185
6215,3084004030102767,-3.591225,-0.846152,grouped,307
6216,3088602090100684,-3.225477,-0.617401,grouped,69
6217,3084004030101552,-3.509905,-0.795961,not_clean,-1
6218,3084004030101805,-3.497533,-0.788379,grouped,65
6219,3084004030101619,-3.438949,-0.752008,not_clean,-1
6220,3088601100120407,-2.034883,0.127706,grouped,43
6221,3088602070102868,-2.994296,-0.473863,grouped,74
6222,3076419140120464,-0.282296,1.225414,not_clean,-1
6223,3082303010122434,-1.701711,0.336183,grouped,5
6224,3030173010101673,-2.348271,-0.069503,not_clean,-1
6225,3030173010102569,-2.383336,-0.091589,grouped,192
6226,3084004030101565,-3.560208,-0.829298,grouped,105
6227,3030173010104217,-2.540339,-0.191179,not_clean,-1
6228,3030422030122090,-1.137507,0.687451,grouped,135
6229,3084004030101408,-3.469838,-0.774379,grouped,62
6230,3088602070106700,-2.895670,-0.415108,not_clean,-1
6231,3084004030101876,-3.238747,-0.630133,grouped,105
6232,3084004030101748,-3.430724,-0.750717,not_clean,-1
6233,3088602070100986,-2.888889,-0.411368,grouped,5
6234,3084004030100064,-3.447005,-0.761420,not_clean,-1
6235,3084004030102685,-3.530105,-0.814049,grouped,307
6236,3084004030101275,-3.412908,-0.740737,not_clean,-1
6237,3030422010120975,-0.762033,0.918939,grouped,260
6238,3076419020121179,-0.014257,1.386795,not_clean,-1
6239,3076419140120337,-0.231863,1.249875,grouped,55
6240,3084004030101879,-3.311312,-0.679557,grouped,256
6241,3084004030101779,-3.482434,-0.786924,not_clean,-1
6242,3030173010102729,-2.382025,-0.097749,grouped,193
6243,3030173010101175,-2.361205,-0.085504,not_clean,-1
6244,3084004030101696,-3.471700,-0.781307,not_clean,-1
6245,3084004030100217,-3.403515,-0.738859,not_clean,-1
6246,3082303010121735,-1.590139,0.397312,grouped,85
6247,3084004030100189,-3.460429,-0.775201,not_clean,-1
6248,3088601020122349,-1.502424,0.451236,not_clean,-1
6249,3084004030103727,-3.298369,-0.674652,not_clean,-1
6250,3088602020105124,-2.615814,-0.247428,not_clean,-1
6251,3076419020120664,-0.060741,1.352229,not_clean,-1
6252,3084004030101220,-3.521605,-0.816189,not_clean,-1
6253,3088602070103970,-2.765812,-0.342753,grouped,24
6254,3088601100124202,-2.145656,0.045522,not_clean,-1
6255,3072255040120904,-1.371798,0.530348,not_clean,-1
6256,3088602090102284,-3.198447,-0.614168,not_clean,-1
6257,3076419020123024,0.091136,1.445307,not_clean,-1
6258,3088602070101687,-3.057209,-0.527050,not_clean,-1
6259,3088602020101825,-2.704260,-0.306376,grouped,187
6260,3084004030100564,-3.432188,-0.762597,grouped,61
6261,3055472010121106,-1.816713,0.249347,grouped,15
6262,3088602070103225,-2.875223,-0.414186,grouped,1
6263,3084004030103326,-3.510669,-0.812386,not_clean,-1
6264,3076419140120963,-0.273811,1.214420,not_clean,-1
6265,3030173010101374,-2.386425,-0.109514,grouped,192
6266,3030422010120217,-0.710721,0.940061,not_clean,-1
6267,3084004030100070,-3.473269,-0.790632,not_clean,-1
6268,3076419020122480,-0.077830,1.335824,not_clean,-1
6269,3084004030101539,-3.602811,-0.874128,grouped,91
6270,3088602070101113,-2.984225,-0.486847,not_clean,-1
6271,3088602070108751,-2.829724,-0.390548,grouped,139
6272,3030422010120013,-0.721182,0.930087,not_clean,-1
6273,3030422010122239,-0.867808,0.837137,not_clean,-1
6274,3088601100122393,-2.139628,0.040290,not_clean,-1
6275,3051101070124669,-0.373774,1.146122,not_clean,-1
6276,3088602070104504,-2.972480,-0.482328,not_clean,-1
6277,3088601100125564,-2.011828,0.118874,not_clean,-1
6278,3084004030100734,-3.436122,-0.773945,not_clean,-1
6279,3076419020123037,-0.160821,1.276945,grouped,101
6280,3088602070100356,-2.987303,-0.494084,grouped,81
6281,3076419140121241,-0.268206,1.208476,not_clean,-1
6282,3084004030100089,-3.392604,-0.748340,grouped,62
6283,3051101070121963,-0.487994,1.070657,not_clean,-1
6284,3082303010124461,-1.626969,0.357073,grouped,84
6285,3030173010101015,-2.410482,-0.134743,grouped,190
6286,3076419020121007,0.062135,1.413216,grouped,96
6287,3030422010120424,-0.709391,0.930090,not_clean,-1
6288,3030173010101043,-2.299291,-0.066050,not_clean,-1
6289,3084004030102945,-3.316942,-0.705223,not_clean,-1
6290,3084004030100849,-3.409113,-0.763161,not_clean,-1
6291,3082303010120435,-1.685747,0.315814,grouped,62
6292,3084004030101975,-3.379663,-0.746766,not_clean,-1
6293,3084004030100182,-3.351296,-0.729103,grouped,61
6294,3030173010100247,-2.413202,-0.143493,grouped,195
6295,3051101070120847,-0.318455,1.168078,not_clean,-1
6296,3030422010122249,-0.670100,0.947687,grouped,76
6297,3084004030100435,-3.430969,-0.782307,not_clean,-1
6298,3084004030100046,-3.357522,-0.736815,grouped,207
6299,3084004030102195,-3.282507,-0.690205,grouped,64
6300,3030422010121354,-0.662585,0.949708,grouped,260
6301,3072255040123260,-1.249845,0.581197,grouped,25
6302,3084004030101978,-3.319049,-0.714858,grouped,70
6303,3084004030100344,-3.397682,-0.764213,not_clean,-1
6304,3088602020101375,-2.591672,-0.259943,grouped,181
6305,3030173010100522,-2.246331,-0.043774,not_clean,-1
6306,3084004030103686,-3.343063,-0.730725,not_clean,-1
6307,3088602070105600,-2.953187,-0.486846,not_clean,-1
6308,3088601100122181,-2.130554,0.028197,not_clean,-1
6309,3088601100123803,-2.115879,0.037207,not_clean,-1
6310,3084004030102149,-3.568301,-0.872646,grouped,45
6311,3088602020104860,-2.542890,-0.231382,not_clean,-1
6312,3030422010120381,-0.633335,0.963302,grouped,260
6313,3030173010101083,-2.371734,-0.125368,grouped,190
6314,3088601100121342,-2.081784,0.055163,grouped,199
6315,3030173010102941,-2.301759,-0.083146,grouped,337
6316,3082303010120792,-1.932381,0.148006,grouped,205
6317,3084004030101972,-3.472533,-0.817603,grouped,90
6318,3084004030100484,-3.533057,-0.855514,grouped,307
6319,3030173010104730,-2.357125,-0.119384,grouped,192
6320,3088602020103899,-2.575237,-0.255974,grouped,105
6321,3030173010100649,-2.395917,-0.144225,not_clean,-1
6322,3084004030100589,-3.420934,-0.786002,grouped,61
6323,3084004030100233,-3.256620,-0.683447,grouped,68
6324,3084004030101995,-3.374202,-0.758944,grouped,65
6325,3084004030100606,-3.350052,-0.743875,grouped,61
6326,3076419020122065,-0.108262,1.285408,not_clean,-1
6327,3055472010121728,-1.707257,0.283967,not_clean,-1
6328,3088601020122906,-1.412211,0.468697,not_clean,-1
6329,3084004030101708,-3.562333,-0.878236,grouped,307
6330,3076419020121917,0.013273,1.359671,not_clean,-1
6331,3088602020103798,-2.659129,-0.313148,grouped,342
6332,3076419020120768,0.059438,1.388299,grouped,293
6333,3084004030100322,-3.383929,-0.767171,not_clean,-1
6334,3088602090101405,-3.165134,-0.630231,grouped,139
6335,3030422010120072,-0.711159,0.906096,not_clean,-1
6336,3088602090100939,-3.080912,-0.577841,grouped,73
6337,3088602020101457,-2.589990,-0.270754,not_clean,-1
6338,3082303010121190,-1.684576,0.295387,grouped,11
6339,3084004030100082,-3.498335,-0.840398,not_clean,-1
6340,3084004030103327,-3.241528,-0.679877,not_clean,-1
6341,3088601100121396,-2.113784,0.026100,grouped,204
6342,3030173010104681,-2.339305,-0.115411,not_clean,-1
6343,3030422010121064,-0.719731,0.898225,grouped,260
6344,3030422010122964,-0.590184,0.979127,not_clean,-1
6345,3088602020102554,-2.604903,-0.282385,grouped,342
6346,3084004030102392,-3.260293,-0.692807,grouped,64
6347,3084004030100230,-3.449464,-0.811370,not_clean,-1
6348,3030173010101464,-2.321597,-0.105320,not_clean,-1
6349,3030422010120012,-0.610665,0.965651,grouped,260
6350,3030173010101929,-2.284966,-0.083489,not_clean,-1
6351,3088602070103811,-2.908827,-0.475695,nan_hardness,-1
6352,3030422010122878,-0.852570,0.811187,grouped,260
6353,3082303010122301,-1.918674,0.143697,grouped,341
6354,3076419020121248,-0.122185,1.267501,grouped,95
6355,3088602070102505,-2.961140,-0.509541,grouped,207
6356,3084004030100654,-3.357434,-0.757616,grouped,61
6357,3076419020121529,-0.136935,1.257976,grouped,92
6358,3051101070120691,-0.383044,1.103866,not_clean,-1
6359,3076419020120322,0.015198,1.352817,grouped,97
6360,3088601100120911,-2.075943,0.043828,not_clean,-1
6361,3076419140121503,-0.233764,1.195845,grouped,332
6362,3088602090101311,-3.086230,-0.589769,grouped,71
6363,3030422010121205,-0.593951,0.969950,grouped,260
6364,3088602070103495,-2.993429,-0.533460,not_clean,-1
6365,3084004030102885,-3.371655,-0.770203,grouped,61
6366,3076419140122115,-0.270667,1.169609,grouped,260
6367,3051101070121541,-0.301502,1.150143,grouped,100
6368,3088602020102595,-2.698031,-0.349901,not_clean,-1
6369,3030173010101437,-2.350300,-0.132879,grouped,193
6370,3084004030100153,-3.462951,-0.829631,grouped,90
6371,3051101070121115,-0.518450,1.012595,no_nh_contour,-1
6372,3088601020120372,-1.366828,0.481333,grouped,58
6373,3030173010102080,-2.333968,-0.124685,grouped,3
6374,3088602090102065,-3.187286,-0.659224,grouped,106
6375,3030173010104029,-2.227195,-0.058315,grouped,188
6376,3088601020121420,-1.396618,0.461360,grouped,79
6377,3030173010122862,-2.226942,-0.058407,not_clean,-1
6378,3030173010102374,-2.270037,-0.085457,grouped,316
6379,3084004030101130,-3.233782,-0.691145,grouped,56
6380,3084004030101388,-3.362700,-0.771998,not_clean,-1
6381,3072255040120861,-1.224524,0.565874,grouped,135
6382,3030173010101121,-2.373373,-0.153238,grouped,336
6383,3088602070100218,-3.016053,-0.556133,grouped,68
6384,3030173010101607,-2.220459,-0.058261,grouped,337
6385,3030173010120886,-2.220327,-0.058299,not_clean,-1
6386,3088601100121119,-1.931327,0.122483,grouped,192
6387,3084004030100337,-3.473737,-0.842990,grouped,56
6388,3084004030100588,-3.339093,-0.759058,grouped,17
6389,3084004030101283,-3.467480,-0.839460,grouped,245
6390,3076419020121156,-0.025575,1.313955,grouped,102
6391,3088601020121224,-1.451517,0.421790,not_clean,-1
6392,3072255040120224,-1.276579,0.530002,grouped,10
6393,3088602070103928,-3.023427,-0.563760,not_clean,-1
6394,3084004030101766,-3.519659,-0.874378,not_clean,-1
6395,3088602090102311,-3.163855,-0.652338,grouped,63
6396,3084004030100496,-3.488106,-0.855316,not_clean,-1
6397,3030173010108021,-2.436363,-0.197317,grouped,337
6398,3076419020121230,-0.038397,1.302815,not_clean,-1
6399,3088602090101276,-3.072493,-0.596052,grouped,204
6400,3082303010120920,-1.619297,0.312716,grouped,147
6401,3084004030102078,-3.343395,-0.766866,grouped,62
6402,3088602070101818,-2.825161,-0.442864,grouped,19
6403,3030173010104551,-2.330726,-0.133492,not_clean,-1
6404,3088602070102032,-2.898427,-0.489125,not_clean,-1
6405,3084004030100338,-3.420935,-0.816835,not_clean,-1
6406,3076419130121480,0.133206,1.406382,grouped,93
6407,3030173010102630,-2.224492,-0.068784,grouped,337
6408,3084004030101339,-3.232085,-0.699303,not_clean,-1
6409,3030173010121604,-2.224440,-0.068950,not_clean,-1
6410,3076419140123108,-0.243824,1.169574,grouped,92
6411,3076419130125172,0.141325,1.410222,grouped,93
6412,3076419020120380,-0.073663,1.275705,grouped,332
6413,3082303010120930,-1.673273,0.275076,grouped,338
6414,3051101070122055,-0.514269,0.999848,grouped,65
6415,3030173010101793,-2.207102,-0.060307,grouped,336
6416,3030173010121003,-2.206989,-0.060252,not_clean,-1
6417,3076419020122123,0.086897,1.374155,not_clean,-1
6418,3084004030101074,-3.430508,-0.827773,grouped,115
6419,3084004030101520,-3.484472,-0.861925,not_clean,-1
6420,3084004030101351,-3.266253,-0.726076,grouped,77
6421,3051101070121628,-0.290473,1.135099,grouped,302
6422,3076419020120681,0.064105,1.356723,grouped,92
6423,3084004030100888,-3.329831,-0.766429,grouped,62
6424,3084004030100371,-3.304049,-0.750354,grouped,85
6425,3051101070121976,-0.463986,1.026201,not_clean,-1
6426,3084004030100253,-3.360444,-0.786532,grouped,61
6427,3084004030102553,-3.352647,-0.781661,grouped,61
6428,3076419020120965,0.017767,1.325711,grouped,99
6429,3072255040121859,-1.281082,0.513489,not_clean,-1
6430,3084004030101868,-3.443886,-0.839788,not_clean,-1
6431,3030173010100458,-2.439790,-0.211814,grouped,180
6432,3030422010121633,-0.735251,0.853569,not_clean,-1
6433,3082303010120731,-1.548616,0.344674,grouped,85
6434,3030173010102995,-2.253155,-0.096235,grouped,191
6435,3076419140120043,-0.202818,1.185918,not_clean,-1
6436,3084004030108198,-3.514874,-0.886178,grouped,136
6437,3051101070120334,-0.267086,1.144948,grouped,11
6438,3088602070101475,-2.990859,-0.559669,grouped,79
6439,3084004030100140,-3.383102,-0.805162,not_clean,-1
6440,3072255040121720,-1.205582,0.557060,grouped,0
6441,3076419020120307,0.058133,1.347203,grouped,99
6442,3084004030100051,-3.466458,-0.857596,grouped,90
6443,3084004030100966,-3.399640,-0.816050,not_clean,-1
6444,3072255040120702,-1.244073,0.532435,not_clean,-1
6445,3051101070120918,-0.379990,1.072801,not_clean,-1
6446,3082303010120745,-1.755783,0.209583,grouped,124
6447,3088602070104436,-3.006580,-0.573060,grouped,83
6448,3088601020120586,-1.425185,0.416159,grouped,80
6449,3088602090103838,-3.069823,-0.612743,not_clean,-1
6450,3030173010101950,-2.289343,-0.125599,not_clean,-1
6451,3084004030101046,-3.329905,-0.777176,grouped,133
6452,3082303010123658,-1.825296,0.163779,not_clean,-1
6453,3082303010120453,-1.890183,0.122474,grouped,250
6454,3082303010120013,-1.695725,0.244076,not_clean,-1
6455,3084004030100357,-3.430029,-0.840905,grouped,90
6456,3030422010121090,-0.685995,0.875164,grouped,80
6457,3084004030100441,-3.336415,-0.782660,not_clean,-1
6458,3084004030103549,-3.396160,-0.820189,grouped,209
6459,3084004030102859,-3.522159,-0.899169,nan_hardness,-1
6460,3084004030103603,-3.452537,-0.855947,not_clean,-1
6461,3030173010104606,-2.237762,-0.096305,not_clean,-1
6462,3084004030100050,-3.466267,-0.865188,grouped,122
6463,3082493070120009,-1.167480,0.571460,not_clean,-1
6464,3084004030102184,-3.269882,-0.743844,grouped,317
6465,3030422010120337,-0.730251,0.844101,not_clean,-1
6466,3084004030100208,-3.489921,-0.882726,grouped,90
6467,3084004030101836,-3.554419,-0.923969,grouped,87
6468,3088602090101282,-3.152716,-0.673701,grouped,323
6469,3030422010121256,-0.889751,0.741358,grouped,58
6470,3084004030100113,-3.436035,-0.851325,grouped,90
6471,3076419130120635,0.135611,1.381273,not_clean,-1
6472,3076419130122977,0.114189,1.367813,not_clean,-1
6473,3084004030100348,-3.395879,-0.828453,grouped,62
6474,3030422010121085,-0.556214,0.946587,grouped,57
6475,3076419100121647,-0.266195,1.127603,not_clean,-1
6476,3084004030100178,-3.356347,-0.805126,grouped,317
6477,3076419020120135,0.094930,1.352525,grouped,97
6478,3088601020120108,-1.438136,0.393290,grouped,309
6479,3076419180121971,-0.966691,0.688053,grouped,338
6480,3088601100124757,-2.026249,0.024658,not_clean,-1
6481,3030173010104080,-2.461865,-0.248938,not_clean,-1
6482,3030422010122246,-0.721639,0.837784,not_clean,-1
6483,3084004030100118,-3.444840,-0.865283,grouped,90
6484,3030422010120227,-0.627501,0.896155,grouped,183
6485,3030422010120313,-0.555282,0.940471,grouped,260
6486,3084004030100095,-3.465107,-0.879086,not_clean,-1
6487,3088602070102093,-2.929879,-0.545304,grouped,5
6488,3084004030100235,-3.372401,-0.822287,grouped,307
6489,3084004030103991,-3.258957,-0.751756,grouped,61
6490,3030422010121099,-0.592553,0.915261,grouped,85
6491,3051101070121732,-0.477848,0.986887,grouped,58
6492,3088601100123676,-2.013783,0.025068,not_clean,-1
6493,3082493070122730,-1.230759,0.513993,grouped,147
6494,3082493070121175,-1.036782,0.634851,not_clean,-1
6495,3082303010120533,-1.620458,0.269787,grouped,203
6496,3082493070122147,-1.083071,0.605288,not_clean,-1
6497,3030422010120776,-0.683477,0.855036,grouped,204
6498,3076419180123240,-0.920458,0.706790,not_clean,-1
6499,3088602020105253,-2.747474,-0.435924,not_clean,-1
6500,3088601100120788,-2.077430,-0.017050,grouped,336
6501,3076419130121283,0.119906,1.356248,not_clean,-1
6502,3084004030100319,-3.423082,-0.858768,grouped,245
6503,3076419130121102,0.186227,1.395668,not_clean,-1
6504,3084004030100680,-3.328611,-0.801688,grouped,87
6505,3084004030103500,-3.492627,-0.904619,grouped,90
6506,3082493070122375,-1.057503,0.617671,grouped,184
6507,3030422010123773,-0.664536,0.862903,grouped,57
6508,3082303010124471,-1.892178,0.095038,not_clean,-1
6509,3030173010103768,-2.481679,-0.274082,not_clean,-1
6510,3051101070120982,-0.431628,1.006395,grouped,81
6511,3082303010121146,-1.710636,0.206568,nan_hardness,-1
6512,3030173010101428,-2.287977,-0.154661,grouped,336
6513,3084004030101809,-3.385808,-0.841006,grouped,62
6514,3030173010102445,-2.328470,-0.181133,not_clean,-1
6515,3051101070121909,-0.391398,1.029072,grouped,332
6516,3082303010123131,-1.599073,0.273979,not_clean,-1
6517,3030422010120593,-0.644777,0.870177,not_clean,-1
6518,3030173010104287,-2.412280,-0.234823,not_clean,-1
6519,3076419100121934,-0.145643,1.181676,grouped,93
6520,3076419130121471,0.103478,1.335952,grouped,94
6521,3082493070120402,-1.058483,0.608604,not_clean,-1
6522,3088602020103947,-2.514582,-0.301920,grouped,341
6523,3076419130120059,0.123382,1.346451,not_clean,-1
6524,3084004030100541,-3.297076,-0.791429,grouped,90
6525,3084004030101141,-3.400675,-0.856507,grouped,150
6526,3088601020121011,-1.348003,0.426137,grouped,42
6527,3088602020102412,-2.577120,-0.342272,grouped,342
6528,3076419180120883,-0.976934,0.657710,grouped,24
6529,3030422010121487,-0.804266,0.764945,grouped,194
6530,3088601020121753,-1.394165,0.395908,grouped,78
6531,3084004030100524,-3.311758,-0.803022,not_clean,-1
6532,3030173010100406,-2.334082,-0.191985,not_clean,-1
6533,3076419020120001,-0.026435,1.249138,not_clean,-1
6534,3084004030100998,-3.247690,-0.764819,grouped,62
6535,3082493070123604,-1.127288,0.560462,not_clean,-1
6536,3084004030101653,-3.280089,-0.785515,not_clean,-1
6537,3084004030102053,-3.336080,-0.820833,grouped,62
6538,3076419180121048,-0.911200,0.692988,not_clean,-1
6539,3076419130122787,0.194994,1.383584,grouped,100
6540,3084004030100584,-3.293372,-0.796359,grouped,136
6541,3088602020101594,-2.676341,-0.411983,grouped,126
6542,3084004030101206,-3.220088,-0.751791,grouped,297
6543,3084004030103541,-3.405338,-0.868790,not_clean,-1
6544,3082493070120217,-1.180923,0.520604,grouped,10
6545,3082303010120570,-1.838529,0.109398,not_clean,-1
6546,3084004030101945,-3.308647,-0.809716,grouped,23
6547,3076419180120990,-0.951629,0.662986,grouped,10
6548,3084004030101016,-3.385090,-0.858130,not_clean,-1
6549,3076419180123436,-0.978399,0.645774,not_clean,-1
6550,3084004030101044,-3.343982,-0.833105,grouped,62
6551,3088601100125905,-1.927828,0.050320,not_clean,-1
6552,3084004030101509,-3.349987,-0.838929,not_clean,-1
6553,3030422010120026,-0.847136,0.724784,grouped,13
6554,3082493070121263,-1.138718,0.541869,grouped,319
6555,3084004030102963,-3.268494,-0.789069,grouped,65
6556,3088601100124037,-1.955273,0.031495,grouped,190
6557,3088601020120170,-1.330893,0.421514,grouped,88
6558,3084004030101419,-3.464194,-0.911645,grouped,4
6559,3051101070122350,-0.467971,0.960076,not_clean,-1
6560,3082303010120130,-1.558086,0.278909,not_clean,-1
6561,3076419130120214,0.210876,1.383666,grouped,101
6562,3030422010120924,-0.515078,0.929923,grouped,205
6563,3084004030102860,-3.228193,-0.765444,grouped,62
6564,3084004030104482,-3.531831,-0.956642,not_clean,-1
6565,3051101070120085,-0.311839,1.054845,not_clean,-1
6566,3030422010121365,-0.761724,0.773831,grouped,17
6567,3082303010121792,-1.549590,0.280821,not_clean,-1
6568,3088601020120169,-1.332005,0.415897,grouped,10
6569,3088602090101658,-3.108255,-0.694149,grouped,338
6570,3030173010106170,-2.417385,-0.262813,grouped,60
6571,3076419130123277,0.104597,1.312192,not_clean,-1
6572,3088601020123581,-1.343571,0.407584,grouped,205
6573,3084004030100148,-3.288862,-0.807961,grouped,119
6574,3076419130120725,0.176084,1.354609,grouped,92
6575,3088602070100506,-2.877498,-0.553425,grouped,19
6576,3082303010120030,-1.587894,0.252221,grouped,3
6577,3084004030100446,-3.440840,-0.905532,grouped,245
6578,3088602090102944,-3.156114,-0.727810,grouped,56
6579,3084004030103085,-3.469837,-0.923899,grouped,91
6580,3082303010121535,-1.874520,0.072632,grouped,185
6581,3030422010122240,-0.742798,0.778295,grouped,7
6582,3030173010102141,-2.309769,-0.201184,not_clean,-1
6583,3076419130121487,0.174185,1.348583,grouped,99
6584,3084004030101860,-3.232998,-0.780226,grouped,62
6585,3088602090105179,-3.164478,-0.737985,not_clean,-1
6586,3084004030102425,-3.312095,-0.830579,grouped,62
6587,3088602090102547,-2.988149,-0.628478,not_clean,-1
6588,3030173010100400,-2.197360,-0.134804,grouped,193
6589,3030173010120203,-2.197271,-0.134801,not_clean,-1
6590,3088602070100819,-2.780858,-0.500305,grouped,43
6591,3084004030106330,-3.395278,-0.884842,not_clean,-1
6592,3076419130123729,0.188373,1.353003,not_clean,-1
6593,3084004030102048,-3.432446,-0.908602,grouped,106
6594,3082303010121139,-1.562737,0.258451,grouped,5
6595,3084004030105108,-3.457894,-0.925915,not_clean,-1
6596,3082303010120772,-1.591595,0.239544,grouped,7
6597,3088601100121311,-1.953413,0.012761,grouped,336
6598,3084004030101106,-3.397487,-0.889379,grouped,133
6599,3076419100122523,-0.120086,1.157058,not_clean,-1
6600,3088602090105394,-3.155961,-0.739858,not_clean,-1
6601,3076419130121915,0.261951,1.394556,grouped,93
6602,3088602020102669,-2.683492,-0.444917,not_clean,-1
6603,3084004030102956,-3.518743,-0.967182,grouped,91
6604,3051101070121982,-0.419405,0.967778,grouped,57
6605,3084004030101649,-3.470838,-0.939578,grouped,331
6606,3084004030102876,-3.481069,-0.946184,grouped,91
6607,3084004030100374,-3.354166,-0.867797,grouped,90
6608,3084004030104894,-3.398622,-0.897277,not_clean,-1
6609,3082493070122811,-1.126020,0.520774,grouped,1
6610,3088602020104616,-2.642197,-0.426254,grouped,17
6611,3030173010123525,-2.204985,-0.153606,not_clean,-1
6612,3082303010120999,-1.720435,0.148923,not_clean,-1
6613,3084004030101474,-3.448296,-0.930812,grouped,91
6614,3088602090105386,-3.156889,-0.749043,grouped,243
6615,3084004030101511,-3.428539,-0.919075,grouped,90
6616,3084004030101403,-3.184330,-0.766767,grouped,58
6617,3076419130121242,0.137918,1.307522,grouped,92
6618,3030173010104703,-2.139571,-0.114941,not_clean,-1
6619,3030173010122274,-2.139460,-0.115174,grouped,204
6620,3084004030100212,-3.407062,-0.907551,grouped,90
6621,3088602070102438,-2.772692,-0.512154,grouped,17
6622,3088602090100097,-3.070497,-0.698350,not_clean,-1
6623,3084004030100651,-3.375218,-0.888711,not_clean,-1
6624,3088602070103677,-2.873223,-0.575513,not_clean,-1
6625,3030173010100857,-2.400430,-0.280310,not_clean,-1
6626,3030173010100472,-2.370227,-0.261953,not_clean,-1
6627,3084004030103191,-3.277017,-0.828832,grouped,316
6628,3088602090106730,-3.042287,-0.683474,grouped,311
6629,3076419130121059,0.168660,1.321000,grouped,94
6630,3082303010120185,-1.720698,0.141330,grouped,199
6631,3088602090102590,-3.087981,-0.712729,grouped,70
6632,3051101070120484,-0.467552,0.922823,grouped,11
6633,3030173010102643,-2.424580,-0.299298,not_clean,-1
6634,3088602020108626,-2.570158,-0.391981,not_clean,-1
6635,3082303010121849,-1.625174,0.197643,grouped,17
6636,3084004030100445,-3.433109,-0.931255,grouped,62
6637,3030422010122186,-0.691092,0.780574,not_clean,-1
6638,3076419130121598,0.163102,1.312567,not_clean,-1
6639,3076419180124091,-0.990150,0.592532,grouped,19
6640,3076419100122926,-0.036198,1.187456,grouped,99
6641,3076419130122958,0.185729,1.325698,not_clean,-1
6642,3076419130120652,0.025444,1.225363,grouped,0
6643,3084004030103240,-3.356220,-0.886214,grouped,243
6644,3082303010120750,-1.521649,0.258950,grouped,21
6645,3084004030103122,-3.216369,-0.799572,grouped,61
6646,3088601100123670,-1.936896,-0.001150,not_clean,-1
6647,3088601100120485,-2.011240,-0.047823,grouped,337
6648,3084004030102208,-3.250912,-0.823267,not_clean,-1
6649,3084004030100710,-3.231381,-0.812334,not_clean,-1
6650,3051101070122155,-0.434444,0.933176,grouped,59
6651,3030422010122102,-0.813486,0.696526,not_clean,-1
6652,3088602090102913,-3.088347,-0.724032,grouped,76
6653,3088602020105409,-2.585945,-0.410428,grouped,35
6654,3084004030102894,-3.303229,-0.858269,grouped,297
6655,3076419130123196,0.175837,1.313002,grouped,100
6656,3088602090100087,-3.055983,-0.704405,grouped,75
6657,3084004030101442,-3.187909,-0.787377,grouped,64
6658,3084004030104752,-3.359729,-0.894703,grouped,90
6659,3030422010120473,-0.784415,0.711717,grouped,39
6660,3030173010102897,-2.307190,-0.239102,not_clean,-1
6661,3084004030105421,-3.370853,-0.903540,grouped,150
6662,3088602020106780,-2.554404,-0.394817,grouped,186
6663,3082303010121903,-1.703410,0.136103,not_clean,-1
6664,3084004030105410,-3.433114,-0.944253,not_clean,-1
6665,3088601020123057,-1.464167,0.284643,grouped,89
6666,3082303010125656,-1.524122,0.246561,grouped,22
6667,3076419100120800,-0.262309,1.034070,grouped,97
6668,3088602020101770,-2.587555,-0.417381,grouped,204
6669,3088602090104566,-3.154044,-0.771007,grouped,63
6670,3076419130122664,0.155807,1.294495,not_clean,-1
6671,3076419100122493,-0.072860,1.150941,grouped,93
6672,3084004030102916,-3.206145,-0.804805,grouped,62
6673,3084004030101441,-3.218058,-0.812351,grouped,4
6674,3088601100122739,-1.944765,-0.017615,not_clean,-1
6675,3084004030100479,-3.181423,-0.790014,grouped,62
6676,3084004030101737,-3.400369,-0.926639,grouped,64
6677,3088601020121020,-1.282649,0.394975,grouped,147
6678,3082303010121412,-1.708788,0.128940,not_clean,-1
6679,3084004030102413,-3.405497,-0.930227,grouped,340
6680,3088601020121181,-1.320792,0.370493,grouped,1
6681,3076419100122481,-0.164348,1.091918,not_clean,-1
6682,3084004030101586,-3.282178,-0.854312,grouped,65
6683,3051101070121772,-0.280269,1.019286,not_clean,-1
6684,3084004030106181,-3.444537,-0.955760,grouped,150
6685,3082493070122397,-1.195788,0.447289,grouped,204
6686,3088602040101584,-2.787274,-0.546196,not_clean,-1
6687,3082493070122046,-1.028974,0.551371,grouped,250
6688,3030422010122084,-0.570992,0.836648,grouped,262
6689,3030422010120934,-0.630242,0.799204,grouped,16
6690,3082493070121290,-1.204832,0.440584,grouped,204
6691,3084004030104842,-3.267000,-0.846708,grouped,63
6692,3030173010121618,-2.166222,-0.160647,grouped,43
6693,3030173010103783,-2.166006,-0.160714,not_clean,-1
6694,3076419100121316,-0.198423,1.066545,grouped,92
6695,3088602020101981,-2.696112,-0.492461,grouped,18
6696,3088602020101279,-2.652132,-0.465491,grouped,21
6697,3076419130121229,0.132108,1.271037,grouped,99
6698,3030422010120470,-0.774469,0.704847,grouped,34
6699,3084004030106270,-3.475304,-0.981505,grouped,24
6700,3076419100125145,-0.270940,1.017471,not_clean,-1
6701,3088602040106082,-2.806797,-0.565818,not_clean,-1
6702,3030173010105339,-2.265719,-0.228540,grouped,337
6703,3082493070123480,-1.032993,0.540726,grouped,17
6704,3076419130122050,0.117478,1.256937,grouped,99
6705,3088601100122617,-1.942297,-0.028711,not_clean,-1
6706,3082493070122055,-1.208070,0.429333,grouped,18
6707,3082493070124584,-1.025810,0.541558,grouped,13
6708,3076419100122159,-0.036671,1.158382,grouped,92
6709,3084004030103945,-3.320212,-0.890691,not_clean,-1
6710,3076419130121555,0.104541,1.245731,grouped,103
6711,3084004030104780,-3.205171,-0.821310,not_clean,-1
6712,3084004030100942,-3.368512,-0.923256,not_clean,-1
6713,3088602090100511,-3.037410,-0.716754,not_clean,-1
6714,3076419180121854,-0.989020,0.561466,grouped,128
6715,3088602020103586,-2.477224,-0.367308,grouped,189
6716,3088602020104480,-2.513259,-0.390781,grouped,342
6717,3076419130120467,0.064857,1.216752,grouped,92
6718,3084004030107382,-3.337078,-0.906216,not_clean,-1
6719,3082303010121221,-1.560536,0.201203,grouped,13
6720,3084004030102061,-3.347643,-0.914479,grouped,114
6721,3076419130123153,0.285152,1.351590,not_clean,-1
6722,3076419130120354,0.045369,1.201593,not_clean,-1
6723,3076419130122470,0.109576,1.241391,grouped,93
6724,3051101070122204,-0.282304,0.996689,not_clean,-1
6725,3076419180124893,-0.837624,0.648885,grouped,21
6726,3076419130120014,0.060027,1.207720,grouped,103
6727,3088602090103775,-2.933480,-0.659787,grouped,1
6728,3051101070121398,-0.415307,0.911189,grouped,58
6729,3088602020102406,-2.643479,-0.479359,grouped,15
6730,3076419100121985,-0.084291,1.115899,not_clean,-1
6731,3088602020103755,-2.681384,-0.504488,not_clean,-1
6732,3076419130122710,0.236916,1.315660,not_clean,-1
6733,3076419130121127,0.050657,1.199432,grouped,92
6734,3076419130121035,0.247621,1.321604,grouped,11
6735,3076419180122734,-0.982005,0.554347,grouped,35
6736,3030422010121143,-0.586922,0.800697,grouped,7
6737,3088601070121165,-1.838642,0.019227,grouped,180
6738,3088602020100031,-2.433454,-0.352900,not_clean,-1
6739,3082303010121093,-1.788749,0.049198,not_clean,-1
6740,3082303010120869,-1.572005,0.183905,grouped,147
6741,3076419100120592,-0.237696,1.015378,grouped,254
6742,3088602090100567,-3.009132,-0.714635,grouped,193
6743,3076419180121157,-0.855142,0.629011,grouped,196
6744,3084004030101791,-3.346251,-0.925454,grouped,150
6745,3030422010121742,-0.709576,0.719197,grouped,36
6746,3030173010104361,-2.310668,-0.281071,grouped,147
6747,3076419180123489,-0.880866,0.610780,not_clean,-1
6748,3084004030102612,-3.244510,-0.864018,grouped,45
6749,3051101070123290,-0.496264,0.850248,grouped,74
6750,3084004030102534,-3.445042,-0.989688,grouped,316
6751,3088601100120348,-1.884712,-0.016885,grouped,195
6752,3076419100120365,-0.196892,1.035299,grouped,10
6753,3088602040105397,-2.752517,-0.558769,not_clean,-1
6754,3030422010121183,-0.566901,0.802772,grouped,7
6755,3076419130121519,0.119977,1.229485,grouped,103
6756,3030422010120846,-0.643102,0.753494,grouped,128
6757,3084004030101372,-3.211043,-0.848702,grouped,70
6758,3088602090104142,-3.165660,-0.822392,grouped,339
6759,3051101070122914,-0.479987,0.852058,grouped,57
6760,3030173010102368,-2.309529,-0.289375,grouped,13
6761,3082303010121811,-1.450925,0.245304,not_clean,-1
6762,3088602090107193,-3.102754,-0.785667,not_clean,-1
6763,3084004030100840,-3.273163,-0.893757,grouped,91
6764,3084004030101615,-3.259439,-0.885246,grouped,58
6765,3088601020122871,-1.417704,0.263030,grouped,0
6766,3088602090100602,-2.964068,-0.702349,grouped,195
6767,3088602090102369,-2.955507,-0.697428,grouped,5
6768,3084004030103625,-3.323920,-0.927780,grouped,150
6769,3076419180121994,-0.800551,0.644999,grouped,199
6770,3082303010122595,-1.503929,0.206283,grouped,19
6771,3084004030101609,-3.365510,-0.954844,grouped,122
6772,3076419180121784,-0.947745,0.551822,grouped,205
6773,3030173010101935,-2.177648,-0.215257,not_clean,-1
6774,3076419100122184,-0.034915,1.120670,grouped,101
6775,3082303010120955,-1.574466,0.160819,grouped,30
6776,3030173010120709,-2.176842,-0.214968,grouped,337
6777,3076419130120711,0.112255,1.211791,grouped,103
6778,3088601020120197,-1.365363,0.289808,grouped,10
6779,3088602090102243,-3.063695,-0.769616,grouped,106
6780,3030173010100822,-2.265306,-0.272146,grouped,26
6781,3076419130121165,0.163347,1.241692,grouped,92
6782,3088602020104509,-2.520555,-0.432140,grouped,35
6783,3088601070120079,-1.822606,0.002705,grouped,192
6784,3088602090101856,-3.141232,-0.820076,not_clean,-1
6785,3076419100124933,-0.150381,1.044303,not_clean,-1
6786,3084004030102109,-3.282853,-0.909399,not_clean,-1
6787,3076419110121725,-0.489761,0.830390,grouped,132
6788,3076419130121285,0.027355,1.151312,not_clean,-1
6789,3076419180122659,-0.809999,0.629359,grouped,196
6790,3030422010123597,-0.584031,0.769632,grouped,205
6791,3088601020122901,-1.263829,0.345264,grouped,194
6792,3076419100122323,-0.233024,0.987505,not_clean,-1
6793,3076419180120484,-0.874793,0.587258,not_clean,-1
6794,3084004030101303,-3.392899,-0.982995,grouped,152
6795,3082303010121461,-1.621570,0.120953,grouped,87
6796,3088602090100812,-3.107335,-0.805919,grouped,311
6797,3088602090103542,-2.943717,-0.704072,not_clean,-1
6798,3076419100120854,-0.080806,1.080655,not_clean,-1
6799,3088602090101386,-3.067985,-0.781702,not_clean,-1
6800,3088602020100994,-2.349350,-0.333993,grouped,17
6801,3088602020101508,-2.498525,-0.427691,grouped,33
6802,3084004030106857,-3.238485,-0.888930,grouped,209
6803,3051101070120314,-0.330492,0.921799,not_clean,-1
6804,3030173010104598,-2.206912,-0.248314,not_clean,-1
6805,3088602090105519,-3.165580,-0.846722,nan_hardness,-1
6806,3076419130122158,0.129423,1.206693,grouped,92
6807,3088602090101353,-3.037342,-0.767230,not_clean,-1
6808,3076419040122494,-1.057491,0.466894,grouped,13
6809,3030173010102764,-2.281992,-0.296847,grouped,337
6810,3082303010120153,-1.751903,0.033508,grouped,194
6811,3082303010121931,-1.565061,0.149934,grouped,33
6812,3088601020124462,-1.246923,0.347872,not_clean,-1
6813,3088602040102717,-2.903210,-0.685454,not_clean,-1
6814,3084004030103950,-3.246818,-0.899684,not_clean,-1
6815,3076419100121446,-0.290720,0.942644,grouped,65
6816,3076419110120432,-0.533240,0.789225,not_clean,-1
6817,3088602020106161,-2.354100,-0.346525,not_clean,-1
6818,3088601110121107,-2.066254,-0.168310,grouped,186
6819,3088602040101064,-2.831130,-0.645262,grouped,1
6820,3084004030102400,-3.330224,-0.956552,grouped,243
6821,3088602020104874,-2.568531,-0.482456,not_clean,-1
6822,3076419130121132,0.153872,1.213771,grouped,93
6823,3076419040120962,-1.015539,0.485035,grouped,205
6824,3076419040122273,-1.086689,0.440563,grouped,37
6825,3082303010120144,-1.635873,0.097977,not_clean,-1
6826,3076419180125517,-0.797924,0.619471,grouped,199
6827,3082493070120867,-1.165260,0.389599,grouped,250
6828,3076419100121424,0.015806,1.125146,grouped,93
6829,3088602020106935,-2.530516,-0.462205,not_clean,-1
6830,3088601100124122,-1.908751,-0.074937,grouped,205
6831,3076419180122889,-0.831255,0.595958,grouped,199
6832,3088602020105288,-2.369289,-0.363247,grouped,184
6833,3082303010120558,-1.504009,0.176006,grouped,22
6834,3076419130124357,0.118385,1.186729,grouped,55
6835,3088601020120220,-1.346230,0.274063,grouped,1
6836,3084004030103671,-3.365787,-0.984646,grouped,91
6837,3076419110122812,-0.520593,0.788137,grouped,0
6838,3076419100122543,-0.118679,1.038466,grouped,98
6839,3076419130122602,0.182948,1.226109,not_clean,-1
6840,3076419100121735,-0.150427,1.017535,grouped,103
6841,3076419110124526,-0.344170,0.893567,not_clean,-1
6842,3082303010121243,-1.674616,0.064292,grouped,34
6843,3076419040120414,-1.008999,0.478809,not_clean,-1
6844,3082303010122100,-1.723001,0.032839,not_clean,-1
6845,3088601020123619,-1.338790,0.270180,grouped,1
6846,3076419180123505,-0.904343,0.535482,grouped,34
6847,3088601110120561,-2.004091,-0.150861,not_clean,-1
6848,3076419100121676,0.017379,1.108328,grouped,293
6849,3082303010121129,-1.543862,0.135177,grouped,37
6850,3076419130123852,0.210189,1.227514,not_clean,-1
6851,3076419180121997,-0.696986,0.662179,grouped,179
6852,3076419100123953,-0.294381,0.912785,not_clean,-1
6853,3088601020120968,-1.243209,0.321647,grouped,204
6854,3088601020120433,-1.298805,0.286800,grouped,13
6855,3088602090101343,-2.952918,-0.744544,grouped,68
6856,3084004030102066,-3.269106,-0.942178,grouped,338
6857,3076419100121993,-0.065955,1.052700,grouped,98
6858,3088602040100565,-2.868907,-0.694324,grouped,6
6859,3088601020126267,-1.352245,0.250496,not_clean,-1
6860,3088601020121474,-1.265350,0.304562,grouped,338
6861,3088601020120822,-1.272113,0.300120,grouped,147
6862,3088602020102159,-2.608040,-0.534427,grouped,24
6863,3076419110120081,-0.364836,0.862073,not_clean,-1
6864,3088601020122327,-1.379566,0.229881,not_clean,-1
6865,3076419100121793,-0.284502,0.911811,grouped,58
6866,3076419100124062,-0.227459,0.947125,grouped,62
6867,3088602040102775,-2.711954,-0.600790,grouped,22
6868,3088602020102687,-2.454800,-0.440805,grouped,34
6869,3088601110120330,-2.127109,-0.237150,not_clean,-1
6870,3076419180121081,-0.660283,0.676404,grouped,11
6871,3076419040121512,-1.007690,0.459303,grouped,250
6872,3088601110121775,-2.170911,-0.265882,not_clean,-1
6873,3088602040104764,-2.827176,-0.674803,grouped,9
6874,3088601070124539,-1.838705,-0.059520,not_clean,-1
6875,3088602090102215,-3.036128,-0.805672,nan_hardness,-1
6876,3076419100122487,-0.317767,0.887254,grouped,58
6877,3088601020121394,-1.207140,0.332638,grouped,37
6878,3076419100120399,-0.027593,1.066316,grouped,92
6879,3076419100122624,0.007901,1.087471,not_clean,-1
6880,3088601070124652,-1.793782,-0.035283,not_clean,-1
6881,3076419100121940,0.017321,1.092268,grouped,302
6882,3088602040101739,-2.792405,-0.657688,grouped,4
6883,3076419100124198,-0.233744,0.935108,not_clean,-1
6884,3088602020101349,-2.475338,-0.462746,not_clean,-1
6885,3076419110123087,-0.483617,0.777400,grouped,0
6886,3088602090101811,-3.072065,-0.834760,grouped,243
6887,3076419100121419,0.061392,1.115505,not_clean,-1
6888,3076419180120706,-0.742593,0.614929,grouped,198
6889,3088602020100137,-2.364437,-0.396002,grouped,68
6890,3082303010121441,-1.459454,0.166915,not_clean,-1
6891,3088602090100523,-3.161240,-0.893065,grouped,207
6892,3088601020122299,-1.214841,0.318711,grouped,147
6893,3076419130121293,0.108845,1.142493,grouped,93
6894,3076419130122809,0.187340,1.191168,grouped,55
6895,3076419180121497,-0.780455,0.588222,not_clean,-1
6896,3076419040121711,-1.057042,0.415718,not_clean,-1
6897,3076419110123049,-0.523860,0.746873,grouped,7
6898,3088602020100797,-2.511985,-0.492726,grouped,37
6899,3076419180125877,-0.755248,0.601091,not_clean,-1
6900,3076419040122229,-0.898291,0.511963,not_clean,-1
6901,3076419130126308,0.265534,1.236200,not_clean,-1
6902,3080168010125131,0.369119,1.300152,grouped,92
6903,3088602020103112,-2.465490,-0.464981,grouped,30
6904,3082303010120166,-1.476213,0.151048,grouped,121
6905,3076419110122823,-0.392225,0.825886,grouped,71
6906,3076419130123335,0.200389,1.194535,grouped,99
6907,3088601110120514,-2.050988,-0.208067,grouped,186
6908,3082493070120160,-1.189272,0.327635,not_clean,-1
6909,3088601110122304,-2.161784,-0.278085,grouped,185
6910,3076419110122749,-0.457973,0.782102,not_clean,-1
6911,3088601020120686,-1.347108,0.228194,not_clean,-1
6912,3088602090103563,-2.942738,-0.767388,not_clean,-1
6913,3080168010124318,0.356862,1.286251,not_clean,-1
6914,3088602020102521,-2.588236,-0.547818,not_clean,-1
6915,3088602020102932,-2.506240,-0.497505,not_clean,-1
6916,3088601020125423,-1.290315,0.258112,grouped,33
6917,3088602090103987,-3.024811,-0.822139,grouped,21
6918,3082303010121066,-1.539723,0.102116,not_clean,-1
6919,3076419110120932,-0.442724,0.783978,not_clean,-1
6920,3082493070121690,-1.182840,0.322870,not_clean,-1
6921,3080168010121775,0.417758,1.317222,grouped,97
6922,3076419130121817,0.157405,1.154858,grouped,92
6923,3082303010122028,-1.702778,-0.004262,grouped,183
6924,3076419180122270,-0.750030,0.588764,not_clean,-1
6925,3088602020101296,-2.564778,-0.541129,grouped,316
6926,3076419130122322,0.290735,1.236342,grouped,95
6927,3076419040121832,-0.997750,0.434369,grouped,26
6928,3076419040121789,-1.045535,0.404530,not_clean,-1
6929,3076419130120571,0.319646,1.253076,grouped,103
6930,3076419040120343,-1.125990,0.353432,not_clean,-1
6931,3076419130120774,0.220056,1.190994,grouped,203
6932,3088602040101477,-2.868065,-0.732054,grouped,6
6933,3076419180123788,-0.645028,0.651261,grouped,180
6934,3088602040101790,-2.735635,-0.651319,grouped,206
6935,3088602040101210,-2.820935,-0.704412,grouped,2
6936,3076419040120534,-1.071680,0.383820,grouped,187
6937,3080168010126559,0.488268,1.354378,not_clean,-1
6938,3076419180125188,-0.678445,0.627846,grouped,181
6939,3076419100123201,-0.108112,0.982230,not_clean,-1
6940,3076419110122727,-0.497638,0.737636,grouped,19
6941,3076419130124918,0.305542,1.237028,not_clean,-1
6942,3088602020104309,-2.522866,-0.523361,grouped,209
6943,3076419180122487,-0.772560,0.565983,grouped,184
6944,3076419100120022,-0.245158,0.893368,grouped,92
6945,3088601110123137,-2.127517,-0.278626,not_clean,-1
6946,3088602090107154,-3.067739,-0.863842,not_clean,-1
6947,3088601070124731,-1.773238,-0.060048,not_clean,-1
6948,3076419100121853,-0.254322,0.884878,grouped,58
6949,3076419130124137,0.109340,1.110570,grouped,78
6950,3088602020100065,-2.473242,-0.496874,not_clean,-1
6951,3080168010121768,0.352215,1.260979,grouped,92
6952,3076419180125297,-0.641625,0.642220,grouped,180
6953,3088601070121700,-1.737118,-0.040022,grouped,181
6954,3076419100122005,0.025742,1.055920,not_clean,-1
6955,3076419100124578,-0.215759,0.904668,grouped,55
6956,3076419110121485,-0.376160,0.804535,grouped,57
6957,3076419130120367,0.130908,1.118649,not_clean,-1
6958,3076419100121496,0.035668,1.058843,not_clean,-1
6959,3076419130123447,0.169194,1.141243,not_clean,-1
6960,3076419180120822,-0.766433,0.559122,grouped,347
6961,3088602040103021,-2.784262,-0.696780,grouped,9
6962,3076419100121092,-0.170115,0.927230,grouped,254
6963,3076419040120092,-0.875947,0.487636,grouped,200
6964,3088601110121127,-2.221923,-0.351344,grouped,337
6965,3076419100120695,-0.006293,1.027165,grouped,293
6966,3088602040103460,-2.697719,-0.648344,grouped,13
6967,3076419090122726,0.065542,1.070944,grouped,101
6968,3076419100121064,-0.016789,1.019121,grouped,55
6969,3088601110121564,-1.994467,-0.211487,grouped,187
6970,3076419180123108,-0.676699,0.608100,not_clean,-1
6971,3076419090120942,0.175809,1.138018,not_clean,-1
6972,3076419180124837,-0.771834,0.548503,grouped,200
6973,3076419100120065,-0.133929,0.944540,grouped,55
6974,3088601020121660,-1.404476,0.153894,not_clean,-1
6975,3088602020107395,-2.347128,-0.433019,not_clean,-1
6976,3088601020121568,-1.392135,0.160779,grouped,35
6977,3076419040121897,-1.081255,0.354139,not_clean,-1
6978,3088602090102962,-2.967958,-0.819853,grouped,24
6979,3088601020121641,-1.285269,0.226372,grouped,31
6980,3076419180125130,-0.702210,0.588458,not_clean,-1
6981,3076419110122849,-0.392398,0.780538,not_clean,-1
6982,3088601020121851,-1.175424,0.290860,grouped,8
6983,3088601020120802,-1.332002,0.193304,grouped,147
6984,3088602090100550,-3.102876,-0.908626,grouped,9
6985,3076419180121441,-0.688098,0.593373,grouped,345
6986,3088602020100612,-2.565290,-0.574755,grouped,186
6987,3076419110121226,-0.386864,0.780544,not_clean,-1
6988,3080168010123144,0.360712,1.245319,grouped,92
6989,3076419040121078,-0.884645,0.470666,grouped,35
6990,3088602020102252,-2.311160,-0.417553,grouped,336
6991,3076221020124551,0.518219,1.341792,grouped,134
6992,3076419110123291,-0.436004,0.748382,grouped,78
6993,3088601110120600,-2.173434,-0.333029,grouped,337
6994,3076419040121592,-1.098295,0.335365,grouped,250
6995,3088602020103545,-2.386322,-0.466070,not_clean,-1
6996,3088601070124416,-1.707653,-0.043964,not_clean,-1
6997,3076419040120359,-0.849038,0.489144,grouped,180
6998,3088601110122509,-2.119974,-0.301955,not_clean,-1
6999,3076419090121048,0.135440,1.100959,grouped,103
7000,3080168010123458,0.397769,1.263861,grouped,92
7001,3082303010121906,-1.585057,0.030593,not_clean,-1
7002,3076419110121462,-0.353245,0.796822,grouped,57
7003,3076419100123245,-0.216594,0.880866,not_clean,-1
7004,3076419110120510,-0.423257,0.751550,not_clean,-1
7005,3088601110120515,-2.033950,-0.251052,grouped,189
7006,3076419100120443,-0.170468,0.907914,grouped,254
7007,3076419110121194,-0.561683,0.664144,grouped,25
7008,3076419100120016,-0.128225,0.931527,grouped,254
7009,3076419100121789,-0.185297,0.895350,grouped,332
7010,3088602020100481,-2.530824,-0.564220,grouped,192
7011,3076419100121360,-0.096728,0.949441,grouped,332
7012,3076419100122258,-0.198627,0.885104,grouped,338
7013,3076419100123094,-0.213158,0.875973,not_clean,-1
7014,3080168010120073,0.367217,1.236545,grouped,293
7015,3088602020102144,-2.636494,-0.632283,grouped,187
7016,3088602020103012,-2.465828,-0.526718,grouped,35
7017,3088602020104794,-2.382013,-0.475444,not_clean,-1
7018,3076419180122495,-0.646270,0.603991,not_clean,-1
7019,3076419110122282,-0.339285,0.794869,not_clean,-1
7020,3076419110121939,-0.401827,0.755428,grouped,57
7021,3076419100120624,-0.145094,0.912426,grouped,174
7022,3082514010121112,-1.425205,0.115778,grouped,26
7023,3088602020100991,-2.360363,-0.466786,not_clean,-1
7024,3076419100121052,-0.099861,0.937704,grouped,55
7025,3088601020121006,-1.238936,0.229170,grouped,204
7026,3076419090120538,0.059436,1.035922,grouped,11
7027,3088601110123707,-2.193493,-0.366275,not_clean,-1
7028,3076419100121552,-0.117894,0.923374,not_clean,-1
7029,3088602040100817,-2.786402,-0.736601,grouped,262
7030,3088602040103688,-2.664738,-0.661162,grouped,147
7031,3076419090120656,0.179612,1.107300,grouped,103
7032,3088602020102492,-2.318137,-0.446047,not_clean,-1
7033,3076419090123919,0.274632,1.165422,grouped,101
7034,3076419110122869,-0.357849,0.771981,not_clean,-1
7035,3076419100123142,-0.099345,0.931779,grouped,254
7036,3080168010123118,0.397187,1.239660,grouped,99
7037,3076419100122063,-0.111316,0.921794,grouped,254
7038,3088602040102242,-2.802812,-0.751906,grouped,110
7039,3088602090101831,-2.987773,-0.868092,grouped,124
7040,3088602040103516,-2.881318,-0.802255,not_clean,-1
7041,3076419110120055,-0.340397,0.777052,grouped,57
7042,3076419100121707,-0.288606,0.808192,not_clean,-1
7043,3076419030122573,-0.647886,0.583624,grouped,198
7044,3088602020103176,-2.459585,-0.543789,grouped,110
7045,3082514010121264,-1.364087,0.137213,not_clean,-1
7046,3076419090121473,0.042403,1.011466,grouped,293
7047,3088602020107758,-2.279804,-0.432730,not_clean,-1
7048,3076419100122252,-0.255875,0.824956,grouped,25
7049,3088601110125287,-2.151060,-0.353859,not_clean,-1
7050,3082514010120730,-1.351628,0.143056,grouped,87
7051,3088602090101819,-2.971246,-0.865540,grouped,10
7052,3076419090120791,0.192188,1.100607,grouped,101
7053,3076419030120447,-0.830280,0.464553,not_clean,-1
7054,3076419040124144,-0.925841,0.405114,not_clean,-1
7055,3076419100120926,-0.074570,0.933305,grouped,55
7056,3088601070120039,-1.708625,-0.085048,grouped,341
7057,3088602040102158,-2.704940,-0.704666,grouped,19
7058,3076419090121718,0.079887,1.026062,grouped,92
7059,3076419100122706,-0.197858,0.852952,not_clean,-1
7060,3076419090122370,0.017362,0.986310,grouped,149
7061,3088602020102537,-2.438565,-0.540653,grouped,245
7062,3088602020100576,-2.488600,-0.571815,grouped,36
7063,3076419090122571,0.073621,1.020125,grouped,94
7064,3076419100123602,-0.283660,0.797522,not_clean,-1
7065,3076419100122262,-0.107400,0.906774,grouped,58
7066,3088601020121116,-1.157022,0.253255,grouped,186
7067,3088601110120837,-2.223022,-0.409523,not_clean,-1
7068,3076419100124367,-0.119977,0.896141,grouped,254
7069,3076419110122144,-0.347553,0.754728,grouped,57
7070,3088601110120140,-2.057030,-0.308042,grouped,187
7071,3076419090124554,0.158669,1.068011,not_clean,-1
7072,3076419090121927,0.237716,1.116727,grouped,103
7073,3088601110120870,-2.076263,-0.321449,grouped,179
7074,3076221020123571,0.444583,1.244072,not_clean,-1
7075,3076419030121251,-0.646146,0.565690,not_clean,-1
7076,3088602040100428,-2.774237,-0.757031,grouped,37
7077,3076419040121347,-0.990707,0.350839,grouped,250
7078,3076419100120395,-0.037703,0.943026,grouped,332
7079,3076419030120973,-0.746577,0.501662,not_clean,-1
7080,3088601110122350,-2.174480,-0.386044,not_clean,-1
7081,3088601110123254,-2.186551,-0.393690,not_clean,-1
7082,3088602020102530,-2.287120,-0.456271,grouped,13
7083,3076419110121050,-0.388092,0.723561,not_clean,-1
7084,3088601070122224,-1.703018,-0.093730,grouped,185
7085,3076419100123178,-0.031083,0.945097,grouped,332
7086,3076221020126162,0.497826,1.269858,not_clean,-1
7087,3088602090103468,-2.965370,-0.882409,grouped,245
7088,3088602040100644,-2.741780,-0.743526,grouped,13
7089,3076221020121667,0.578442,1.318576,grouped,293
7090,3076419030121454,-0.628658,0.568614,grouped,198
7091,3076221020124055,0.488146,1.260463,grouped,102
7092,3076419090122272,0.003520,0.958777,not_clean,-1
7093,3088602040103058,-2.658243,-0.695549,grouped,7
7094,3088602040104595,-2.597041,-0.658280,grouped,34
7095,3076419030120489,-0.765426,0.479749,not_clean,-1
7096,3088602040106615,-2.885243,-0.840550,not_clean,-1
7097,3076419030120332,-0.628841,0.561419,grouped,202
7098,3088601110123930,-2.039855,-0.315786,not_clean,-1
7099,3088601110120529,-2.145044,-0.382431,not_clean,-1
7100,3082514010121075,-1.255452,0.169479,grouped,21
7101,3076419030121966,-0.683746,0.524458,grouped,346
7102,3082514010120506,-1.485633,0.025350,grouped,33
7103,3088601110120225,-2.101192,-0.357288,grouped,188
7104,3076221020121362,0.485688,1.249641,grouped,11
7105,3076419090121748,0.282856,1.122590,grouped,101
7106,3076419170120957,-0.523635,0.621727,grouped,182
7107,3076419090120671,0.043381,0.973821,grouped,148
7108,3082514010121431,-1.354286,0.105557,grouped,26
7109,3088601070122679,-1.668261,-0.089826,grouped,183
7110,3082514010120739,-1.303604,0.136734,grouped,204
7111,3076221020123028,0.548658,1.286682,not_clean,-1
7112,3088602040101717,-2.627349,-0.686737,grouped,181
7113,3076419170120620,-0.499508,0.635015,grouped,181
7114,3076419110124344,-0.353793,0.725168,grouped,332
7115,3088602020102201,-2.484234,-0.599562,grouped,204
7116,3088602020100161,-2.471498,-0.591910,grouped,209
7117,3076419040125431,-0.998166,0.321655,not_clean,-1
7118,3076419030120021,-0.552346,0.598462,grouped,182
7119,3088601110124831,-2.019018,-0.312995,not_clean,-1
7120,3076419030121951,-0.645926,0.539520,grouped,347
7121,3088601110123811,-1.924382,-0.254980,grouped,337
7122,3076419090122966,0.036869,0.962539,grouped,148
7123,3082514010122455,-1.222571,0.179925,not_clean,-1
7124,3076419110120507,-0.394096,0.694164,grouped,57
7125,3088602020107983,-2.441700,-0.578403,not_clean,-1
7126,3088601110120834,-2.071531,-0.349547,not_clean,-1
7127,3076419030123691,-0.708287,0.496883,grouped,346
7128,3076419100124608,-0.157979,0.838115,grouped,260
7129,3082514010121089,-1.292170,0.133615,grouped,33
7130,3076419030120780,-0.669272,0.519160,not_clean,-1
7131,3088602040103223,-2.730611,-0.761919,grouped,37
7132,3076419030122322,-0.661506,0.522065,grouped,201
7133,3076419040120660,-0.887801,0.381226,grouped,205
7134,3088601070125901,-1.614295,-0.072071,grouped,26
7135,3088601110121755,-2.037560,-0.335130,not_clean,-1
7136,3076419090124154,0.201449,1.055253,grouped,100
7137,3088601110120232,-2.053119,-0.345339,not_clean,-1
7138,3088602020104056,-2.456875,-0.596794,grouped,30
7139,3076419100122837,-0.152662,0.833722,grouped,59
7140,3088601110120897,-1.957254,-0.287426,grouped,187
7141,3076419090120351,0.016965,0.938317,grouped,97
7142,3088602020104945,-2.368860,-0.545384,grouped,17
7143,3080168010123505,0.424950,1.188154,grouped,93
7144,3088602040106648,-2.869560,-0.858207,not_clean,-1
7145,3080168010123569,0.419574,1.183678,not_clean,-1
7146,3076221020124445,0.659266,1.332160,grouped,135
7147,3076419110122881,-0.305762,0.733138,grouped,7
7148,3088601110121598,-2.047460,-0.348918,not_clean,-1
7149,3076419110123537,-0.354052,0.702683,grouped,57
7150,3076419060121331,-0.165525,0.819675,grouped,11
7151,3076419110122164,-0.377019,0.688326,grouped,7
7152,3076221020121813,0.519360,1.244015,grouped,99
7153,3076419170122925,-0.468845,0.630153,not_clean,-1
7154,3088602040105089,-2.617647,-0.704244,grouped,21
7155,3088602020102688,-2.408258,-0.574705,grouped,42
7156,3088602020108022,-2.474372,-0.615755,grouped,37
7157,3082514010124313,-1.410887,0.042898,not_clean,-1
7158,3076419060124380,-0.183903,0.802967,not_clean,-1
7159,3088601070120333,-1.730213,-0.157728,grouped,342
7160,3088601110120070,-2.033422,-0.346487,grouped,107
7161,3076221020122156,0.450100,1.193498,grouped,103
7162,3082514010120751,-1.185018,0.178467,not_clean,-1
7163,3076419170121928,-0.508494,0.598115,not_clean,-1
7164,3082514010120811,-1.357156,0.070947,grouped,181
7165,3076419110121169,-0.360768,0.689541,grouped,0
7166,3088602040103444,-2.599871,-0.701833,not_clean,-1
7167,3076419030120057,-0.771872,0.433010,grouped,204
7168,3076419170122339,-0.409667,0.656241,grouped,57
7169,3088601070124200,-1.642240,-0.109746,not_clean,-1
7170,3088601070122032,-1.591906,-0.081078,grouped,205
7171,3076419090121296,0.172450,1.013996,no_nh_contour,-1
7172,3076419090123110,0.308697,1.098353,grouped,94
7173,3088601110120320,-2.066478,-0.376831,grouped,192
7174,3076221020123128,0.509153,1.221854,grouped,93
7175,3076419060123985,-0.192282,0.786631,grouped,76
7176,3076221020120862,0.454259,1.187704,grouped,92
7177,3076419030121489,-0.561286,0.557383,not_clean,-1
7178,3088602020102325,-2.358825,-0.558685,grouped,270
7179,3088602040101574,-2.667565,-0.750667,grouped,34
7180,3088602020108641,-2.349792,-0.554077,not_clean,-1
7181,3076221020120127,0.532642,1.234614,grouped,97
7182,3076221020120082,0.475585,1.199052,not_clean,-1
7183,3088602040104953,-2.683564,-0.763365,grouped,37
7184,3082514010120066,-1.295811,0.094577,not_clean,-1
7185,3088601070122424,-1.557591,-0.068415,grouped,179
7186,3082514010122172,-1.447517,-0.001439,grouped,126
7187,3088602040102020,-2.640947,-0.742407,grouped,15
7188,3076221020122349,0.487249,1.198518,grouped,99
7189,3076419040122755,-0.944669,0.309958,not_clean,-1
7190,3088602020100789,-2.334902,-0.553152,grouped,13
7191,3076221020123359,0.555295,1.240217,grouped,332
7192,3076419170125958,-0.365966,0.668709,not_clean,-1
7193,3088601110124431,-1.991187,-0.341027,not_clean,-1
7194,3088601070121135,-1.725796,-0.177394,grouped,337
7195,3088601110121597,-2.072975,-0.392904,not_clean,-1
7196,3088601070124898,-1.678530,-0.148661,not_clean,-1
7197,3082514010123023,-1.378250,0.037023,grouped,261
7198,3076419170125541,-0.315230,0.696216,not_clean,-1
7199,3076419060121995,-0.242535,0.740956,grouped,203
7200,3076419060120340,-0.041130,0.864827,grouped,11
7201,3076419030120893,-0.826983,0.376540,not_clean,-1
7202,3082514010121774,-1.291097,0.088395,not_clean,-1
7203,3088601070121323,-1.573326,-0.087205,grouped,186
7204,3088601110120062,-2.104772,-0.417387,grouped,183
7205,3080168010121480,0.394766,1.133400,grouped,203
7206,3076419060121488,-0.004958,0.885154,grouped,58
7207,3088602040105273,-2.605631,-0.728914,not_clean,-1
7208,3088601110120760,-1.908149,-0.296158,grouped,346
7209,3076419090122380,0.033623,0.908735,not_clean,-1
7210,3080168010121124,0.404675,1.138408,grouped,92
7211,3076419170123223,-0.424500,0.623663,grouped,96
7212,3076419030122098,-0.703255,0.450587,grouped,202
7213,3076419170121450,-0.277963,0.712479,not_clean,-1
7214,3088601110122844,-1.992954,-0.351829,not_clean,-1
7215,3082514010121217,-1.152968,0.169213,grouped,35
7216,3076419090121272,0.167912,0.988212,grouped,88
7217,3088601070120396,-1.727458,-0.189084,grouped,342
7218,3076419030122713,-0.829180,0.366891,grouped,202
7219,3076419090121044,0.040907,0.906144,grouped,254
7220,3082514010122623,-1.274827,0.087701,grouped,184
7221,3076419170121608,-0.403955,0.627649,grouped,0
7222,3088601110122952,-2.118614,-0.436998,not_clean,-1
7223,3088601130101058,-2.402830,-0.614514,not_clean,-1
7224,3076419090121888,0.170517,0.981352,grouped,58
7225,3076419030121882,-0.631478,0.482343,grouped,187
7226,3082514010120487,-1.332036,0.047048,grouped,186
7227,3082514010121466,-1.365935,0.025945,grouped,185
7228,3082514010121019,-1.455176,-0.029674,grouped,185
7229,3076419040122635,-0.862479,0.337081,grouped,185
7230,3076419030120783,-0.555278,0.527193,grouped,199
7231,3076221020122989,0.645600,1.271703,grouped,103
7232,3088601070121904,-1.680507,-0.171247,grouped,147
7233,3082514010121208,-1.295985,0.067253,grouped,185
7234,3088601110120572,-2.047895,-0.399319,grouped,185
7235,3076221020120367,0.501294,1.181206,grouped,332
7236,3088601110120088,-2.001634,-0.371724,grouped,275
7237,3080168010121336,0.426526,1.133837,grouped,103
7238,3088601110121572,-2.132149,-0.453760,not_clean,-1
7239,3076419030120020,-0.652917,0.462758,not_clean,-1
7240,3076221020124160,0.472322,1.159499,grouped,103
7241,3088601070120993,-1.567379,-0.105938,grouped,179
7242,3076419090121761,0.370133,1.095223,grouped,92
7243,3076419040123743,-0.909331,0.301713,not_clean,-1
7244,3076221020121332,0.689122,1.292512,not_clean,-1
7245,3082514010121108,-1.272930,0.075593,not_clean,-1
7246,3088601110122913,-2.151899,-0.469929,not_clean,-1
7247,3080168010120917,0.609863,1.242986,grouped,12
7248,3088601070120770,-1.696057,-0.187156,not_clean,-1
7249,3076419060121669,-0.034513,0.842389,grouped,205
7250,3076419030120844,-0.723516,0.414272,not_clean,-1
7251,3088602040103241,-2.574414,-0.734173,grouped,106
7252,3088601070122204,-1.541772,-0.094486,grouped,2
7253,3076419030124129,-0.770017,0.384155,grouped,200
7254,3076419030121364,-0.494706,0.554889,grouped,196
7255,3076419030123142,-0.673891,0.442861,grouped,184
7256,3076221020121013,0.668696,1.275067,grouped,203
7257,3088601110121864,-2.109503,-0.447926,not_clean,-1
7258,3076419090132381,0.375957,1.092893,not_clean,-1
7259,3076419060120027,-0.113282,0.789519,not_clean,-1
7260,3088601130101806,-2.408255,-0.634427,not_clean,-1
7261,3076221020123034,0.501952,1.169790,not_clean,-1
7262,3076419170122060,-0.338852,0.647966,grouped,250
7263,3076419040123189,-0.999336,0.238206,not_clean,-1
7264,3076419030120868,-0.593003,0.490097,grouped,187
7265,3088601110121427,-1.969514,-0.363836,not_clean,-1
7266,3076221020124453,0.437973,1.127513,grouped,332
7267,3076419170120041,-0.389859,0.613808,grouped,144
7268,3088601110123116,-1.905259,-0.326327,not_clean,-1
7269,3011297180120422,-1.175185,0.126491,grouped,36
7270,3088602040103672,-2.824945,-0.896956,grouped,23
7271,3088601110121970,-1.958782,-0.360129,not_clean,-1
7272,3076419040123569,-0.961966,0.257877,not_clean,-1
7273,3088601110121133,-2.163386,-0.488704,not_clean,-1
7274,3076419060121380,-0.248510,0.698894,not_clean,-1
7275,3088601110122635,-2.021390,-0.401027,not_clean,-1
7276,3088601070121134,-1.529963,-0.096262,not_clean,-1
7277,3076419030121714,-0.525879,0.525988,not_clean,-1
7278,3082514010121367,-1.323607,0.030908,grouped,180
7279,3088601110120350,-2.008958,-0.394393,grouped,205
7280,3088601070121435,-1.734073,-0.224220,grouped,24
7281,3076419040121414,-1.006721,0.226531,not_clean,-1
7282,3088602040101013,-2.636906,-0.784725,grouped,18
7283,3088601070121279,-1.630609,-0.162000,grouped,181
7284,3076419090122624,0.351565,1.067081,not_clean,-1
7285,3076419170120952,-0.311188,0.655580,grouped,302
7286,3082514010121857,-1.302089,0.041084,grouped,179
7287,3076221020123994,0.450478,1.127548,grouped,101
7288,3088601110123379,-1.836247,-0.291652,not_clean,-1
7289,3088601110120781,-1.936952,-0.354179,grouped,337
7290,3088601110122281,-1.875172,-0.316456,grouped,192
7291,3088601070121703,-1.601740,-0.147910,grouped,195
7292,3076419090122125,0.180254,0.956761,grouped,155
7293,3076419030122046,-0.832917,0.328427,grouped,199
7294,3076419170122723,-0.430253,0.577784,not_clean,-1
7295,3088601070120574,-1.583272,-0.137541,grouped,341
7296,3076419090121070,0.331418,1.048472,grouped,155
7297,3076419090123311,0.201340,0.966995,not_clean,-1
7298,3076419170122605,-0.459148,0.557274,grouped,180
7299,3088602040103278,-2.601007,-0.770978,grouped,110
7300,3076419030122794,-0.614966,0.460437,grouped,25
7301,3011297180120412,-1.138394,0.135496,not_clean,-1
7302,3076419030121667,-0.540862,0.505518,grouped,343
7303,3088602040103084,-2.627262,-0.788931,grouped,13
7304,3088602040102647,-2.616199,-0.783944,grouped,1
7305,3088601070120856,-1.677197,-0.201975,grouped,341
7306,3011297180120678,-1.144228,0.128413,not_clean,-1
7307,3088601070122533,-1.576520,-0.140630,grouped,185
7308,3076221020123593,0.478533,1.133140,grouped,99
7309,3011297180121103,-1.210822,0.085402,not_clean,-1
7310,3011297180120722,-1.188646,0.098276,not_clean,-1
7311,3088601110122108,-2.026164,-0.421243,grouped,180
7312,3011297180120525,-1.165277,0.112521,not_clean,-1
7313,3076419170123348,-0.419149,0.574896,grouped,36
7314,3076221020122394,0.519025,1.154980,grouped,98
7315,3088602040105760,-2.685322,-0.831644,grouped,30
7316,3088601070123430,-1.770379,-0.264889,not_clean,-1
7317,3082514010122006,-1.319848,0.013662,grouped,128
7318,3088602040101670,-2.807980,-0.909709,grouped,336
7319,3076419060121681,0.013510,0.839224,not_clean,-1
7320,3076419090121013,0.165532,0.933312,grouped,205
7321,3080168010121992,0.422508,1.092116,grouped,103
7322,3088602040104495,-2.830920,-0.924691,not_clean,-1
7323,3076419170120232,-0.391483,0.587319,grouped,181
7324,3076419170124299,-0.376937,0.595292,not_clean,-1
7325,3076221020121062,0.514873,1.146371,grouped,293
7326,3011297180120106,-1.198696,0.084111,not_clean,-1
7327,3076419060120017,-0.202685,0.701116,not_clean,-1
7328,3076221020121987,0.468241,1.115807,grouped,92
7329,3088601070122554,-1.507205,-0.108605,not_clean,-1
7330,3011297180120125,-1.226322,0.064409,not_clean,-1
7331,3076221020120197,0.527820,1.151222,not_clean,-1
7332,3080168010122955,0.431485,1.091427,grouped,302
7333,3082514010123937,-1.364922,-0.022904,not_clean,-1
7334,3088601110120601,-1.964073,-0.394916,grouped,204
7335,3076419030120782,-0.464352,0.534001,grouped,187
7336,3011297180120901,-1.179652,0.090579,not_clean,-1
7337,3076419060122899,-0.042447,0.794714,grouped,69
7338,3088601110120768,-2.048705,-0.449322,grouped,179
7339,3076419090122449,0.426826,1.084010,not_clean,-1
7340,3076419090122927,0.312559,1.013082,not_clean,-1
7341,3011297180121056,-1.173325,0.092160,grouped,184
7342,3076419040123417,-0.835550,0.301359,not_clean,-1
7343,3076419030121381,-0.691425,0.390558,grouped,190
7344,3088601130103261,-2.286871,-0.600762,grouped,195
7345,3076419030120127,-0.790506,0.325912,not_clean,-1
7346,3082514010121365,-1.324098,-0.005070,not_clean,-1
7347,3076419030124484,-0.785895,0.328458,not_clean,-1
7348,3076419030122344,-0.680431,0.393806,grouped,202
7349,3082514010122062,-1.332755,-0.011036,not_clean,-1
7350,3076419170122079,-0.379625,0.579456,grouped,262
7351,3088601070122553,-1.545335,-0.143731,grouped,179
7352,3088601070124254,-1.551996,-0.149145,grouped,179
7353,3076419170120943,-0.421788,0.549616,grouped,34
7354,3076419090120296,0.228125,0.952052,grouped,332
7355,3076419040120909,-0.903930,0.250237,grouped,180
7356,3076419170121309,-0.364192,0.584187,grouped,361
7357,3076419040125583,-0.936554,0.229211,grouped,33
7358,3082514010121656,-1.400494,-0.058412,grouped,186
7359,3076419060121484,0.032289,0.829243,grouped,71
7360,3082514010123452,-1.357234,-0.033446,grouped,182
7361,3082514010122058,-1.328000,-0.016518,grouped,250
7362,3088601110122793,-1.825224,-0.326706,grouped,204
7363,3076419170122933,-0.401509,0.554950,not_clean,-1
7364,3088601110121200,-1.805075,-0.314787,grouped,347
7365,3082514010122146,-1.248095,0.030152,grouped,182
7366,3011297180121483,-1.080781,0.132515,grouped,346
7367,3076419060120009,-0.197755,0.679127,grouped,254
7368,3076221020127145,0.510119,1.116911,not_clean,-1
7369,3076419090123454,0.416702,1.058590,grouped,92
7370,3076419170120668,-0.337370,0.591550,grouped,203
7371,3082514010120072,-1.319300,-0.017641,not_clean,-1
7372,3011297180121030,-1.024435,0.165012,not_clean,-1
7373,3088601070120476,-1.745259,-0.282275,grouped,182
7374,3076419060125765,-0.061779,0.760441,not_clean,-1
7375,3076419030122045,-0.698729,0.365647,grouped,338
7376,3076419060121019,-0.166301,0.695323,grouped,11
7377,3076221020122553,0.502114,1.109019,grouped,93
7378,3076419090122545,0.262361,0.960437,grouped,152
7379,3076419030112996,-0.563081,0.449100,grouped,199
7380,3082514010120878,-1.369545,-0.050650,not_clean,-1
7381,3076419030121605,-0.685876,0.372915,grouped,182
7382,3011297180121378,-1.239262,0.029524,not_clean,-1
7383,3088602040102035,-2.712188,-0.883248,grouped,204
7384,3011297180123597,-1.173837,0.069711,not_clean,-1
7385,3076419060121783,-0.051110,0.765209,grouped,70
7386,3080168010120025,0.670891,1.211922,not_clean,-1
7387,3076221020122419,0.558779,1.142305,grouped,92
7388,3088601070121910,-1.602207,-0.197057,not_clean,-1
7389,3011297180122982,-0.975639,0.190888,not_clean,-1
7390,3076419030107168,-0.618475,0.411502,grouped,202
7391,3088602040102532,-2.597676,-0.814733,grouped,18
7392,3082514010121078,-1.462570,-0.112301,grouped,179
7393,3088602040102712,-2.539662,-0.779629,not_clean,-1
7394,3088601070121310,-1.619936,-0.212343,grouped,26
7395,3076419030107167,-0.612185,0.411924,not_clean,-1
7396,3076221020121417,0.549013,1.129988,grouped,99
7397,3076419030120427,-0.546974,0.451290,grouped,347
7398,3076419030102613,-0.576908,0.432429,grouped,187
7399,3076419090121717,0.107658,0.855340,grouped,11
7400,3082514010122451,-1.353503,-0.049810,grouped,186
7401,3082514010120873,-1.467513,-0.120540,grouped,180
7402,3076419040123100,-0.836386,0.269658,grouped,343
7403,3088601110122978,-2.052704,-0.483952,grouped,179
7404,3076419060120536,-0.252022,0.629507,grouped,13
7405,3011297180121845,-1.223922,0.027288,grouped,196
7406,3076419060121836,0.090426,0.841074,grouped,59
7407,3080168010124964,0.709304,1.223620,not_clean,-1
7408,3088602040104037,-2.756830,-0.922899,grouped,194
7409,3011297180121641,-0.934402,0.205281,grouped,186
7410,3076419170120896,-0.379109,0.548246,grouped,205
7411,3088601110120898,-1.972320,-0.438707,grouped,179
7412,3076419090122742,0.147588,0.873618,grouped,57
7413,3011297090122038,-1.158099,0.063593,grouped,204
7414,3088601110123952,-2.031597,-0.477569,grouped,179
7415,3076419030118248,-0.583195,0.419203,grouped,196
7416,3088601070122551,-1.532452,-0.169044,grouped,126
7417,3088601110120478,-2.008364,-0.464316,grouped,11
7418,3076221020122033,0.523147,1.103229,grouped,92
7419,3076419170120235,-0.395678,0.533641,grouped,338
7420,3088602040102670,-2.691874,-0.888412,grouped,33
7421,3076419170120546,-0.363999,0.553049,grouped,260
7422,3076419040123383,-0.858952,0.245383,grouped,200
7423,3088601110120764,-1.836475,-0.360133,grouped,188
7424,3076419030121172,-0.706970,0.338632,grouped,346
7425,3088601070122369,-1.642318,-0.241055,grouped,26
7426,3076419090122152,0.445203,1.051182,grouped,332
7427,3088601130104863,-2.228702,-0.605822,not_clean,-1
7428,3076419060121693,-0.259254,0.613127,not_clean,-1
7429,3076221020122594,0.461295,1.058847,not_clean,-1
7430,3076419030124422,-0.416724,0.515180,grouped,36
7431,3088601110121069,-2.049842,-0.496212,grouped,186
7432,3011297090120104,-1.078788,0.104581,not_clean,-1
7433,3076221020121763,0.510800,1.088344,grouped,92
7434,3088601110122680,-1.866882,-0.384273,not_clean,-1
7435,3088601110124803,-2.031165,-0.486031,not_clean,-1
7436,3076419060120458,-0.077725,0.722122,grouped,128
7437,3076419060123354,-0.038452,0.746026,not_clean,-1
7438,3076419170123585,-0.283720,0.593473,grouped,21
7439,3076419170121719,-0.357157,0.547821,grouped,25
7440,3011297090122242,-1.168408,0.045222,grouped,199
7441,3088602040102254,-2.539649,-0.804586,grouped,9
7442,3080168010120126,0.678713,1.187801,not_clean,-1
7443,3011297090121143,-1.114438,0.076958,grouped,347
7444,3076419060122181,-0.251200,0.611370,grouped,128
7445,3011297090120237,-1.119601,0.073667,grouped,346
7446,3076419040123107,-0.901187,0.208504,not_clean,-1
7447,3076419170122767,-0.265961,0.600990,grouped,338
7448,3082514010121197,-1.325888,-0.055582,grouped,186
7449,3076419170121641,-0.386608,0.525935,grouped,205
7450,3076419090124067,0.384899,1.003424,not_clean,-1
7451,3076419040125754,-0.842533,0.242623,grouped,200
7452,3076419170121634,-0.328447,0.560569,grouped,18
7453,3080168010120009,0.669773,1.177927,not_clean,-1
7454,3076419090120814,0.186387,0.878186,grouped,205
7455,3080168010124926,0.713504,1.203695,not_clean,-1
7456,3076221020120284,0.549496,1.102231,not_clean,-1
7457,3076419030122814,-0.401184,0.512912,not_clean,-1
7458,3011297090123346,-1.027821,0.124797,grouped,204
7459,3088601130101582,-2.467174,-0.766610,grouped,270
7460,3076419090122793,0.333607,0.966948,grouped,155
7461,3011297090120182,-1.172559,0.034561,grouped,204
7462,3011297090120470,-1.066234,0.100055,grouped,178
7463,3080168010120001,0.672114,1.175923,not_clean,-1
7464,3076419030115842,-0.541493,0.424413,grouped,200
7465,3082514010123034,-1.252919,-0.016294,grouped,259
7466,3088601110122476,-1.883177,-0.406580,not_clean,-1
7467,3076419090120727,0.328728,0.962562,grouped,155
7468,3088601110122286,-2.145977,-0.570239,not_clean,-1
7469,3011297090121363,-1.154409,0.043474,grouped,250
7470,3076419060123381,0.019956,0.770390,grouped,302
7471,3076419090121393,0.241547,0.907406,grouped,155
7472,3076419090120285,0.254189,0.915058,grouped,155
7473,3088601130106539,-2.238837,-0.629190,grouped,2
7474,3088601070123378,-1.540275,-0.197273,grouped,205
7475,3088601070120014,-1.561320,-0.211116,not_clean,-1
7476,3088601110123051,-1.856935,-0.395227,not_clean,-1
7477,3076419030103175,-0.499280,0.444150,not_clean,-1
7478,3076419030120080,-0.420233,0.492443,not_clean,-1
7479,3080168010123598,0.728242,1.202747,not_clean,-1
7480,3076419090122708,0.416009,1.009513,grouped,152
7481,3088601050122164,-1.679205,-0.287492,grouped,184
7482,3076419030113034,-0.537821,0.418651,grouped,198
7483,3076419090120120,0.366409,0.977962,grouped,97
7484,3076419040120566,-0.873177,0.210123,not_clean,-1
7485,3076419090122897,0.230288,0.891493,grouped,58
7486,3011297090120769,-1.128362,0.050246,not_clean,-1
7487,3076221020121202,0.540595,1.082883,grouped,332
7488,3082514010121366,-1.251487,-0.026187,grouped,188
7489,3088601070122154,-1.609902,-0.248087,grouped,21
7490,3080168010121511,0.636661,1.141778,grouped,11
7491,3082514010121953,-1.360358,-0.094342,grouped,201
7492,3076419060124264,-0.039084,0.723362,not_clean,-1
7493,3030288290120184,-0.336621,0.538842,not_clean,-1
7494,3088601130108288,-2.324317,-0.691543,not_clean,-1
7495,3082514010121321,-1.264380,-0.035636,not_clean,-1
7496,3082514010122449,-1.373669,-0.103426,grouped,7
7497,3088602040106795,-2.542807,-0.827557,not_clean,-1
7498,3088601070121282,-1.488544,-0.175152,not_clean,-1
7499,3080168010120554,0.739016,1.202893,grouped,83
7500,3076419090122381,0.239569,0.893324,grouped,175
7501,3076419090122207,0.212919,0.876179,grouped,135
7502,3076419030118154,-0.547107,0.405688,grouped,197
7503,3011297090120682,-1.040864,0.100033,not_clean,-1
7504,3076221020123412,0.573717,1.098732,not_clean,-1
7505,3076419090120271,0.335680,0.951111,grouped,97
7506,3076419040122143,-0.829134,0.230223,not_clean,-1
7507,3011297090121214,-1.073918,0.078684,grouped,196
7508,3076419090122294,0.193060,0.862350,not_clean,-1
7509,3082514010121158,-1.318842,-0.073371,not_clean,-1
7510,3030288290120843,-0.419974,0.482782,not_clean,-1
7511,3011297180121863,-0.888874,0.192572,grouped,337
7512,3011297090120346,-1.188134,0.007082,not_clean,-1
7513,3076419060121871,-0.055806,0.706899,grouped,302
7514,3082514010120282,-1.296707,-0.061377,not_clean,-1
7515,3076419040123518,-0.804799,0.243000,not_clean,-1
7516,3076419090121040,0.329742,0.943925,grouped,152
7517,3076419090120861,0.314336,0.934219,grouped,155
7518,3030288290106092,-0.495662,0.433048,grouped,196
7519,3011297180120440,-0.877907,0.195076,not_clean,-1
7520,3076419090124644,0.181435,0.850101,grouped,302
7521,3082514010122283,-1.267134,-0.046489,not_clean,-1
7522,3076419030121661,-0.789395,0.248869,not_clean,-1
7523,3076419090121158,0.174870,0.845433,not_clean,-1
7524,3076419090120044,0.278087,0.908726,grouped,10
7525,3076419090124247,0.229222,0.877966,grouped,58
7526,3088602040103257,-2.594034,-0.869766,grouped,1
7527,3076419060122719,-0.112036,0.665219,not_clean,-1
7528,3030288290108192,-0.503081,0.422879,grouped,197
7529,3030288290122640,-0.362767,0.509693,grouped,184
7530,3088601070122336,-1.512408,-0.202024,not_clean,-1
7531,3076419090123098,0.367334,0.961059,grouped,153
7532,3088601070120205,-1.499080,-0.193943,grouped,250
7533,3088601110123208,-1.827325,-0.397298,grouped,201
7534,3076419060123980,-0.169697,0.627709,grouped,35
7535,3082514010121709,-1.260076,-0.047073,grouped,192
7536,3082514010121425,-1.241297,-0.035464,grouped,202
7537,3088601130103728,-2.423711,-0.767395,not_clean,-1
7538,3076419040120699,-0.824262,0.222020,not_clean,-1
7539,3076419090123592,0.341635,0.943125,grouped,155
7540,3076419030102583,-0.590088,0.365707,grouped,349
7541,3076419030120932,-0.735000,0.275385,grouped,346
7542,3076419090122562,0.257286,0.889097,grouped,155
7543,3011297090120805,-1.151619,0.017339,grouped,202
7544,3082514010120352,-1.297656,-0.073282,not_clean,-1
7545,3076221020122942,0.567807,1.080389,not_clean,-1
7546,3076419090121536,0.280786,0.901073,not_clean,-1
7547,3011297090120806,-1.085586,0.055641,grouped,346
7548,3088602040101368,-2.591405,-0.877752,grouped,10
7549,3088601130121203,-2.175639,-0.621574,grouped,1
7550,3088601130102163,-2.175404,-0.621572,not_clean,-1
7551,3082514010124080,-1.325946,-0.096060,not_clean,-1
7552,3011297090121132,-1.108833,0.038189,grouped,184
7553,3076419090120437,0.304377,0.912325,grouped,155
7554,3076419060121803,0.090248,0.779881,grouped,58
7555,3076419030122093,-0.637818,0.328136,grouped,196
7556,3080168010125997,0.732183,1.175014,not_clean,-1
7557,3088601110120836,-1.920881,-0.467375,grouped,270
7558,3076419030122707,-0.745766,0.259068,not_clean,-1
7559,3011297180120845,-1.224877,-0.037740,not_clean,-1
7560,3076419090125979,0.367754,0.946769,grouped,58
7561,3030288290108255,-0.469947,0.428467,grouped,204
7562,3088601070123650,-1.468774,-0.189954,grouped,180
7563,3076419060122583,-0.032321,0.697975,grouped,184
7564,3011297090120085,-1.162010,-0.001559,grouped,204
7565,3076419090120820,0.226230,0.857092,grouped,302
7566,3076419040123299,-0.806183,0.218411,grouped,194
7567,3080168010120116,0.609841,1.094132,not_clean,-1
7568,3076419090122013,0.289923,0.896117,grouped,155
7569,3011297180120117,-1.221423,-0.039284,grouped,185
7570,3076419040126657,-0.826757,0.203953,not_clean,-1
7571,3011297090121304,-0.969493,0.115543,not_clean,-1
7572,3076419090120519,0.220622,0.850750,grouped,11
7573,3088602040102260,-2.495180,-0.830305,grouped,2
7574,3076419090123452,0.196730,0.833739,not_clean,-1
7575,3076419090123199,0.171638,0.816643,grouped,58
7576,3011297090120178,-1.164181,-0.009874,not_clean,-1
7577,3011297090121542,-0.996554,0.093811,not_clean,-1
7578,3011297090120819,-1.004105,0.087277,grouped,204
7579,3076221020122190,0.576147,1.064365,grouped,332
7580,3011297090121120,-1.114257,0.018335,not_clean,-1
7581,3076419040120439,-0.840032,0.187580,grouped,25
7582,3076419090122359,0.327320,0.907987,grouped,155
7583,3080168010124929,0.627895,1.093230,grouped,101
7584,3076419040123678,-0.782075,0.219930,grouped,343
7585,3076419090121903,0.334797,0.908896,grouped,155
7586,3076419030108615,-0.564462,0.351823,not_clean,-1
7587,3076419090124428,0.170361,0.805811,not_clean,-1
7588,3076419090121618,0.289797,0.879108,grouped,254
7589,3076419030105698,-0.532916,0.369619,grouped,196
7590,3088602040101842,-2.567024,-0.888521,not_clean,-1
7591,3076419060121852,0.101206,0.761286,grouped,0
7592,3082514010121627,-1.282954,-0.094833,grouped,182
7593,3011297090121315,-0.998192,0.080680,grouped,346
7594,3076419030122682,-0.626473,0.310550,grouped,345
7595,3082514010120595,-1.354745,-0.140219,grouped,186
7596,3088601070123579,-1.512418,-0.240677,not_clean,-1
7597,3088601130100473,-2.467886,-0.832516,grouped,5
7598,3076419030124491,-0.664988,0.282042,grouped,182
7599,3076221020122173,0.556203,1.036849,grouped,302
7600,3088601050124009,-1.719968,-0.370774,grouped,185
7601,3076419090122508,0.236662,0.838826,grouped,58
7602,3076419030121432,-0.643409,0.294504,grouped,345
7603,3076419090122150,0.357967,0.912689,grouped,155
7604,3076419040121134,-0.788745,0.203435,grouped,205
7605,3082514010121804,-1.300195,-0.113348,grouped,262
7606,3011297090120056,-1.172980,-0.035871,grouped,26
7607,3011297090120353,-1.152496,-0.023479,grouped,336
7608,3082514010124956,-1.338967,-0.138896,grouped,180
7609,3088601130102248,-2.293333,-0.729135,grouped,1
7610,3082514010120429,-1.370275,-0.158555,grouped,187
7611,3088601110122817,-2.036620,-0.570729,not_clean,-1
7612,3076419030120924,-0.733098,0.235084,not_clean,-1
7613,3088601130101394,-2.305886,-0.737526,grouped,4
7614,3011297090125429,-1.165900,-0.036435,not_clean,-1
7615,3011297090121248,-1.084707,0.013460,not_clean,-1
7616,3076419040121121,-0.779962,0.201684,grouped,205
7617,3076419030120524,-0.711715,0.243507,grouped,346
7618,3030288290121722,-0.330491,0.478491,grouped,250
7619,3076419060121564,-0.006415,0.678691,grouped,17
7620,3088602040101536,-2.610922,-0.932039,grouped,68
7621,3088601130102068,-2.369819,-0.783873,grouped,18
7622,3082514010120074,-1.271848,-0.105312,not_clean,-1
7623,3082514010120183,-1.410713,-0.191195,grouped,204
7624,3011297090120133,-1.155737,-0.033700,grouped,205
7625,3082514010121858,-1.248213,-0.090943,not_clean,-1
7626,3076419030114817,-0.559798,0.334612,grouped,347
7627,3088602040104272,-2.655521,-0.961103,not_clean,-1
7628,3076419030109453,-0.570343,0.327643,grouped,347
7629,3082514010120548,-1.398368,-0.184601,grouped,316
7630,3080168010125973,0.706714,1.116149,not_clean,-1
7631,3030288290121778,-0.316444,0.483190,grouped,34
7632,3076221020121842,0.610819,1.055644,grouped,93
7633,3076419090122326,0.432519,0.944935,not_clean,-1
7634,3076419030121219,-0.676050,0.259753,grouped,346
7635,3088602040101320,-2.601215,-0.930385,grouped,68
7636,3030288290104101,-0.372592,0.445870,not_clean,-1
7637,3076419090121426,0.344768,0.888917,grouped,155
7638,3076221020124415,0.550425,1.015931,not_clean,-1
7639,3076419050123022,0.297486,0.857300,grouped,58
7640,3080168010121401,0.760338,1.143008,grouped,99
7641,3076419090125348,0.364778,0.898299,not_clean,-1
7642,3030288290109684,-0.494691,0.367064,grouped,199
7643,3088601130100074,-2.262149,-0.725434,grouped,245
7644,3088601070122069,-1.431663,-0.212362,grouped,19
7645,3076419060121635,-0.152850,0.577972,grouped,25
7646,3088602040101512,-2.546339,-0.901519,not_clean,-1
7647,3076419030108090,-0.552701,0.329937,grouped,343
7648,3011297090120168,-1.010426,0.046906,grouped,188
7649,3088601110121892,-2.042114,-0.591693,grouped,316
7650,3076221020124250,0.558055,1.015186,grouped,92
7651,3076419030122245,-0.627101,0.282114,not_clean,-1
7652,3076419030102038,-0.621679,0.285454,grouped,344
7653,3076419030133759,-0.630890,0.278900,not_clean,-1
7654,3011297090120766,-1.149948,-0.042603,grouped,184
7655,3076419030111664,-0.556626,0.322050,grouped,346
7656,3076419030102574,-0.575071,0.310386,not_clean,-1
7657,3030288290121771,-0.221241,0.528990,grouped,37
7658,3080168010123473,0.771865,1.142294,grouped,97
7659,3088602040100248,-2.624125,-0.956104,grouped,68
7660,3076419060120771,-0.150226,0.572061,not_clean,-1
7661,3082514010122192,-1.371899,-0.183576,grouped,338
7662,3088601130102398,-2.241944,-0.721291,grouped,9
7663,3076419050121954,0.249860,0.818329,grouped,59
7664,3076221020121406,0.666587,1.075234,not_clean,-1
7665,3076221020124606,0.529244,0.989952,grouped,149
7666,3076419060122047,0.014752,0.670037,not_clean,-1
7667,3076419090123000,0.333448,0.866655,grouped,155
7668,3080168010125063,0.776933,1.139635,grouped,11
7669,3088601110120590,-1.956179,-0.549056,not_clean,-1
7670,3088601050125045,-1.838271,-0.476384,not_clean,-1
7671,3088601110120181,-1.911354,-0.522289,grouped,26
7672,3076419030123616,-0.646373,0.258667,grouped,346
7673,3011297080120187,-0.861198,0.125492,not_clean,-1
7674,3030288290121613,-0.320753,0.459090,not_clean,-1
7675,3076419060121054,-0.092266,0.600206,grouped,35
7676,3076419050121969,0.237976,0.804034,not_clean,-1
7677,3011297080121679,-0.808978,0.156937,grouped,346
7678,3088601110123614,-2.005654,-0.583728,not_clean,-1
7679,3076419030122234,-0.661642,0.246503,grouped,343
7680,3076221020124226,0.638292,1.048669,grouped,101
7681,3076419090122430,0.418152,0.910889,not_clean,-1
7682,3088601130104715,-2.281832,-0.757253,grouped,207
7683,3088601130100690,-2.332092,-0.788722,grouped,6
7684,3088601110120351,-1.952880,-0.556247,not_clean,-1
7685,3088601130102402,-2.223685,-0.723701,grouped,9
7686,3088601130121759,-2.224054,-0.724224,not_clean,-1
7687,3076419050122372,0.293196,0.830481,grouped,59
7688,3076419030121608,-0.688222,0.222158,not_clean,-1
7689,3088601130100416,-2.318424,-0.785099,grouped,18
7690,3088601130104345,-2.293935,-0.770172,grouped,262
7691,3076419030125148,-0.669768,0.233182,not_clean,-1
7692,3076419060124338,-0.077355,0.599004,not_clean,-1
7693,3076221020123137,0.683888,1.068644,grouped,92
7694,3076419060120178,0.020491,0.658320,grouped,26
7695,3088602040102737,-2.592269,-0.956020,grouped,3
7696,3076419030120635,-0.673864,0.228197,grouped,188
7697,3030288290109036,-0.515852,0.325431,not_clean,-1
7698,3011297090120685,-1.006504,0.021212,grouped,196
7699,3076419060123227,-0.001214,0.641621,grouped,144
7700,3076221020123669,0.822892,1.150169,grouped,254
7701,3076419050120244,0.326491,0.842534,grouped,88
7702,3011297090120738,-1.042173,-0.003275,grouped,201
7703,3076419030112042,-0.559512,0.293964,grouped,343
7704,3076221020123568,0.730392,1.088842,grouped,173
7705,3030288290100690,-0.342778,0.425968,not_clean,-1
7706,3082514010121742,-1.213179,-0.111722,not_clean,-1
7707,3076419030122821,-0.639584,0.242035,not_clean,-1
7708,3076419050121129,0.078787,0.685580,grouped,24
7709,3080168010124963,0.532934,0.965124,not_clean,-1
7710,3011297090121176,-1.078345,-0.030285,grouped,343
7711,3076419030110661,-0.615382,0.254614,grouped,347
7712,3088601130101917,-2.307062,-0.790515,grouped,8
7713,3076221020125193,0.603865,1.006553,not_clean,-1
7714,3088601130101547,-2.380819,-0.837591,not_clean,-1
7715,3076221020124972,0.649827,1.033923,grouped,101
7716,3076419050122001,0.335707,0.839736,grouped,302
7717,3088601130107239,-2.418561,-0.862224,not_clean,-1
7718,3011297080120396,-0.935013,0.053584,grouped,346
7719,3082514010120986,-1.204452,-0.113169,grouped,343
7720,3076419060121373,0.016250,0.637972,grouped,184
7721,3088601050122052,-1.520797,-0.311988,grouped,187
7722,3082514010120744,-1.225856,-0.131931,grouped,190
7723,3080168010123086,0.536502,0.955869,grouped,332
7724,3076221020122128,0.617495,1.005843,grouped,293
7725,3082514010120505,-1.203950,-0.119027,grouped,346
7726,3076419060121504,-0.031084,0.605038,grouped,19
7727,3088601050122670,-1.577866,-0.350498,not_clean,-1
7728,3088601050125077,-1.731962,-0.445753,grouped,318
7729,3088601130101604,-2.412283,-0.866016,grouped,144
7730,3088601050123651,-1.557327,-0.339153,not_clean,-1
7731,3011297090120890,-0.998546,0.005417,not_clean,-1
7732,3076419090122867,0.510331,0.936845,not_clean,-1
7733,3011297080120773,-0.830370,0.107898,grouped,336
7734,3076419050120138,0.295641,0.800634,grouped,10
7735,3076419030123690,-0.627018,0.230820,not_clean,-1
7736,3088601130100910,-2.225629,-0.756343,grouped,7
7737,3088601130120452,-2.225559,-0.756329,not_clean,-1
7738,3011297090120359,-1.137711,-0.085913,not_clean,-1
7739,3076419060126100,-0.144217,0.526939,grouped,25
7740,3011297090121784,-1.068103,-0.044170,not_clean,-1
7741,3030288290105819,-0.497982,0.307736,grouped,196
7742,3076419060123446,-0.121374,0.538588,grouped,200
7743,3076419060125913,0.051453,0.644366,grouped,212
7744,3088601130101360,-2.311181,-0.814567,grouped,9
7745,3076419090130538,0.407644,0.862841,grouped,59
7746,3076419090123597,0.398389,0.857059,not_clean,-1
7747,3076419030120995,-0.624691,0.225442,not_clean,-1
7748,3076419030123412,-0.625069,0.225164,not_clean,-1
7749,3076221020120101,0.686316,1.034165,not_clean,-1
7750,3076419060123251,-0.067975,0.567205,grouped,30
7751,3082514010120736,-1.251469,-0.164570,not_clean,-1
7752,3088601130102828,-2.357499,-0.847389,grouped,297
7753,3088601130100048,-2.255630,-0.784625,not_clean,-1
7754,3011297080122607,-0.718494,0.162585,not_clean,-1
7755,3011297080120527,-0.709070,0.167860,grouped,345
7756,3076419060120614,0.015362,0.614708,grouped,203
7757,3030288290107462,-0.361083,0.382097,not_clean,-1
7758,3088601130107266,-2.333213,-0.836049,not_clean,-1
7759,3076419050124033,0.287924,0.780348,not_clean,-1
7760,3076221020120993,0.732464,1.054571,not_clean,-1
7761,3011297080121476,-0.896225,0.049100,not_clean,-1
7762,3011297090121061,-1.119751,-0.089014,not_clean,-1
7763,3076419050125760,0.077707,0.649401,grouped,22
7764,3030288290103990,-0.329157,0.397993,not_clean,-1
7765,3011297080122813,-0.943039,0.018067,grouped,343
7766,3011297090121072,-1.018976,-0.029298,not_clean,-1
7767,3030288290103291,-0.437516,0.329595,not_clean,-1
7768,3082514010121076,-1.279282,-0.190676,grouped,184
7769,3088601130100490,-2.313018,-0.828820,grouped,10
7770,3030288290103332,-0.242764,0.448408,not_clean,-1
7771,3082514010122419,-1.336521,-0.227244,grouped,43
7772,3076419050122240,0.071643,0.641893,grouped,200
7773,3076419050122838,0.379461,0.831726,grouped,58
7774,3011297180120316,-1.175773,-0.129391,grouped,205
7775,3076221020124812,0.744614,1.054665,not_clean,-1
7776,3088601130102834,-2.129493,-0.719377,not_clean,-1
7777,3088601090121821,-2.129527,-0.719400,not_clean,-1
7778,3011297090121104,-1.043527,-0.049191,not_clean,-1
7779,3076419050122182,0.293384,0.775205,not_clean,-1
7780,3011297090121451,-1.127675,-0.104899,not_clean,-1
7781,3030288290100139,-0.515680,0.272116,not_clean,-1
7782,3076221020124591,0.638313,0.982918,grouped,83
7783,3088601130102337,-2.297851,-0.828917,grouped,0
7784,3076221020121612,0.875300,1.128904,grouped,11
7785,3011297090120093,-1.044067,-0.056327,not_clean,-1
7786,3076419050122892,0.080043,0.636060,not_clean,-1
7787,3011297080121241,-0.938899,0.006845,grouped,343
7788,3011297080121280,-0.831628,0.072818,not_clean,-1
7789,3082514010120998,-1.346470,-0.245311,grouped,8
7790,3080168010120137,0.535890,0.915768,grouped,260
7791,3076419050123647,0.154458,0.678421,grouped,81
7792,3076419050121847,0.070751,0.626316,grouped,21
7793,3076221020122879,0.835140,1.097652,grouped,93
7794,3088601130106216,-2.369760,-0.879887,grouped,338
7795,3011297090120335,-1.159375,-0.134467,not_clean,-1
7796,3011297080120498,-0.860902,0.049595,not_clean,-1
7797,3088601050120710,-1.679902,-0.456522,grouped,195
7798,3076419030101717,-0.532518,0.251202,not_clean,-1
7799,3088601050122027,-1.539231,-0.371899,grouped,203
7800,3076419060122027,-0.029277,0.559357,grouped,19
7801,3088601050121757,-1.478398,-0.335054,grouped,179
7802,3088601130123227,-2.216604,-0.790855,not_clean,-1
7803,3011297090121241,-1.061675,-0.078429,grouped,204
7804,3088601130107433,-2.216575,-0.791132,grouped,57
7805,3076419050123481,0.215797,0.709371,not_clean,-1
7806,3076419050122448,0.297807,0.759838,not_clean,-1
7807,3076221020121762,0.848330,1.099089,grouped,93
7808,3030583070122113,0.662382,0.984143,not_clean,-1
7809,3088601130100675,-2.290219,-0.838560,grouped,7
7810,3088601050122456,-1.568295,-0.393525,grouped,250
7811,3076419050120351,0.353871,0.791572,grouped,59
7812,3011297080121532,-0.670309,0.159514,not_clean,-1
7813,3082493080122111,0.940962,1.153188,grouped,173
7814,3076419050120910,0.364880,0.796811,grouped,79
7815,3082514010120803,-1.338606,-0.254567,grouped,179
7816,3011297080121859,-0.829131,0.059436,grouped,343
7817,3088601050120105,-1.460735,-0.331000,grouped,189
7818,3011297080121826,-0.883262,0.025260,not_clean,-1
7819,3088601050121794,-1.545934,-0.384871,nan_hardness,-1
7820,3088601050121102,-1.523965,-0.371900,grouped,205
7821,3076419030112036,-0.613732,0.189177,not_clean,-1
7822,3088601090122748,-2.101858,-0.730067,grouped,9
7823,3088601130105632,-2.230387,-0.811660,grouped,119
7824,3011297080120375,-0.783131,0.080607,not_clean,-1
7825,3088601130105353,-2.099865,-0.732197,not_clean,-1
7826,3080168010123168,0.515076,0.880125,grouped,58
7827,3076419090123677,0.508222,0.874541,grouped,100
7828,3082514010120546,-1.183499,-0.168894,grouped,186
7829,3082514010120323,-1.274788,-0.225344,not_clean,-1
7830,3030288290103927,-0.309256,0.369475,not_clean,-1
7831,3011297180121173,-1.171772,-0.164452,grouped,182
7832,3011297090120019,-1.096413,-0.118660,grouped,336
7833,3082514010120222,-1.182072,-0.174892,grouped,187
7834,3088601130105263,-2.064933,-0.720033,grouped,14
7835,3011297080120478,-0.694237,0.125124,grouped,346
7836,3076419090123154,0.458739,0.835408,grouped,70
7837,3011297190121565,-0.011266,0.545357,grouped,19
7838,3030288290105893,-0.455179,0.270601,grouped,346
7839,3076419060120937,0.053600,0.584061,grouped,205
7840,3088601130100845,-2.239729,-0.830356,grouped,338
7841,3011297090121301,-1.141394,-0.153473,not_clean,-1
7842,3076419050120888,0.298951,0.734532,grouped,135
7843,3011297080120638,-0.864930,0.016599,grouped,346
7844,3088601050122464,-1.681394,-0.487477,grouped,185
7845,3088601130122342,-2.222116,-0.821353,not_clean,-1
7846,3088601130104205,-2.222309,-0.821570,grouped,124
7847,3082514010120992,-1.245046,-0.219184,not_clean,-1
7848,3011297190122021,-0.039623,0.523843,grouped,76
7849,3076419050123062,0.229176,0.689162,grouped,79
7850,3030583070122175,0.679828,0.966791,grouped,254
7851,3076419090120258,0.470946,0.837340,grouped,11
7852,3080168010125665,0.573693,0.899757,not_clean,-1
7853,3082514010122527,-1.212971,-0.201889,grouped,261
7854,3082514010120025,-1.264868,-0.233953,not_clean,-1
7855,3040658020121168,-1.293155,-0.251945,grouped,179
7856,3011297190121859,0.003487,0.547586,not_clean,-1
7857,3030583070122415,0.708186,0.981090,grouped,332
7858,3088601130100119,-2.244579,-0.840354,not_clean,-1
7859,3030288310115714,-0.531773,0.215104,not_clean,-1
7860,3011297190143737,-0.157554,0.445229,not_clean,-1
7861,3088601130107843,-2.128777,-0.771510,grouped,1
7862,3076419050123604,0.203789,0.665478,not_clean,-1
7863,3030288290101812,-0.454554,0.259130,grouped,181
7864,3011297080120831,-0.687424,0.114731,grouped,205
7865,3088601050121552,-1.538854,-0.410251,grouped,319
7866,3030288290104483,-0.333043,0.332228,grouped,25
7867,3030288310109451,-0.571868,0.184873,not_clean,-1
7868,3088601130101273,-2.206575,-0.823095,not_clean,-1
7869,3011297080121814,-0.772240,0.061149,not_clean,-1
7870,3088601130120641,-2.206579,-0.823115,grouped,338
7871,3088601130102854,-2.201190,-0.820704,grouped,111
7872,3088601130123388,-2.201185,-0.820986,not_clean,-1
7873,3088601130101328,-2.104947,-0.761948,not_clean,-1
7874,3088601090120728,-2.104705,-0.762180,grouped,147
7875,3088601130103231,-2.418572,-0.956588,grouped,147
7876,3076419050123394,0.303825,0.721399,grouped,59
7877,3011297090121827,-1.131138,-0.163451,not_clean,-1
7878,3088601050122869,-1.606976,-0.456833,grouped,45
7879,3076419090120029,0.453665,0.813073,grouped,69
7880,3082514010122784,-1.226180,-0.222501,grouped,250
7881,3076419050120889,0.347734,0.747125,grouped,205
7882,3082493080124421,0.978798,1.135574,not_clean,-1
7883,3030288290102380,-0.318063,0.335535,grouped,25
7884,3011297090121362,-1.138304,-0.170920,not_clean,-1
7885,3011297080121187,-0.744211,0.070342,not_clean,-1
7886,3011297190101481,-0.225053,0.390252,grouped,200
7887,3030288290108558,-0.349848,0.312637,not_clean,-1
7888,3011297190120020,-0.004068,0.525691,grouped,250
7889,3030288290107044,-0.449103,0.250678,grouped,346
7890,3076419050121220,0.337950,0.735705,grouped,59
7891,3011297190121801,0.010958,0.534153,not_clean,-1
7892,3011297090120646,-1.027535,-0.106970,not_clean,-1
7893,3076419050122866,0.267599,0.690792,not_clean,-1
7894,3076419090121032,0.476828,0.819445,not_clean,-1
7895,3030583070123625,0.921703,1.092876,grouped,93
7896,3011297190125532,-0.045732,0.496762,grouped,250
7897,3082493080123265,0.970989,1.120674,grouped,96
7898,3088601130101489,-2.208378,-0.839113,grouped,1
7899,3088601130120773,-2.208231,-0.839030,not_clean,-1
7900,3030583070124728,0.873082,1.059371,not_clean,-1
7901,3082514010120978,-1.200156,-0.219040,not_clean,-1
7902,3011297080120094,-0.678830,0.102155,grouped,343
7903,3088601130100114,-2.278994,-0.884857,grouped,3
7904,3088601130104788,-2.307931,-0.904835,grouped,262
7905,3088601050123586,-1.796687,-0.590889,grouped,205
7906,3088601130101642,-2.395470,-0.959864,grouped,338
7907,3088601130120356,-2.181258,-0.828858,not_clean,-1
7908,3088601130108431,-2.151092,-0.810308,not_clean,-1
7909,3088601130124361,-2.151019,-0.810306,not_clean,-1
7910,3088601130100740,-2.181253,-0.828973,not_clean,-1
7911,3088601050125017,-1.610066,-0.478059,not_clean,-1
7912,3088601090123736,-1.982858,-0.707810,grouped,204
7913,3088601050120970,-1.477719,-0.397137,grouped,186
7914,3030288310101317,-0.572957,0.160112,not_clean,-1
7915,3011297080120697,-0.881631,-0.030571,not_clean,-1
7916,3030583070124957,0.661754,0.919507,grouped,58
7917,3011297190124486,-0.050270,0.480535,grouped,34
7918,3082514010121026,-1.174984,-0.212937,grouped,191
7919,3088601050122389,-1.646818,-0.504656,grouped,182
7920,3076419050124049,0.290878,0.687565,not_clean,-1
7921,3030288290102356,-0.259556,0.347921,grouped,196
7922,3088601130122510,-2.205443,-0.851120,grouped,124
7923,3088601130104088,-2.205095,-0.851283,not_clean,-1
7924,3011297080120616,-0.836980,-0.009563,not_clean,-1
7925,3030583070121662,0.739947,0.961749,grouped,293
7926,3030288290105026,-0.374436,0.275193,not_clean,-1
7927,3088601130120855,-2.185434,-0.841551,grouped,316
7928,3088601130101551,-2.185324,-0.841559,not_clean,-1
7929,3011297080120687,-0.819105,0.000134,not_clean,-1
7930,3076419050123005,0.190370,0.620831,grouped,128
7931,3076419050123825,0.327871,0.705090,not_clean,-1
7932,3040658020120715,-1.292308,-0.293230,grouped,183
7933,3082493080125033,1.107028,1.184715,not_clean,-1
7934,3088601130102165,-2.331971,-0.934160,grouped,143
7935,3076419050121163,0.259272,0.662215,grouped,84
7936,3011297180120258,-1.147443,-0.207308,not_clean,-1
7937,3011297090120573,-1.002328,-0.118458,not_clean,-1
7938,3030288290104365,-0.458925,0.216317,not_clean,-1
7939,3080168020120994,0.567152,0.846625,grouped,12
7940,3011297080121181,-0.787063,0.010467,not_clean,-1
7941,3011297090120395,-1.032601,-0.140901,not_clean,-1
7942,3011297190120258,0.026338,0.511364,grouped,25
7943,3088601090121055,-2.097991,-0.797332,grouped,203
7944,3030583070123494,0.654260,0.897962,grouped,62
7945,3088601130102110,-2.097539,-0.797202,not_clean,-1
7946,3011297190120930,0.016173,0.502792,not_clean,-1
7947,3082514010121052,-1.195670,-0.243762,not_clean,-1
7948,3011297120120736,-0.054288,0.457447,not_clean,-1
7949,3011297070121163,-0.629588,0.102700,grouped,25
7950,3040658020123126,-1.440493,-0.399623,not_clean,-1
7951,3080168020127214,0.572967,0.840389,not_clean,-1
7952,3011297080120096,-0.793029,-0.001261,not_clean,-1
7953,3030583070121610,0.692585,0.913097,not_clean,-1
7954,3011297080121085,-0.763597,0.016220,grouped,345
7955,3076419050123241,0.376636,0.718250,grouped,302
7956,3030583070124203,0.975697,1.085868,grouped,93
7957,3030583070121862,0.702168,0.916654,grouped,293
7958,3011297120121578,0.028215,0.500999,not_clean,-1
7959,3011297190143193,-0.181546,0.370748,not_clean,-1
7960,3082493080125592,1.121149,1.171845,not_clean,-1
7961,3011297190141628,-0.211960,0.350923,grouped,201
7962,3080168020120059,0.552214,0.821199,not_clean,-1
7963,3030583070121976,0.768259,0.954039,grouped,93
7964,3076419050120371,0.194253,0.599176,grouped,10
7965,3088601090122092,-1.893501,-0.686586,grouped,32
7966,3011297080120564,-0.690371,0.053168,grouped,345
7967,3011297090120412,-0.985988,-0.129762,not_clean,-1
7968,3011297080120791,-0.947416,-0.106153,grouped,346
7969,3011297190120109,0.083514,0.528247,not_clean,-1
7970,3088601050122085,-1.642512,-0.534865,not_clean,-1
7971,3011297070120454,-0.634104,0.085856,grouped,346
7972,3011297080120101,-0.678434,0.057865,not_clean,-1
7973,3030583070122469,0.671449,0.888906,not_clean,-1
7974,3011297070105845,-0.496570,0.168858,not_clean,-1
7975,3080168020123939,0.621410,0.856855,not_clean,-1
7976,3011297120141245,-0.063773,0.434814,not_clean,-1
7977,3011297080120949,-0.742193,0.016772,not_clean,-1
7978,3011297080121609,-0.728273,0.024839,grouped,346
7979,3040658020121731,-1.455607,-0.423090,grouped,181
7980,3080168020122995,0.493605,0.776625,grouped,80
7981,3030583070122581,0.966282,1.067297,not_clean,-1
7982,3020120010123103,1.314624,1.280643,grouped,12
7983,3030288280122435,0.118143,0.542965,not_clean,-1
7984,3088601050120405,-1.718968,-0.588402,grouped,336
7985,3088601050122011,-1.693695,-0.573117,grouped,201
7986,3076419050121463,0.172776,0.576166,grouped,2
7987,3011297070106669,-0.592006,0.105189,grouped,273
7988,3082493080120462,0.995389,1.082307,grouped,12
7989,3011297070102334,-0.606735,0.095967,grouped,184
7990,3088601130103898,-2.191972,-0.880330,not_clean,-1
7991,3088601130125337,-2.191946,-0.880316,grouped,19
7992,3011297070102921,-0.575886,0.114295,not_clean,-1
7993,3011297090121602,-0.971628,-0.129901,not_clean,-1
7994,3076419050120760,0.359369,0.688785,grouped,302
7995,3040658020120972,-1.224936,-0.286738,not_clean,-1
7996,3011297120120426,0.024916,0.482543,grouped,34
7997,3011297080121100,-0.933779,-0.107933,grouped,345
7998,3080168020122397,0.538610,0.798397,grouped,145
7999,3011297080121719,-0.763701,-0.005253,grouped,346
8000,3011297080120931,-0.806150,-0.031599,not_clean,-1
8001,3082493080123671,1.054852,1.112541,grouped,100
8002,3088601090120746,-1.866041,-0.685699,grouped,188
8003,3011297070120927,-0.645465,0.065664,not_clean,-1
8004,3011297080121601,-0.706493,0.027042,not_clean,-1
8005,3088601130107659,-2.129380,-0.849162,not_clean,-1
8006,3030288290101671,-0.288323,0.282964,grouped,201
8007,3088601090123477,-1.991519,-0.767311,grouped,21
8008,3030583070122346,0.699332,0.886646,grouped,65
8009,3011297090120120,-1.097007,-0.219999,not_clean,-1
8010,3011297190102265,-0.232108,0.311787,not_clean,-1
8011,3040658020120360,-1.351493,-0.377373,grouped,180
8012,3030583070120312,0.866078,0.986564,grouped,254
8013,3011297120140043,-0.066296,0.412687,grouped,183
8014,3040658020121236,-1.244716,-0.312741,grouped,179
8015,3088601130103341,-2.368559,-1.005616,grouped,106
8016,3076419050123907,0.312978,0.643895,grouped,79
8017,3011297120120740,0.078776,0.498851,grouped,184
8018,3030583070121084,0.951273,1.034835,not_clean,-1
8019,3011297070120178,-0.670002,0.036686,not_clean,-1
8020,3020120010124532,1.240220,1.212058,not_clean,-1
8021,3082493080120926,1.043871,1.091149,grouped,97
8022,3011297070106113,-0.588614,0.086249,not_clean,-1
8023,3076419050122996,0.346022,0.660990,grouped,132
8024,3088601050120249,-1.552705,-0.507750,grouped,195
8025,3030583070120387,0.975124,1.047729,not_clean,-1
8026,3080168020124126,0.605659,0.820025,nan_hardness,-1
8027,3080168020124785,0.637260,0.838979,not_clean,-1
8028,3076419050121886,0.331452,0.650441,not_clean,-1
8029,3040658020122512,-1.315062,-0.364294,grouped,15
8030,3011297070120236,-0.625857,0.059412,not_clean,-1
8031,3030288290104276,-0.343978,0.232073,grouped,180
8032,3088601090121114,-2.102750,-0.850609,grouped,204
8033,3088601130102160,-2.102781,-0.850794,not_clean,-1
8034,3082493080122866,1.027528,1.075230,grouped,92
8035,3030583070123897,1.005190,1.061488,grouped,173
8036,3076419050122185,0.293523,0.622991,grouped,0
8037,3076419050120287,0.397078,0.686625,not_clean,-1
8038,3011297190120206,0.115969,0.512607,not_clean,-1
8039,3080168020126324,0.619086,0.820366,grouped,173
8040,3011297070120422,-0.646604,0.040809,not_clean,-1
8041,3011297120140632,-0.109861,0.370996,grouped,202
8042,3011297080120097,-0.736026,-0.014664,not_clean,-1
8043,3011297080120005,-0.884224,-0.105932,not_clean,-1
8044,3088601130101030,-2.328187,-0.994604,grouped,204
8045,3088601130122879,-2.207383,-0.921487,not_clean,-1
8046,3030288290105425,-0.238580,0.289838,not_clean,-1
8047,3030288290101442,-0.252212,0.281391,grouped,347
8048,3088601130105336,-2.206765,-0.921535,not_clean,-1
8049,3011297120141150,0.021857,0.449753,grouped,36
8050,3030288290104472,-0.389273,0.196677,not_clean,-1
8051,3082493080122217,1.040631,1.075137,grouped,99
8052,3030583070121998,0.930879,1.007630,grouped,173
8053,3011297190140861,-0.193646,0.315524,not_clean,-1
8054,3030583070123877,0.661326,0.840450,not_clean,-1
8055,3088601090124148,-1.965291,-0.775804,not_clean,-1
8056,3011297070120732,-0.675213,0.017766,not_clean,-1
8057,3076419050121740,0.336594,0.640331,grouped,82
8058,3030583070120829,1.006268,1.052038,not_clean,-1
8059,3030288280120167,0.180974,0.544215,not_clean,-1
8060,3011297120144224,-0.130356,0.351433,not_clean,-1
8061,3020120010123337,1.251956,1.199485,not_clean,-1
8062,3011297070120801,-0.649314,0.029892,not_clean,-1
8063,3088601090121153,-1.889823,-0.734231,grouped,26
8064,3080168020123496,0.591574,0.792202,grouped,76
8065,3082493080123465,1.024860,1.058137,grouped,173
8066,3011297090120599,-1.065393,-0.228322,grouped,196
8067,3088601090120952,-1.966264,-0.782892,grouped,205
8068,3011297070103815,-0.561857,0.080865,not_clean,-1
8069,3020120010123217,1.309677,1.230912,not_clean,-1
8070,3080168020123607,0.525518,0.748103,grouped,76
8071,3076419050122812,0.378891,0.657753,grouped,92
8072,3011297120141529,-0.016518,0.413327,not_clean,-1
8073,3030288290106353,-0.302491,0.236991,grouped,198
8074,3088601130123248,-2.217181,-0.941524,grouped,43
8075,3011297080120324,-0.784164,-0.060083,not_clean,-1
8076,3088601130104052,-2.217157,-0.941811,not_clean,-1
8077,3040658020121147,-1.386629,-0.431228,grouped,187
8078,3030288290100870,-0.270316,0.253710,not_clean,-1
8079,3076419050122833,0.353691,0.637454,not_clean,-1
8080,3011297190121130,0.147633,0.510397,not_clean,-1
8081,3011297120141128,-0.131056,0.338170,grouped,199
8082,3011297120140571,-0.034473,0.397041,not_clean,-1
8083,3030288290106967,-0.329281,0.215429,not_clean,-1
8084,3030583070122557,1.007677,1.037130,not_clean,-1
8085,3088601130104261,-2.231843,-0.955380,grouped,180
8086,3011297070101531,-0.480446,0.121370,not_clean,-1
8087,3030583070121175,0.962219,1.008367,grouped,173
8088,3076419050126190,0.391866,0.657550,not_clean,-1
8089,3088601090123505,-1.936148,-0.774597,grouped,17
8090,3030583070126848,0.720664,0.858661,not_clean,-1
8091,3076419050122728,0.337874,0.622844,grouped,103
8092,3082493080120115,1.034912,1.051243,grouped,76
8093,3088601130124983,-2.172707,-0.921918,not_clean,-1
8094,3078217060120787,-1.520988,-0.521294,grouped,182
8095,3030288290109021,-0.341009,0.204512,not_clean,-1
8096,3088601130108265,-2.172569,-0.922080,not_clean,-1
8097,3078217060121285,-1.554148,-0.542434,not_clean,-1
8098,3030288290101892,-0.312700,0.221018,not_clean,-1
8099,3011297090121039,-1.000847,-0.202710,not_clean,-1
8100,3030583070122766,0.986390,1.018032,grouped,92
8101,3020120010121488,1.202208,1.149947,grouped,203
8102,3082493080124771,1.086405,1.078693,grouped,173
8103,3088601130124935,-2.177481,-0.929967,not_clean,-1
8104,3076419050122438,0.273356,0.576981,grouped,17
8105,3088601130100049,-2.059820,-0.859277,not_clean,-1
8106,3088601090120028,-2.059762,-0.859298,grouped,189
8107,3076419050121409,0.326957,0.607805,grouped,155
8108,3011297070101710,-0.544368,0.071550,not_clean,-1
8109,3076419050122216,0.269732,0.571533,grouped,18
8110,3040658020122991,-1.274287,-0.378377,grouped,185
8111,3076419050121026,0.430047,0.667817,grouped,128
8112,3082493080121491,1.039968,1.042494,grouped,173
8113,3088601130102173,-2.193641,-0.946084,not_clean,-1
8114,3088601130121160,-2.193683,-0.946300,not_clean,-1
8115,3011297080120199,-0.742071,-0.053757,grouped,345
8116,3011297120142275,-0.078144,0.353161,not_clean,-1
8117,3088601130101616,-2.250220,-0.982796,grouped,316
8118,3088601130100244,-2.264727,-0.991728,grouped,89
8119,3011297070120861,-0.626380,0.015513,grouped,180
8120,3030288280120180,0.191207,0.518266,not_clean,-1
8121,3030583070122927,0.917393,0.963898,not_clean,-1
8122,3011297120141394,-0.176676,0.291022,not_clean,-1
8123,3040658020123999,-1.216386,-0.348694,grouped,186
8124,3030583070123018,0.702859,0.830133,grouped,184
8125,3030583070123278,0.674587,0.811492,grouped,76
8126,3030583070121495,0.983745,1.000630,not_clean,-1
8127,3076419050122799,0.295834,0.577075,grouped,13
8128,3078217060120146,-1.647952,-0.618760,grouped,347
8129,3020120010124320,1.318283,1.204533,grouped,173
8130,3011297070101019,-0.520935,0.073172,not_clean,-1
8131,3011297080120281,-0.749439,-0.069079,not_clean,-1
8132,3040658020124477,-1.212044,-0.353849,not_clean,-1
8133,3040658020120675,-1.323101,-0.422415,grouped,336
8134,3088601090121609,-2.049130,-0.870281,grouped,16
8135,3088601090123663,-1.859780,-0.754140,grouped,180
8136,3088601130101027,-2.049553,-0.871240,not_clean,-1
8137,3088601090121305,-1.874839,-0.763889,grouped,36
8138,3011297070102970,-0.487201,0.088410,grouped,346
8139,3011297080120402,-0.755206,-0.077159,not_clean,-1
8140,3082493080120345,1.102128,1.064514,grouped,155
8141,3082493080122351,1.054185,1.034407,grouped,302
8142,3011297070101162,-0.624733,0.001578,not_clean,-1
8143,3088601130103932,-2.231789,-0.987234,grouped,147
8144,3011297070101940,-0.518736,0.065529,not_clean,-1
8145,3030583070124540,0.954675,0.970770,grouped,332
8146,3080168020125472,0.540554,0.715241,not_clean,-1
8147,3076419050124710,0.281632,0.555052,not_clean,-1
8148,3011297070140596,-0.562338,0.035702,not_clean,-1
8149,3080168020125887,0.614375,0.759008,grouped,12
8150,3040658020123002,-1.408237,-0.484390,grouped,182
8151,3040658020120509,-1.466665,-0.520312,grouped,182
8152,3011297070140513,-0.611148,0.005496,grouped,346
8153,3011297090120451,-0.946174,-0.200522,not_clean,-1
8154,3030583070123390,0.678085,0.797147,grouped,83
8155,3030583070124450,0.710855,0.815109,grouped,70
8156,3078217060120240,-1.538676,-0.567741,grouped,205
8157,3076419050124447,0.321435,0.575406,not_clean,-1
8158,3078217060121950,-1.586030,-0.597800,grouped,343
8159,3020120010124144,1.249048,1.144537,grouped,173
8160,3020120010122031,1.279188,1.162892,grouped,173
8161,3080168020124344,0.630353,0.763460,not_clean,-1
8162,3088601130100590,-2.039617,-0.878113,not_clean,-1
8163,3082493080123451,1.055215,1.023763,grouped,173
8164,3088601090120139,-2.039404,-0.878237,grouped,22
8165,3080168020125851,0.657552,0.778109,not_clean,-1
8166,3011297080121289,-0.748055,-0.086700,not_clean,-1
8167,3076419050122247,0.432500,0.637875,grouped,0
8168,3020120010120124,1.301694,1.171704,not_clean,-1
8169,3088601130123329,-2.178086,-0.967968,grouped,43
8170,3088601130105280,-2.178273,-0.968754,not_clean,-1
8171,3030583070121133,0.994637,0.980869,grouped,302
8172,3030583070122630,0.703223,0.800989,grouped,25
8173,3088601130101350,-2.119581,-0.934195,grouped,338
8174,3030288290102551,-0.258866,0.209254,not_clean,-1
8175,3088601130120810,-2.119524,-0.934354,not_clean,-1
8176,3076419050123429,0.320603,0.564936,not_clean,-1
8177,3086551010100265,-2.871634,-1.396480,grouped,204
8178,3011297120140319,-0.066486,0.325783,not_clean,-1
8179,3011297070120572,-0.642279,-0.028560,not_clean,-1
8180,3030583070120813,0.961592,0.956453,grouped,205
8181,3030583070123483,1.056015,1.014080,grouped,173
8182,3020120010125053,1.168517,1.082385,not_clean,-1
8183,3011297080120221,-0.747047,-0.094626,not_clean,-1
8184,3011297120144637,-0.011051,0.357658,grouped,358
8185,3030583070123594,0.999761,0.977968,grouped,173
8186,3030583070122568,0.838551,0.878615,not_clean,-1
8187,3011297070120794,-0.658666,-0.041467,not_clean,-1
8188,3011297070101575,-0.594289,-0.002052,not_clean,-1
8189,3030288280122368,0.249889,0.516112,grouped,128
8190,3011297070120563,-0.670474,-0.050281,not_clean,-1
8191,3078217060120058,-1.623064,-0.636274,grouped,336
8192,3086551010100615,-2.960142,-1.457589,grouped,114
8193,3011297120140230,-0.133922,0.275232,grouped,197
8194,3030583070120761,0.732184,0.807045,not_clean,-1
8195,3080168020122363,0.577637,0.711800,grouped,21
8196,3088601130104917,-2.057403,-0.907555,not_clean,-1
8197,3088601090121508,-2.057170,-0.907486,grouped,15
8198,3076419050124393,0.444091,0.628904,not_clean,-1
8199,3088601130105700,-2.163137,-0.973041,not_clean,-1
8200,3088601090121719,-1.933173,-0.832826,not_clean,-1
8201,3011297080121053,-0.707920,-0.080111,not_clean,-1
8202,3080168020122267,0.605173,0.726647,grouped,41
8203,3011297070100872,-0.583885,-0.004852,not_clean,-1
8204,3011297080120583,-0.782589,-0.127193,not_clean,-1
8205,3030583070122847,0.723753,0.798222,grouped,71
8206,3080168020125069,0.565614,0.700852,grouped,135
8207,3076419050122132,0.488064,0.653089,not_clean,-1
8208,3040658020121315,-1.355651,-0.480730,not_clean,-1
8209,3074839120121209,-1.493083,-0.566256,grouped,184
8210,3076419050121190,0.395123,0.593304,grouped,3
8211,3086551010100138,-3.008771,-1.497763,grouped,24
8212,3011297070102665,-0.556979,0.007671,not_clean,-1
8213,3030288290103952,-0.274785,0.180453,not_clean,-1
8214,3011297070120582,-0.654073,-0.054002,not_clean,-1
8215,3040658020120895,-1.359884,-0.488807,grouped,181
8216,3088601130104190,-2.163611,-0.982931,not_clean,-1
8217,3069176010122648,1.114909,1.030404,not_clean,-1
8218,3080168020122005,0.579493,0.700421,not_clean,-1
8219,3040658020120394,-1.388892,-0.508922,not_clean,-1
8220,3030583070123579,1.056371,0.992397,grouped,88
8221,3078217060121743,-1.588127,-0.632836,not_clean,-1
8222,3011297080120015,-0.770942,-0.131618,not_clean,-1
8223,3088601090120366,-1.889527,-0.818801,not_clean,-1
8224,3011297080120507,-0.838970,-0.173649,grouped,205
8225,3011297070102799,-0.508080,0.029568,not_clean,-1
8226,3067226010100432,-3.081427,-1.550438,not_clean,-1
8227,3030288290101706,-0.198257,0.219664,not_clean,-1
8228,3011297070101152,-0.430630,0.076817,not_clean,-1
8229,3076419050122805,0.286949,0.516726,not_clean,-1
8230,3011297090126124,-0.913403,-0.221162,grouped,344
8231,3088601090122654,-1.802470,-0.767976,grouped,26
8232,3011297070106243,-0.425401,0.075898,not_clean,-1
8233,3011297070140511,-0.509941,0.023555,not_clean,-1
8234,3074513020100184,-2.358468,-1.112363,not_clean,-1
8235,3011297070105147,-0.608787,-0.038455,not_clean,-1
8236,3011297080121263,-0.832513,-0.176146,not_clean,-1
8237,3011297080123052,-0.869673,-0.200079,not_clean,-1
8238,3080168020124379,0.599593,0.702144,grouped,18
8239,3020120010121594,1.326172,1.145673,grouped,173
8240,3076419050122956,0.453839,0.609878,not_clean,-1
8241,3011297120144170,0.071732,0.374230,not_clean,-1
8242,3011297090120366,-0.980452,-0.272312,grouped,188
8243,3086551010100883,-2.978666,-1.499169,not_clean,-1
8244,3080168020123979,0.589499,0.691466,grouped,17
8245,3074513020100073,-2.245206,-1.049329,grouped,204
8246,3030288290101586,-0.210349,0.199411,not_clean,-1
8247,3011297070101106,-0.378175,0.095352,not_clean,-1
8248,3067226010100231,-3.113914,-1.583985,grouped,9
8249,3030583070124187,0.768039,0.798243,not_clean,-1
8250,3076419050125101,0.491784,0.628456,not_clean,-1
8251,3011297070120672,-0.658132,-0.078869,not_clean,-1
8252,3030583070124975,0.942437,0.902412,grouped,55
8253,3011297080120037,-0.868363,-0.209627,not_clean,-1
8254,3030583070121286,1.016054,0.946918,grouped,254
8255,3088601130123402,-2.217199,-1.038212,grouped,338
8256,3074513020100109,-2.364771,-1.128824,grouped,204
8257,3088601130105000,-2.217284,-1.038641,not_clean,-1
8258,3011297080120212,-0.693356,-0.103084,not_clean,-1
8259,3030583070120482,0.959232,0.910160,grouped,254
8260,3088601090121071,-1.834433,-0.805151,not_clean,-1
8261,3074513020100367,-2.254293,-1.063479,not_clean,-1
8262,3011297120141368,0.202666,0.443520,not_clean,-1
8263,3030583070123542,0.948798,0.900197,grouped,155
8264,3080168020122850,0.618005,0.696813,grouped,76
8265,3011297070101150,-0.600642,-0.052249,not_clean,-1
8266,3011297070100127,-0.446330,0.041732,not_clean,-1
8267,3088601130100424,-2.135689,-0.995499,not_clean,-1
8268,3030583070124541,0.882137,0.857145,grouped,135
8269,3088601130120235,-2.135619,-0.995534,grouped,121
8270,3076419050120748,0.390815,0.555475,grouped,205
8271,3076419050126436,0.452834,0.593158,grouped,1
8272,3074513020100101,-2.242400,-1.061569,not_clean,-1
8273,3088601090120908,-2.002381,-0.915883,grouped,270
8274,3086551010100656,-2.988223,-1.520860,not_clean,-1
8275,3078217060120938,-1.655620,-0.703882,grouped,42
8276,3011297080121225,-0.837435,-0.201770,not_clean,-1
8277,3076419050121429,0.470789,0.601336,grouped,205
8278,3011297120141369,-0.136063,0.228519,not_clean,-1
8279,3067226010100698,-3.059660,-1.565779,grouped,142
8280,3011297070102953,-0.426452,0.049938,not_clean,-1
8281,3040658020120214,-1.229061,-0.443458,grouped,185
8282,3011297070103988,-0.553786,-0.029080,not_clean,-1
8283,3011297070140557,-0.435285,0.042701,not_clean,-1
8284,3011297120140490,-0.121944,0.234965,not_clean,-1
8285,3011297070105656,-0.345381,0.097694,not_clean,-1
8286,3088601090125087,-1.926966,-0.874131,grouped,17
8287,3040658020120208,-1.364454,-0.530360,grouped,186
8288,3040034010120981,-1.069107,-0.349466,not_clean,-1
8289,3074839120120654,-1.465687,-0.594941,grouped,179
8290,3078217060122703,-1.618655,-0.688830,grouped,178
8291,3011297080120219,-0.741747,-0.150855,not_clean,-1
8292,3086551010100018,-2.892130,-1.470299,not_clean,-1
8293,3076419050121819,0.499690,0.610194,grouped,7
8294,3020120010120054,1.239242,1.063822,not_clean,-1
8295,3011297070104795,-0.477680,0.009975,not_clean,-1
8296,3030288280120284,0.262943,0.464274,grouped,25
8297,3030288290100136,-0.238671,0.156254,not_clean,-1
8298,3040658020120732,-1.144693,-0.400885,grouped,185
8299,3020120010123178,1.405291,1.163363,not_clean,-1
8300,3040658020120229,-1.390246,-0.552440,grouped,250
8301,3011297090120848,-0.986534,-0.306268,grouped,186
8302,3076419050121977,0.518613,0.617052,grouped,0
8303,3074513020100219,-2.386901,-1.167320,not_clean,-1
8304,3074513020100031,-2.377342,-1.161815,grouped,208
8305,3011297070120834,-0.675559,-0.117975,not_clean,-1
8306,3020120010121601,1.429362,1.173165,not_clean,-1
8307,3076419050120203,0.418287,0.551731,grouped,12
8308,3011297070100651,-0.400918,0.048136,not_clean,-1
8309,3088601090124591,-1.909806,-0.877937,grouped,186
8310,3078217060120275,-1.588139,-0.680900,grouped,26
8311,3086551010100412,-2.923099,-1.499566,grouped,311
8312,3011297080120704,-0.746375,-0.164390,not_clean,-1
8313,3020120010120845,1.424958,1.167776,not_clean,-1
8314,3030583070124903,0.749939,0.753459,grouped,143
8315,3011297070101879,-0.433919,0.026790,not_clean,-1
8316,3086551010100091,-2.965234,-1.526511,not_clean,-1
8317,3011297080120474,-0.791376,-0.193189,not_clean,-1
8318,3030583070126777,1.006002,0.909116,not_clean,-1
8319,3011297070100160,-0.464969,0.005884,not_clean,-1
8320,3040658020121350,-1.439487,-0.592671,grouped,342
8321,3011297080121055,-0.771415,-0.182744,not_clean,-1
8322,3011297070103506,-0.386706,0.053179,not_clean,-1
8323,3011135010140950,-0.120066,0.216214,not_clean,-1
8324,3011297070100246,-0.455129,0.010054,not_clean,-1
8325,3011297070100776,-0.449824,0.013230,not_clean,-1
8326,3088601090121105,-1.913137,-0.884773,grouped,16
8327,3078217060121662,-1.554449,-0.665271,grouped,185
8328,3011135010102292,-0.194182,0.169027,not_clean,-1
8329,3011297090121504,-0.948865,-0.294424,grouped,185
8330,3086551010100464,-2.784261,-1.420417,grouped,116
8331,3086551010100296,-2.995539,-1.550274,grouped,112
8332,3011297070120341,-0.649468,-0.111809,not_clean,-1
8333,3076419050122989,0.490994,0.587791,not_clean,-1
8334,3080168020124442,0.660426,0.691504,grouped,21
8335,3030288280141111,0.240170,0.433519,grouped,30
8336,3074513020100026,-2.325262,-1.141390,grouped,207
8337,3011297070101547,-0.537648,-0.046301,not_clean,-1
8338,3074513020100168,-2.390647,-1.183411,grouped,270
8339,3011297070102524,-0.557789,-0.059855,not_clean,-1
8340,3020120010120789,1.421791,1.154296,not_clean,-1
8341,3020120010125271,1.208576,1.023419,not_clean,-1
8342,3074513020100044,-2.246740,-1.096519,grouped,147
8343,3011297070101873,-0.430464,0.017558,not_clean,-1
8344,3088601090120942,-1.877845,-0.870635,grouped,338
8345,3011297090121657,-0.929345,-0.289559,grouped,184
8346,3067226010100433,-3.056591,-1.594094,not_clean,-1
8347,3011135010140528,-0.251797,0.124686,not_clean,-1
8348,3011297120141509,0.071630,0.323105,grouped,200
8349,3011297070120993,-0.660833,-0.126834,grouped,273
8350,3011297070104313,-0.434515,0.011872,not_clean,-1
8351,3011297120142563,0.183512,0.390313,grouped,26
8352,3074513020100046,-2.449632,-1.225773,grouped,339
8353,3030583070122510,1.052897,0.922342,grouped,58
8354,3011297070100448,-0.574198,-0.076157,not_clean,-1
8355,3040658020124646,-1.191035,-0.456325,grouped,179
8356,3011297120140055,0.044403,0.301566,not_clean,-1
8357,3080168020122154,0.588676,0.635294,grouped,132
8358,3074513020100385,-2.427302,-1.215233,not_clean,-1
8359,3067226010100344,-2.997770,-1.565497,not_clean,-1
8360,3082493080122037,1.125825,0.961715,grouped,173
8361,3088601090125739,-1.893283,-0.891195,not_clean,-1
8362,3076419050122179,0.437640,0.538633,grouped,302
8363,3011297070101622,-0.434229,0.003645,not_clean,-1
8364,3078217060122014,-1.659935,-0.748517,not_clean,-1
8365,3011297070100996,-0.557955,-0.072646,not_clean,-1
8366,3040658020123129,-1.204937,-0.470642,not_clean,-1
8367,3040658020120044,-1.244620,-0.495016,grouped,179
8368,3011297070102869,-0.612669,-0.107573,not_clean,-1
8369,3011297120140569,-0.053678,0.234831,not_clean,-1
8370,3020120010124835,1.317280,1.075396,grouped,173
8371,3067226010100325,-3.069204,-1.614515,grouped,311
8372,3011297120143290,0.134867,0.349905,not_clean,-1
8373,3074513020100196,-2.477236,-1.252401,grouped,210
8374,3074839120120216,-1.518718,-0.665225,grouped,188
8375,3030288280106934,0.259084,0.424304,not_clean,-1
8376,3011297120140794,0.014176,0.273669,not_clean,-1
8377,3011135010141600,-0.244584,0.114746,not_clean,-1
8378,3020120010123323,1.223157,1.014842,grouped,116
8379,3011297080121521,-0.784078,-0.216387,not_clean,-1
8380,3030583070121613,0.895196,0.813408,grouped,12
8381,3078217060120427,-1.586451,-0.709618,grouped,190
8382,3074513020100028,-2.441415,-1.234247,grouped,77
8383,3011297120141548,0.027856,0.279289,not_clean,-1
8384,3011297070102019,-0.537650,-0.068193,not_clean,-1
8385,3011135010117862,-0.201494,0.137979,not_clean,-1
8386,3011297070104859,-0.355474,0.043374,not_clean,-1
8387,3011297120143473,0.093528,0.317942,grouped,202
8388,3011297070101802,-0.433020,-0.005260,not_clean,-1
8389,3088601090122629,-2.004556,-0.969061,not_clean,-1
8390,3011135010140813,-0.267960,0.095693,not_clean,-1
8391,3011297070103977,-0.464297,-0.024915,not_clean,-1
8392,3076419010121690,0.400047,0.505134,not_clean,-1
8393,3074513020100212,-2.323775,-1.165652,not_clean,-1
8394,3011297120142308,0.034913,0.280102,not_clean,-1
8395,3076419050120146,0.531976,0.583693,grouped,9
8396,3011297080121127,-0.788641,-0.226553,not_clean,-1
8397,3040658020121376,-1.279412,-0.529162,grouped,183
8398,3011297070105690,-0.383867,0.017864,not_clean,-1
8399,3020120010122112,1.305978,1.052985,grouped,93
8400,3080168020121866,0.585011,0.610623,grouped,88
8401,3088601090121927,-1.851593,-0.883774,grouped,19
8402,3067226010100301,-3.010645,-1.594727,grouped,42
8403,3011297120141703,-0.004586,0.247231,not_clean,-1
8404,3030288280105998,0.267963,0.414272,grouped,35
8405,3011297120142721,0.007815,0.254628,not_clean,-1
8406,3011297070120319,-0.648560,-0.148132,not_clean,-1
8407,3040658020121117,-1.254855,-0.520463,grouped,201
8408,3030583070122773,1.028894,0.879216,not_clean,-1
8409,3020120010120924,1.350212,1.076042,grouped,173
8410,3011135010100991,-0.321715,0.050799,not_clean,-1
8411,3020120010123041,1.386522,1.096368,not_clean,-1
8412,3074513020100279,-2.265159,-1.142637,grouped,210
8413,3030583070121611,1.125741,0.934458,not_clean,-1
8414,3011135010142510,-0.257444,0.085103,not_clean,-1
8415,3011297070100529,-0.550471,-0.095597,not_clean,-1
8416,3040658020121464,-1.297814,-0.554201,grouped,179
8417,3086551010100672,-2.755636,-1.447441,grouped,106
8418,3011297070100719,-0.350953,0.025782,not_clean,-1
8419,3040658020120055,-1.252094,-0.528106,grouped,183
8420,3011297080120233,-0.808875,-0.256407,not_clean,-1
8421,3011297120140292,0.017095,0.249916,not_clean,-1
8422,3086551010100701,-2.921999,-1.551519,grouped,297
8423,3040034010121162,-1.127294,-0.452023,not_clean,-1
8424,3080168020124448,0.637678,0.629852,grouped,155
8425,3011297070100646,-0.541334,-0.093223,not_clean,-1
8426,3011297120140291,0.024439,0.253540,not_clean,-1
8427,3076419010124346,0.552389,0.575736,grouped,0
8428,3080168020123622,0.680627,0.653843,grouped,132
8429,3040658020123269,-1.206639,-0.505088,not_clean,-1
8430,3074513020100112,-2.351892,-1.207257,grouped,123
8431,3030583070120132,1.061043,0.884323,grouped,88
8432,3074513020100123,-2.263496,-1.153527,grouped,209
8433,3011297070103810,-0.427898,-0.029425,grouped,180
8434,3011297070100407,-0.453277,-0.046300,not_clean,-1
8435,3040658020120997,-1.192815,-0.501096,grouped,338
8436,3011297120143296,0.037335,0.252784,not_clean,-1
8437,3076419010120816,0.546799,0.564886,grouped,132
8438,3076419010121903,0.481242,0.523448,grouped,302
8439,3011297080121755,-0.784430,-0.254349,not_clean,-1
8440,3011135010141313,-0.302371,0.040348,grouped,347
8441,3067226010100157,-3.009574,-1.618176,grouped,147
8442,3074513020100064,-2.261812,-1.161237,grouped,318
8443,3020120010124388,1.276759,1.007065,not_clean,-1
8444,3080168020121901,0.695508,0.648702,grouped,203
8445,3080168020122408,0.674396,0.635723,not_clean,-1
8446,3080168020124057,0.655300,0.623279,not_clean,-1
8447,3011297170120012,-0.874183,-0.314210,not_clean,-1
8448,3074513020100045,-2.368537,-1.230240,grouped,189
8449,3020120010120004,1.357581,1.052169,not_clean,-1
8450,3030583070120032,0.877705,0.756622,grouped,134
8451,3030583070122647,0.901642,0.770540,grouped,145
8452,3011297120144161,0.050174,0.248647,not_clean,-1
8453,3011297070120633,-0.637070,-0.172749,grouped,346
8454,3076419010120845,0.478257,0.510355,grouped,302
8455,3088601090120916,-1.973357,-0.992284,grouped,270
8456,3030583070123395,0.837301,0.729695,grouped,11
8457,3030583070122812,0.769044,0.687420,not_clean,-1
8458,3074513020100242,-2.235736,-1.154356,grouped,74
8459,3011297120142752,0.164340,0.315598,not_clean,-1
8460,3011135010141421,-0.000614,0.213896,not_clean,-1
8461,3074513020100165,-2.312477,-1.202613,grouped,210
8462,3011297070102236,-0.584491,-0.144014,not_clean,-1
8463,3011297070102837,-0.526956,-0.109170,grouped,352
8464,3030583070121170,0.775296,0.688271,not_clean,-1
8465,3011135010102014,-0.331008,0.009549,not_clean,-1
8466,3020120010120134,1.161741,0.923984,not_clean,-1
8467,3030583070123111,1.129529,0.903742,grouped,62
8468,3088601090120303,-1.830452,-0.910082,grouped,262
8469,3080168020122774,0.619964,0.590278,grouped,35
8470,3074513020100316,-2.275066,-1.183547,grouped,114
8471,3074513020100009,-2.386065,-1.252148,grouped,211
8472,3011297120142492,0.043149,0.235916,not_clean,-1
8473,3074513020100253,-2.142246,-1.103529,not_clean,-1
8474,3080168020124278,0.611530,0.583383,grouped,128
8475,3076419010122499,0.436955,0.474299,not_clean,-1
8476,3040034010120468,-0.994558,-0.403647,not_clean,-1
8477,3011297120141604,0.224436,0.342251,grouped,80
8478,3011297080120157,-0.781376,-0.275655,not_clean,-1
8479,3011297070101761,-0.488939,-0.096487,not_clean,-1
8480,3086551010100049,-2.870761,-1.555249,grouped,112
8481,3040034010120400,-1.000204,-0.410449,not_clean,-1
8482,3074513020100093,-2.180960,-1.133608,grouped,207
8483,3011135010100480,-0.335480,-0.003578,not_clean,-1
8484,3074513020100164,-2.165514,-1.126812,grouped,318
8485,3069176010120515,1.162896,0.911545,not_clean,-1
8486,3040034010121798,-0.939799,-0.376592,not_clean,-1
8487,3011297070100499,-0.444600,-0.074965,not_clean,-1
8488,3088601040120403,-1.773812,-0.889260,grouped,19
8489,3011297070100350,-0.541130,-0.134325,not_clean,-1
8490,3074513020100037,-2.376452,-1.258568,grouped,11
8491,3074513020100096,-2.355178,-1.245592,grouped,64
8492,3086551010100035,-2.873366,-1.563944,not_clean,-1
8493,3010326130120114,-1.657282,-0.820214,grouped,181
8494,3074513020100115,-2.177442,-1.138761,grouped,208
8495,3080168020120151,0.679423,0.610911,grouped,88
8496,3010326130122386,-1.602577,-0.787385,grouped,185
8497,3074513020100082,-2.198379,-1.152157,grouped,85
8498,3011297120140761,0.089896,0.249165,grouped,347
8499,3011297070102415,-0.402528,-0.054081,not_clean,-1
8500,3011297070100193,-0.471405,-0.097306,not_clean,-1
8501,3040658020125747,-1.152891,-0.515230,not_clean,-1
8502,3074513020100170,-2.284459,-1.208287,grouped,270
8503,3011297070103139,-0.364163,-0.032388,not_clean,-1
8504,3040034010120591,-0.937097,-0.384527,not_clean,-1
8505,3011297070100300,-0.589749,-0.172824,not_clean,-1
8506,3086551010100731,-2.941289,-1.612553,not_clean,-1
8507,3040658020120749,-1.311552,-0.615275,grouped,178
8508,3076419010121856,0.421133,0.445766,grouped,128
8509,3086551010100969,-2.953000,-1.620128,not_clean,-1
8510,3011297120143553,0.155989,0.283313,not_clean,-1
8511,3011297070105122,-0.484324,-0.109122,not_clean,-1
8512,3011297070101001,-0.419717,-0.071248,not_clean,-1
8513,3040034010120935,-1.121714,-0.501788,not_clean,-1
8514,3086551010100511,-2.790290,-1.523164,grouped,42
8515,3086551010100149,-2.834203,-1.550283,grouped,113
8516,3011297070103140,-0.514946,-0.130585,not_clean,-1
8517,3074839120121296,-1.434113,-0.694244,grouped,144
8518,3040034010121321,-0.896019,-0.365092,not_clean,-1
8519,3030583070121705,1.033044,0.815322,grouped,302
8520,3074513020100079,-2.125420,-1.119199,not_clean,-1
8521,3086551010100070,-2.861391,-1.570415,grouped,117
8522,3020120010120657,1.388843,1.030624,not_clean,-1
8523,3030583070121524,0.995411,0.789073,grouped,76
8524,3030583070123636,0.776272,0.654545,grouped,13
8525,3011297170121398,-0.829070,-0.328979,not_clean,-1
8526,3080168020124176,0.683470,0.597016,not_clean,-1
8527,3040034010121082,-0.910969,-0.380707,not_clean,-1
8528,3020120010120077,1.258382,0.945704,grouped,88
8529,3030583070123076,1.013886,0.795988,not_clean,-1
8530,3011297070104618,-0.499222,-0.131011,not_clean,-1
8531,3076419010124925,0.541090,0.504771,grouped,128
8532,3074513020100173,-2.224205,-1.189205,grouped,211
8533,3067226010100102,-3.052444,-1.695787,grouped,92
8534,3074513020100160,-2.170226,-1.156478,grouped,147
8535,3040034010122470,-0.998557,-0.439576,not_clean,-1
8536,3011297070113396,-0.490315,-0.128610,not_clean,-1
8537,3010326130120262,-1.445061,-0.713343,grouped,180
8538,3040034010121040,-0.977819,-0.427429,grouped,185
8539,3011297080121120,-0.678658,-0.244326,not_clean,-1
8540,3040658020120460,-1.271506,-0.607955,grouped,199
8541,3011297120142751,0.221014,0.304013,not_clean,-1
8542,3011135010141621,-0.310295,-0.021400,grouped,346
8543,3086551010100434,-2.896138,-1.604356,grouped,206
8544,3086551010100363,-2.746309,-1.513070,grouped,270
8545,3076419010123014,0.540249,0.498513,not_clean,-1
8546,3074513020100061,-2.187922,-1.171957,not_clean,-1
8547,3086551010100401,-2.881748,-1.596464,grouped,320
8548,3040034010120765,-1.080524,-0.494589,grouped,179
8549,3030583070121302,0.923855,0.731828,grouped,12
8550,3040658020120089,-1.233412,-0.589103,not_clean,-1
8551,3040034010120544,-1.117362,-0.519675,grouped,188
8552,3011297120141488,0.124300,0.240510,not_clean,-1
8553,3030583070121361,0.955413,0.748754,grouped,203
8554,3076318030100183,-1.971636,-1.043502,grouped,8
8555,3040658020120315,-1.331139,-0.653407,grouped,187
8556,3076419010121173,0.383914,0.396326,grouped,88
8557,3011297120140302,0.070575,0.204411,not_clean,-1
8558,3011297070100187,-0.405805,-0.088508,not_clean,-1
8559,3011297080120163,-0.644907,-0.234899,not_clean,-1
8560,3020120010120604,1.226125,0.909659,not_clean,-1
8561,3011297070140304,-0.353013,-0.057137,not_clean,-1
8562,3088601090121881,-1.887182,-0.997370,grouped,5
8563,3011297120144650,0.125354,0.234395,not_clean,-1
8564,3080168020123776,0.728374,0.603445,not_clean,-1
8565,3011135010141949,-0.300969,-0.027390,not_clean,-1
8566,3067226010100043,-2.963965,-1.656684,grouped,77
8567,3011297070104587,-0.498087,-0.148513,grouped,352
8568,3011297120142936,0.097812,0.215691,not_clean,-1
8569,3076419010120708,0.481359,0.450131,grouped,16
8570,3074513020100034,-2.287237,-1.244923,grouped,106
8571,3074513020100063,-2.134012,-1.151340,grouped,122
8572,3040034010120717,-0.950690,-0.427772,not_clean,-1
8573,3011297070102867,-0.427513,-0.107553,not_clean,-1
8574,3011297070101343,-0.463326,-0.129726,not_clean,-1
8575,3011297070103965,-0.449387,-0.121328,grouped,355
8576,3080168020122250,0.679084,0.569188,grouped,205
8577,3011297070140553,-0.400664,-0.092248,not_clean,-1
8578,3020120010121517,1.214937,0.895977,not_clean,-1
8579,3011297080121242,-0.670470,-0.258195,not_clean,-1
8580,3086551010100227,-2.781696,-1.549778,not_clean,-1
8581,3067226010100337,-2.991821,-1.678615,grouped,150
8582,3074513020100155,-2.408641,-1.322431,grouped,13
8583,3011297070101722,-0.454650,-0.127356,not_clean,-1
8584,3086551010101017,-2.749486,-1.531406,not_clean,-1
8585,3011297080121234,-0.687292,-0.270302,grouped,346
8586,3067226010100276,-2.951280,-1.655596,not_clean,-1
8587,3040034010121612,-1.132516,-0.544203,grouped,336
8588,3086551010100029,-2.673810,-1.487130,not_clean,-1
8589,3086551010100027,-2.926327,-1.642865,grouped,117
8590,3030288280120062,0.376453,0.377674,grouped,28
8591,3011297120142802,0.059585,0.182592,not_clean,-1
8592,3011297070100810,-0.338833,-0.061745,not_clean,-1
8593,3086551010100576,-2.765687,-1.546319,grouped,77
8594,3030583070124801,1.055267,0.791419,not_clean,-1
8595,3076419010122596,0.434655,0.410699,grouped,19
8596,3011297070100512,-0.504418,-0.164332,not_clean,-1
8597,3011297070100598,-0.478542,-0.148515,grouped,349
8598,3011297070106906,-0.594215,-0.220268,grouped,347
8599,3040034010121629,-1.095012,-0.527264,not_clean,-1
8600,3030583070122954,1.084832,0.806761,not_clean,-1
8601,3011297070100421,-0.385604,-0.093262,not_clean,-1
8602,3074839120120535,-1.384496,-0.704567,grouped,178
8603,3088601090122773,-1.821405,-0.971883,grouped,270
8604,3074513020100228,-2.370736,-1.308259,not_clean,-1
8605,3010326130120696,-1.661557,-0.874960,not_clean,-1
8606,3040034010121730,-0.933688,-0.429641,not_clean,-1
8607,3040658020121237,-1.361326,-0.691599,not_clean,-1
8608,3011297170120121,-0.752433,-0.319525,grouped,343
8609,3074513020100058,-2.306998,-1.270713,grouped,21
8610,3086551010100805,-2.906656,-1.637297,grouped,112
8611,3040034010121245,-1.003796,-0.474601,not_clean,-1
8612,3011297120141838,0.225673,0.277753,not_clean,-1
8613,3010326130121307,-1.719292,-0.912970,grouped,122
8614,3030583070123797,1.141499,0.837400,not_clean,-1
8615,3074513020100108,-2.321263,-1.281246,grouped,206
8616,3067226010100171,-3.027495,-1.713088,not_clean,-1
8617,3011297120142084,0.121066,0.212615,not_clean,-1
8618,3074513020100094,-2.177031,-1.194160,grouped,43
8619,3076318030100272,-2.014683,-1.095722,not_clean,-1
8620,3088601040120162,-1.762837,-0.941842,grouped,205
8621,3086551010100834,-2.853085,-1.608498,grouped,119
8622,3040034010122082,-0.901499,-0.416255,grouped,185
8623,3074513020100301,-2.343943,-1.298856,grouped,206
8624,3011297070104421,-0.407545,-0.114704,not_clean,-1
8625,3074839120121977,-1.359605,-0.697631,not_clean,-1
8626,3074513020100202,-2.273890,-1.256822,grouped,69
8627,3030583070121017,1.109230,0.812677,not_clean,-1
8628,3011297070103328,-0.366054,-0.090080,not_clean,-1
8629,3010326130121882,-1.645784,-0.873394,grouped,15
8630,3074513020100035,-2.303157,-1.275680,grouped,318
8631,3086551010100690,-2.749377,-1.548500,grouped,207
8632,3088601040120589,-1.782028,-0.957241,grouped,147
8633,3074513020100394,-2.445888,-1.364153,not_clean,-1
8634,3074513020100240,-2.128833,-1.170584,grouped,119
8635,3076419010120273,0.467172,0.416235,grouped,325
8636,3040658020120003,-1.288547,-0.658122,not_clean,-1
8637,3011297070101422,-0.518172,-0.186898,not_clean,-1
8638,3011297070103484,-0.377911,-0.102944,not_clean,-1
8639,3030583070120319,0.986989,0.732035,not_clean,-1
8640,3074513020100027,-2.286915,-1.270852,grouped,108
8641,3088601090120110,-1.843177,-0.999895,grouped,10
8642,3011297070101361,-0.338132,-0.079460,not_clean,-1
8643,3040034010120918,-1.088344,-0.539094,grouped,187
8644,3074513020100004,-2.216215,-1.229797,grouped,42
8645,3011297040140296,0.154814,0.220170,not_clean,-1
8646,3010326130120026,-1.518836,-0.804410,grouped,187
8647,3040034010120495,-0.916382,-0.436439,not_clean,-1
8648,3040034010121996,-1.020511,-0.500402,grouped,182
8649,3011297070100205,-0.370903,-0.103352,grouped,349
8650,3074513020100239,-2.407656,-1.348950,grouped,85
8651,3076419010127351,0.577122,0.476623,not_clean,-1
8652,3040034010120518,-1.010218,-0.495155,grouped,182
8653,3080168020121648,0.746730,0.579714,grouped,88
8654,3086551010100354,-2.784374,-1.579953,grouped,122
8655,3011297070102317,-0.530996,-0.202249,not_clean,-1
8656,3011297070105398,-0.503692,-0.185856,not_clean,-1
8657,3040034010124031,-0.921988,-0.442123,not_clean,-1
8658,3076419010123064,0.472588,0.410570,not_clean,-1
8659,3076318030100141,-1.977765,-1.088944,grouped,205
8660,3011297170120684,-0.719993,-0.319788,not_clean,-1
8661,3040658020120334,-1.343949,-0.701859,grouped,190
8662,3076318030100098,-1.997660,-1.103113,grouped,318
8663,3040034010121383,-1.066925,-0.534155,grouped,178
8664,3030583070126249,0.874274,0.653099,not_clean,-1
8665,3086551010101244,-2.717728,-1.543513,grouped,112
8666,3074513020100136,-2.191961,-1.222646,grouped,105
8667,3088601090120625,-1.850795,-1.014236,grouped,112
8668,3086551010100073,-2.776171,-1.579819,grouped,245
8669,3074513020100284,-2.303762,-1.291250,grouped,112
8670,3010326130120297,-1.708445,-0.927506,grouped,41
8671,3011297040142597,0.152861,0.210933,grouped,199
8672,3074513020100110,-2.330156,-1.307760,grouped,206
8673,3011297080103494,-0.608945,-0.256971,not_clean,-1
8674,3074513020100091,-2.181055,-1.218758,grouped,122
8675,3086551010100635,-2.765981,-1.576285,not_clean,-1
8676,3074513020100052,-2.234100,-1.251456,grouped,116
8677,3040034010121902,-0.870691,-0.418563,grouped,180
8678,3011297040141712,0.162167,0.213092,grouped,182
8679,3074513020100103,-2.169789,-1.213206,not_clean,-1
8680,3088601090120859,-1.862436,-1.025752,not_clean,-1
8681,3011297040145464,0.186969,0.226915,not_clean,-1
8682,3067226010100009,-3.047330,-1.750520,grouped,150
8683,3011297040140556,0.229547,0.251973,grouped,180
8684,3040658020121495,-1.141998,-0.587055,grouped,344
8685,3074513020100099,-2.395331,-1.353195,grouped,338
8686,3011297070104241,-0.422485,-0.147052,not_clean,-1
8687,3074513020100144,-2.318922,-1.306679,grouped,119
8688,3055395020100241,-2.892954,-1.657671,grouped,115
8689,3011297070100793,-0.510798,-0.202499,not_clean,-1
8690,3055395020100122,-2.823914,-1.616680,not_clean,-1
8691,3040034010121011,-0.881123,-0.429916,not_clean,-1
8692,3074513020100379,-2.349782,-1.328467,not_clean,-1
8693,3055395020100163,-2.799226,-1.602999,not_clean,-1
8694,3074513020100105,-2.238804,-1.261349,grouped,262
8695,3055395020100193,-2.895905,-1.662895,grouped,307
8696,3086551010100053,-2.784812,-1.595324,not_clean,-1
8697,3010326130121573,-1.628113,-0.889322,grouped,316
8698,3074513020100177,-2.227253,-1.255896,grouped,113
8699,3011297080120845,-0.663185,-0.300162,not_clean,-1
8700,3055395020100114,-2.848051,-1.636531,not_clean,-1
8701,3040034010122685,-0.936413,-0.468627,grouped,182
8702,3074513020100249,-2.304050,-1.304946,not_clean,-1
8703,3040034010121144,-1.068876,-0.550283,grouped,197
8704,3030583070121314,0.927082,0.669464,grouped,17
8705,3055395020100292,-2.816333,-1.619800,grouped,209
8706,3074513020100150,-2.245005,-1.271437,grouped,112
8707,3076318030100146,-1.930577,-1.079459,grouped,8
8708,3076419010127038,0.489022,0.399683,grouped,19
8709,3074513020100152,-2.195573,-1.242111,grouped,209
8710,3030583070122463,0.992333,0.706801,grouped,4
8711,3055395020100060,-2.806172,-1.615168,not_clean,-1
8712,3040034010120301,-0.825204,-0.405128,grouped,187
8713,3086551010100045,-2.769882,-1.593657,not_clean,-1
8714,3040034010120759,-0.872634,-0.434697,not_clean,-1
8715,3055395020100075,-2.779388,-1.600166,grouped,125
8716,3040034010121178,-0.838466,-0.416460,grouped,204
8717,3055395020100064,-2.790279,-1.610101,not_clean,-1
8718,3069464010121675,-0.650944,-0.303338,grouped,336
8719,3074513020100172,-2.066316,-1.169315,not_clean,-1
8720,3076318030100178,-1.982019,-1.118576,grouped,85
8721,3011297070102768,-0.374651,-0.137170,not_clean,-1
8722,3076419010121761,0.492031,0.392507,grouped,13
8723,3011297040140800,0.163698,0.191623,not_clean,-1
8724,3076419010120372,0.601097,0.458956,grouped,13
8725,3040034010120585,-0.841399,-0.423084,not_clean,-1
8726,3011297070100982,-0.341985,-0.118108,not_clean,-1
8727,3074513020100114,-2.101295,-1.193624,not_clean,-1
8728,3074513020100030,-2.162109,-1.232920,grouped,208
8729,3040034010121438,-0.959255,-0.498401,grouped,179
8730,3074513020100322,-2.238653,-1.280312,not_clean,-1
8731,3040034010120828,-0.729014,-0.357776,grouped,198
8732,3011297040140677,0.110527,0.155082,not_clean,-1
8733,3074513020100015,-2.167344,-1.237337,grouped,208
8734,3055395020100160,-2.801996,-1.624874,not_clean,-1
8735,3040034010121787,-0.875085,-0.448277,grouped,190
8736,3040658020120584,-1.155547,-0.620294,not_clean,-1
8737,3055395020100251,-2.797433,-1.623213,not_clean,-1
8738,3055395020100002,-2.851312,-1.656221,grouped,338
8739,3074513020100135,-2.253079,-1.293679,grouped,90
8740,3069464010120497,-0.638351,-0.307019,not_clean,-1
8741,3030583070122263,1.101152,0.756156,grouped,76
8742,3086551010100066,-2.703522,-1.568970,grouped,150
8743,3030583070121252,1.080943,0.742582,grouped,254
8744,3069464010183275,-0.608632,-0.290989,not_clean,-1
8745,3011297070101994,-0.480547,-0.213145,not_clean,-1
8746,3074513020100107,-2.184943,-1.255218,grouped,126
8747,3040034010121991,-0.912910,-0.478306,not_clean,-1
8748,3074513020100156,-2.391930,-1.381949,grouped,206
8749,3040034010121372,-0.771252,-0.392112,not_clean,-1
8750,3055395020100204,-2.905188,-1.696213,grouped,113
8751,3074513020100130,-2.148653,-1.234511,grouped,314
8752,3076419010122278,0.568976,0.426220,not_clean,-1
8753,3040658020121723,-1.194589,-0.651982,not_clean,-1
8754,3040034010120541,-0.952954,-0.504510,grouped,202
8755,3080168030120859,0.723542,0.519571,grouped,34
8756,3074513020100306,-2.083521,-1.196189,grouped,318
8757,3055395020100020,-2.837976,-1.657038,grouped,308
8758,3074513020100137,-2.196339,-1.266782,grouped,122
8759,3074513020100237,-2.161396,-1.245853,not_clean,-1
8760,3080168030124465,0.826859,0.579797,grouped,302
8761,3055395020100415,-2.900869,-1.698391,grouped,113
8762,3010326130120813,-1.700368,-0.965624,grouped,80
8763,3076318030100293,-1.943715,-1.114356,grouped,338
8764,3010326130121042,-1.518589,-0.855374,not_clean,-1
8765,3040034010121202,-0.909435,-0.483974,not_clean,-1
8766,3074513020100190,-2.374899,-1.379608,grouped,147
8767,3086551010100402,-2.717651,-1.589901,grouped,112
8768,3011297040142458,0.173076,0.175755,not_clean,-1
8769,3011297070142144,-0.297869,-0.112441,not_clean,-1
8770,3011297070105432,-0.332189,-0.135379,not_clean,-1
8771,3074513020100092,-2.220865,-1.290037,not_clean,-1
8772,3030583070122321,1.091216,0.733474,not_clean,-1
8773,3040034010121665,-0.866960,-0.463333,grouped,182
8774,3076318030100147,-2.013962,-1.164098,grouped,207
8775,3055395020100285,-2.781046,-1.633107,grouped,245
8776,3074513020100116,-2.086912,-1.209998,grouped,70
8777,3011135010140786,0.109822,0.131829,not_clean,-1
8778,3086551010100422,-2.684264,-1.575074,grouped,112
8779,3076419010120056,0.522531,0.381861,grouped,16
8780,3074513020100043,-2.173228,-1.267193,grouped,122
8781,3074513020100149,-2.339443,-1.368870,grouped,210
8782,3011297070104339,-0.545989,-0.273602,not_clean,-1
8783,3076419010120667,0.547835,0.394597,grouped,347
8784,3076419010125087,0.602402,0.427687,not_clean,-1
8785,3076419010126415,0.590725,0.420491,grouped,128
8786,3074513020100391,-2.402990,-1.408479,grouped,115
8787,3074513020100151,-2.372218,-1.389797,grouped,338
8788,3030583070125252,1.090303,0.725413,not_clean,-1
8789,3010326130121230,-1.543676,-0.884022,grouped,19
8790,3074513020100006,-2.225902,-1.300892,grouped,72
8791,3040034010120262,-0.832935,-0.450185,not_clean,-1
8792,3074513020100154,-2.256789,-1.320222,grouped,338
8793,3040034010123106,-0.888849,-0.485795,not_clean,-1
8794,3080168030124392,0.765534,0.524839,not_clean,-1
8795,3010326130121413,-1.461497,-0.836645,grouped,186
8796,3074513020100179,-2.297863,-1.347962,grouped,113
8797,3076419010120779,0.530507,0.379626,not_clean,-1
8798,3076419010120853,0.631167,0.441041,grouped,16
8799,3055395020100582,-2.872121,-1.698567,grouped,245
8800,3055395020100424,-2.855874,-1.689439,not_clean,-1
8801,3074513020100265,-2.212792,-1.298349,not_clean,-1
8802,3055395020100717,-2.711414,-1.603639,not_clean,-1
8803,3010326130120138,-1.611417,-0.932409,grouped,22
8804,3074513020100010,-2.166214,-1.271223,grouped,21
8805,3011297040141267,0.149218,0.142655,grouped,197
8806,3074513020100234,-2.147687,-1.261725,grouped,112
8807,3011297070101774,-0.395632,-0.192055,not_clean,-1
8808,3074513020100084,-2.034285,-1.193691,grouped,184
8809,3076318030100264,-1.889637,-1.105649,grouped,270
8810,3040034010120377,-0.927320,-0.518758,not_clean,-1
8811,3010326130120124,-1.573989,-0.913784,not_clean,-1
8812,3011297040140445,0.203512,0.171753,not_clean,-1
8813,3040034010120628,-0.842613,-0.468318,grouped,180
8814,3069464010181069,-0.605010,-0.323307,not_clean,-1
8815,3069464010173780,-0.624561,-0.336333,not_clean,-1
8816,3040034010122311,-0.712407,-0.390856,not_clean,-1
8817,3011297040103742,0.327067,0.244016,grouped,185
8818,3030583070122366,1.090884,0.710338,grouped,325
8819,3040034010123316,-0.887777,-0.498654,not_clean,-1
8820,3011297070102797,-0.442287,-0.226522,not_clean,-1
8821,3055395020100509,-2.919779,-1.739421,not_clean,-1
8822,3076314010121534,-0.683902,-0.375089,not_clean,-1
8823,3069464010166302,-0.567003,-0.304326,grouped,343
8824,3076318030100023,-1.999699,-1.179287,grouped,112
8825,3030583070122950,1.031016,0.670106,grouped,0
8826,3076318030100049,-1.919653,-1.133432,not_clean,-1
8827,3055395020100370,-2.824634,-1.686602,grouped,75
8828,3011297040143353,0.252227,0.191060,not_clean,-1
8829,3076318030100325,-1.883415,-1.113603,grouped,124
8830,3074513020100213,-2.154266,-1.279057,grouped,42
8831,3011297040142686,0.148578,0.126894,not_clean,-1
8832,3076419010120022,0.649646,0.432918,grouped,88
8833,3080168040121164,-0.643637,-0.357057,grouped,344
8834,3055395020100120,-2.752334,-1.644241,not_clean,-1
8835,3076419010124095,0.715080,0.472180,not_clean,-1
8836,3074513020100014,-2.083973,-1.237150,grouped,211
8837,3076419010121301,0.558496,0.375926,grouped,199
8838,3074513020100069,-2.111792,-1.254774,grouped,208
8839,3074513020100029,-2.026852,-1.203142,grouped,208
8840,3055395020100038,-2.704227,-1.617178,not_clean,-1
8841,3080168030125822,0.859373,0.558103,grouped,19
8842,3010326130122124,-1.540508,-0.907600,not_clean,-1
8843,3040658020120248,-1.137287,-0.661500,grouped,186
8844,3074839120123161,-1.296253,-0.758986,grouped,151
8845,3086551010100779,-2.657909,-1.589842,not_clean,-1
8846,3076318030100192,-1.886775,-1.120207,grouped,323
8847,3074513020100072,-2.205637,-1.315517,not_clean,-1
8848,3076419010125897,0.543755,0.362870,grouped,349
8849,3076419010122565,0.490283,0.329664,grouped,37
8850,3076318030100324,-1.965226,-1.169788,not_clean,-1
8851,3076419010123970,0.527019,0.351708,not_clean,-1
8852,3074513020100294,-2.120428,-1.265868,not_clean,-1
8853,3040034010121530,-0.920783,-0.533650,not_clean,-1
8854,3080168030122871,0.891664,0.571718,grouped,57
8855,3030173010181390,-0.581472,-0.329223,not_clean,-1
8856,3074513020100199,-2.227084,-1.333911,grouped,113
8857,3040034010122334,-0.989403,-0.579149,grouped,37
8858,3076419010122314,0.463416,0.307542,grouped,184
8859,3076419010120421,0.735027,0.472599,grouped,25
8860,3074513020100040,-2.182204,-1.309597,grouped,112
8861,3010326130120277,-1.495852,-0.893022,not_clean,-1
8862,3074513020100088,-2.169721,-1.304669,grouped,112
8863,3011297070103181,-0.330140,-0.181974,not_clean,-1
8864,3080168040180924,-0.614633,-0.356205,not_clean,-1
8865,3010326130120826,-1.500954,-0.897779,not_clean,-1
8866,3074513020100065,-2.324933,-1.401372,grouped,270
8867,3076419010121202,0.678622,0.431639,grouped,203
8868,3040034010121564,-0.961983,-0.570177,not_clean,-1
8869,3074513020100008,-2.238384,-1.349638,grouped,112
8870,3080168040122744,-0.631664,-0.369246,grouped,204
8871,3076318030100020,-1.753607,-1.054122,not_clean,-1
8872,3010326130120186,-1.488641,-0.892676,not_clean,-1
8873,3055395020100365,-2.894275,-1.750147,not_clean,-1
8874,3080168030120051,0.883510,0.554992,grouped,88
8875,3074513020100041,-2.146520,-1.295725,grouped,117
8876,3080168040121833,-0.655978,-0.386279,grouped,205
8877,3080168030124005,0.809883,0.507755,grouped,349
8878,3055395020100080,-2.968287,-1.797732,grouped,114
8879,3055395020100232,-2.787535,-1.690462,grouped,71
8880,3074513020100162,-2.021128,-1.223826,not_clean,-1
8881,3074513020100221,-2.037043,-1.233930,not_clean,-1
8882,3011297070102635,-0.311666,-0.181986,not_clean,-1
8883,3076419010125840,0.586172,0.366052,not_clean,-1
8884,3074513020100036,-2.061522,-1.250543,not_clean,-1
8885,3011297040102822,0.236462,0.151155,not_clean,-1
8886,3011297040142036,0.200229,0.128704,not_clean,-1
8887,3080168040171953,-0.610293,-0.366572,grouped,182
8888,3076419010121699,0.511361,0.318056,grouped,349
8889,3076318030100244,-1.922414,-1.167682,not_clean,-1
8890,3040034010121261,-0.854494,-0.516164,not_clean,-1
8891,3011297040120585,0.355615,0.221316,not_clean,-1
8892,3080168040123404,-0.651863,-0.394145,not_clean,-1
8893,3011297070100914,-0.332119,-0.199221,not_clean,-1
8894,3040034010121805,-0.695263,-0.421282,not_clean,-1
8895,3082493090121132,1.077623,0.660890,grouped,81
8896,3055395020100658,-2.843255,-1.731558,grouped,115
8897,3011297070101649,-0.343898,-0.207577,not_clean,-1
8898,3011297040142289,0.209729,0.130361,not_clean,-1
8899,3074513020100077,-2.089356,-1.273092,grouped,119
8900,3080168040167909,-0.619131,-0.377733,grouped,196
8901,3010326130120036,-1.288599,-0.786580,not_clean,-1
8902,3076419010124480,0.744285,0.453861,grouped,35
8903,3074513020100087,-2.171567,-1.325510,grouped,112
8904,3076419010121959,0.622373,0.379071,grouped,20
8905,3076419010120088,0.451430,0.274672,not_clean,-1
8906,3011297040141160,0.178476,0.107815,not_clean,-1
8907,3055395020100314,-2.769481,-1.690751,not_clean,-1
8908,3067226010100025,-2.993424,-1.829255,grouped,147
8909,3040034010122041,-0.683089,-0.420708,not_clean,-1
8910,3074513020100021,-2.123657,-1.299764,grouped,120
8911,3074513020100120,-2.183399,-1.336235,grouped,117
8912,3074513020100329,-2.152158,-1.317265,not_clean,-1
8913,3080168030120138,0.811625,0.490999,grouped,76
8914,3040034010120452,-0.822097,-0.506397,not_clean,-1
8915,3074513020100296,-2.130746,-1.305005,not_clean,-1
8916,3076419010123691,0.662104,0.398879,not_clean,-1
8917,3076318030100276,-1.871832,-1.147494,grouped,43
8918,3055395020100451,-2.930362,-1.792924,not_clean,-1
8919,3074513020100163,-2.089423,-1.280691,grouped,8
8920,3010326130122420,-1.651736,-1.014243,grouped,3
8921,3076419010121386,0.551810,0.330310,grouped,128
8922,3040658020123062,-1.163404,-0.716906,not_clean,-1
8923,3011297040121948,0.390474,0.231396,not_clean,-1
8924,3076419010123367,0.674635,0.403796,not_clean,-1
8925,3011297070101858,-0.337001,-0.213802,not_clean,-1
8926,3076318030100153,-1.837502,-1.129751,grouped,338
8927,3080168040182481,-0.591237,-0.370004,grouped,261
8928,3040034010120022,-0.927162,-0.575397,not_clean,-1
8929,3076419010125715,0.631980,0.375875,grouped,37
8930,3011297070100418,-0.305425,-0.196930,not_clean,-1
8931,3080168030122744,0.827329,0.493475,grouped,361
8932,3076314010120950,-0.668257,-0.419322,not_clean,-1
8933,3080168030124358,0.995972,0.595632,grouped,349
8934,3055395020100088,-2.641958,-1.623610,not_clean,-1
8935,3040034010121835,-0.971067,-0.604868,not_clean,-1
8936,3076419010120661,0.544669,0.318929,grouped,128
8937,3076318030100143,-1.858912,-1.147706,nan_hardness,-1
8938,3011297040102682,0.240898,0.132890,not_clean,-1
8939,3010326130120782,-1.426926,-0.884880,not_clean,-1
8940,3040658020120554,-1.088371,-0.678469,not_clean,-1
8941,3055395020100059,-2.689368,-1.654801,grouped,113
8942,3011297070100939,-0.459868,-0.295641,not_clean,-1
8943,3074513020100175,-2.228731,-1.374944,grouped,270
8944,3074513020100126,-2.168309,-1.338295,grouped,112
8945,3011297070102096,-0.271687,-0.181848,not_clean,-1
8946,3080168030120659,1.017367,0.604510,not_clean,-1
8947,3076318030100122,-1.924223,-1.190381,grouped,323
8948,3040034010120098,-0.913922,-0.574481,not_clean,-1
8949,3055395020100185,-2.795141,-1.721358,grouped,311
8950,3074839120120446,-1.241881,-0.774725,grouped,205
8951,3074839120120445,-1.237054,-0.772114,grouped,147
8952,3055395020100033,-2.702527,-1.665875,grouped,24
8953,3076419010121368,0.468866,0.268024,grouped,128
8954,3082493090120756,1.088420,0.645701,grouped,26
8955,3076419010124150,0.745685,0.436390,not_clean,-1
8956,3074513020100024,-2.308699,-1.426840,grouped,24
8957,3080168030121055,0.970881,0.573438,grouped,19
8958,3055395020100155,-2.757820,-1.701210,grouped,43
8959,3080168030120911,0.876022,0.514856,not_clean,-1
8960,3074513020100138,-2.001226,-1.240676,grouped,207
8961,3055395020100507,-2.658996,-1.641679,not_clean,-1
8962,3074513020100166,-2.217446,-1.372718,grouped,311
8963,3040034010121115,-0.680150,-0.435401,not_clean,-1
8964,3011297040102075,0.315817,0.172286,not_clean,-1
8965,3011297070100489,-0.362771,-0.241915,not_clean,-1
8966,3011297070103894,-0.372956,-0.248388,not_clean,-1
8967,3080168040122384,-0.644855,-0.414409,grouped,277
8968,3040034010121218,-0.671433,-0.431729,not_clean,-1
8969,3011297070101072,-0.448859,-0.296004,not_clean,-1
8970,3074839120122247,-1.131170,-0.713027,not_clean,-1
8971,3074513020100017,-2.290711,-1.420686,grouped,270
8972,3076419010123647,0.682453,0.392375,not_clean,-1
8973,3040034010121434,-0.787986,-0.504942,not_clean,-1
8974,3076318030100081,-1.884797,-1.173943,grouped,17
8975,3040034010120754,-0.712885,-0.459562,grouped,201
8976,3040034010120829,-0.708937,-0.457568,not_clean,-1
8977,3074513020100333,-2.205612,-1.370489,not_clean,-1
8978,3074513020100194,-2.316429,-1.438048,grouped,207
8979,3040034010122095,-1.024017,-0.651198,not_clean,-1
8980,3074513020100252,-2.182559,-1.358324,grouped,114
8981,3076318030100016,-1.925866,-1.204474,grouped,24
8982,3080168030121821,0.857370,0.492156,not_clean,-1
8983,3074513020100071,-2.142258,-1.337472,grouped,115
8984,3076318030100226,-1.931269,-1.208926,not_clean,-1
8985,3011297040140303,0.203246,0.091462,not_clean,-1
8986,3076419010122108,0.545498,0.299994,grouped,36
8987,3040034010120537,-0.695529,-0.457419,not_clean,-1
8988,3074513020100095,-2.150189,-1.344723,grouped,116
8989,3074513020100205,-2.313344,-1.444432,grouped,119
8990,3055395020100246,-2.889980,-1.795631,grouped,338
8991,3055395020100063,-2.655241,-1.652839,grouped,150
8992,3074839120121813,-1.089456,-0.700340,not_clean,-1
8993,3040034010122845,-0.939641,-0.609193,grouped,184
8994,3076318030100007,-1.866170,-1.175063,grouped,323
8995,3040034010121154,-0.673658,-0.448010,not_clean,-1
8996,3040034010130935,-0.712344,-0.471722,grouped,199
8997,3040034010122996,-0.865304,-0.565458,grouped,202
8998,3010326130120761,-1.419224,-0.903516,not_clean,-1
8999,3040034010121861,-0.667495,-0.445856,not_clean,-1
9000,3076318030100018,-1.906046,-1.202214,grouped,208
9001,3055395020100220,-2.636891,-1.647845,not_clean,-1
9002,3055395020100514,-2.974265,-1.853258,grouped,114
9003,3074513020100059,-2.039944,-1.284469,grouped,115
9004,3011297040104112,0.212397,0.088750,not_clean,-1
9005,3074839120122113,-1.249459,-0.803552,grouped,337
9006,3040034010121049,-0.731605,-0.487886,not_clean,-1
9007,3040034010120499,-0.958425,-0.627169,not_clean,-1
9008,3010326130121683,-1.291023,-0.830962,grouped,35
9009,3040034010121437,-0.719650,-0.482949,not_clean,-1
9010,3055395020101065,-2.965280,-1.852462,not_clean,-1
9011,3010326130123175,-1.325402,-0.853862,grouped,190
9012,3011297070101517,-0.347862,-0.257803,not_clean,-1
9013,3040034010121450,-0.698576,-0.471694,not_clean,-1
9014,3076419010122685,0.535362,0.280565,grouped,186
9015,3055395020100188,-2.817517,-1.763564,not_clean,-1
9016,3076318030100345,-1.974027,-1.250151,not_clean,-1
9017,3040034010120304,-0.680182,-0.461528,grouped,200
9018,3080168030124030,0.881189,0.490140,grouped,37
9019,3080168040182768,-0.547177,-0.381210,grouped,346
9020,3074513020100062,-2.357384,-1.484944,grouped,210
9021,3074513020100078,-2.248390,-1.419089,grouped,106
9022,3011297040100354,0.219126,0.084775,not_clean,-1
9023,3055395020100392,-2.947715,-1.845391,grouped,297
9024,3074513020100038,-2.052200,-1.300871,not_clean,-1
9025,3040034010121237,-0.990382,-0.653901,grouped,35
9026,3076419010121260,0.709230,0.381113,grouped,35
9027,3010326130120656,-1.555599,-1.001607,grouped,203
9028,3074513020100050,-2.029965,-1.290929,not_clean,-1
9029,3076419010123750,0.545988,0.277808,grouped,349
9030,3076419010123943,0.598138,0.309477,grouped,34
9031,3076318030100012,-1.908946,-1.219674,grouped,3
9032,3080168030121016,1.065822,0.593685,grouped,16
9033,3076419010122923,0.702433,0.372006,grouped,134
9034,3080168030124259,0.794861,0.428113,grouped,128
9035,3011297040102956,0.280202,0.114120,not_clean,-1
9036,3010326130121060,-1.573984,-1.016475,no_nh_contour,-1
9037,3074513020100288,-2.211490,-1.405807,not_clean,-1
9038,3055395020100291,-2.704800,-1.707447,not_clean,-1
9039,3040034010120553,-0.825509,-0.563230,not_clean,-1
9040,3030288300180245,-0.465060,-0.343658,not_clean,-1
9041,3074513020100102,-2.276550,-1.448278,grouped,119
9042,3030288300100547,-0.433465,-0.325309,not_clean,-1
9043,3080168030123277,0.949591,0.516431,grouped,25
9044,3074513020100005,-2.232947,-1.423457,grouped,120
9045,3011297040100701,0.248202,0.088544,grouped,204
9046,3086551010100050,-2.822346,-1.782710,grouped,90
9047,3086551010100041,-2.764433,-1.747918,grouped,113
9048,3011297040120395,0.345873,0.146846,not_clean,-1
9049,3055395020100189,-2.658676,-1.684290,grouped,150
9050,3080168030122216,0.841245,0.448266,grouped,261
9051,3076419010120379,0.537723,0.262380,grouped,180
9052,3030288300100863,-0.428289,-0.327309,not_clean,-1
9053,3074839120122294,-1.120517,-0.749634,not_clean,-1
9054,3076318030100200,-1.838923,-1.187357,not_clean,-1
9055,3080168050125866,-1.024357,-0.691620,not_clean,-1
9056,3010326130120467,-1.322692,-0.874098,grouped,181
9057,3040034010123418,-0.837532,-0.578801,grouped,202
9058,3080168030124235,0.851670,0.450376,not_clean,-1
9059,3080168030126189,0.796720,0.415921,grouped,38
9060,3030288300180406,-0.468722,-0.356012,not_clean,-1
9061,3074513020100074,-2.187000,-1.403018,grouped,117
9062,3074513020100056,-2.022243,-1.302779,grouped,316
9063,3074513020100233,-2.104039,-1.352615,grouped,113
9064,3074513020100039,-2.346266,-1.500582,grouped,113
9065,3011135010100368,0.178424,0.037720,not_clean,-1
9066,3074513020100262,-2.212164,-1.419518,not_clean,-1
9067,3076318030100001,-1.944802,-1.256985,grouped,207
9068,3076419010124643,0.582842,0.283231,grouped,81
9069,3074513020100019,-2.325416,-1.489164,grouped,270
9070,3010326130120428,-1.512474,-0.994816,grouped,143
9071,3074513020100057,-2.033181,-1.312074,grouped,74
9072,3074513020100047,-2.320293,-1.487089,grouped,204
9073,3076318030100193,-1.892315,-1.228782,not_clean,-1
9074,3076419010122057,0.577374,0.274934,grouped,198
9075,3074513020100025,-2.070202,-1.338411,grouped,338
9076,3074513020100271,-2.202590,-1.419130,not_clean,-1
9077,3074513020100083,-2.192599,-1.413169,grouped,116
9078,3010326130120159,-1.481238,-0.980367,grouped,75
9079,3010326130121051,-1.432725,-0.951159,grouped,19
9080,3074839120121566,-1.236460,-0.831665,grouped,179
9081,3076318030100060,-1.843584,-1.201476,grouped,338
9082,3076419010120040,0.654625,0.319974,grouped,26
9083,3080168030123098,0.991781,0.524900,grouped,34
9084,3086551010100014,-2.771883,-1.768678,grouped,338
9085,3040034010121503,-0.970259,-0.672159,grouped,26
9086,3010326130122563,-1.381563,-0.924257,not_clean,-1
9087,3074513020100185,-2.238981,-1.446882,not_clean,-1
9088,3076419010122107,0.610993,0.288708,not_clean,-1
9089,3010326130121787,-1.425820,-0.953573,grouped,21
9090,3074839120122391,-1.171082,-0.799187,grouped,347
9091,3010326130120538,-1.435898,-0.962104,not_clean,-1
9092,3074513020100054,-2.053779,-1.339472,grouped,112
9093,3040034010120849,-0.883069,-0.626562,grouped,37
9094,3040034010120172,-0.835476,-0.598094,grouped,184
9095,3076318030100080,-1.950164,-1.277723,not_clean,-1
9096,3076318030100142,-1.930200,-1.265957,not_clean,-1
9097,3076318030100209,-1.892622,-1.244558,grouped,69
9098,3074839120120196,-1.226331,-0.838859,grouped,188
9099,3030288300180169,-0.456469,-0.370484,not_clean,-1
9100,3055395020100072,-2.695091,-1.734273,not_clean,-1
9101,3055395020100131,-2.646065,-1.704624,grouped,297
9102,3074513020100128,-2.304907,-1.497490,grouped,45
9103,3080168040182055,-0.550939,-0.429577,grouped,346
9104,3030288300180106,-0.447383,-0.366934,not_clean,-1
9105,3074513020100148,-2.272961,-1.478855,grouped,77
9106,3076318030100033,-1.869327,-1.233458,grouped,70
9107,3011297100105767,-0.300015,-0.278520,not_clean,-1
9108,3074513020100174,-2.189270,-1.431660,not_clean,-1
9109,3040034010121112,-0.723680,-0.539757,not_clean,-1
9110,3086551010100159,-2.741963,-1.768520,grouped,113
9111,3011297040121739,0.384918,0.135086,not_clean,-1
9112,3030288300180151,-0.451505,-0.374606,not_clean,-1
9113,3076318030100070,-1.834271,-1.216793,grouped,207
9114,3076318030100106,-1.960020,-1.295096,grouped,43
9115,3011297040120047,0.428700,0.159780,not_clean,-1
9116,3088601040121198,-1.659549,-1.112417,not_clean,-1
9117,3040034010121533,-0.980295,-0.699009,grouped,262
9118,3074513020100053,-2.232821,-1.463228,grouped,117
9119,3074513020100131,-2.002710,-1.323620,grouped,42
9120,3055395020100132,-2.908628,-1.875048,grouped,147
9121,3076419010123390,0.576015,0.246280,not_clean,-1
9122,3040034010121740,-0.644416,-0.497744,grouped,261
9123,3076318030100145,-1.828995,-1.219687,nan_hardness,-1
9124,3040034010120778,-0.794391,-0.590001,grouped,199
9125,3011297040120646,0.378778,0.124673,not_clean,-1
9126,3074513020100042,-2.159762,-1.421509,grouped,338
9127,3011297040103384,0.266030,0.055320,grouped,201
9128,3040034010122794,-0.831936,-0.614365,not_clean,-1
9129,3055395020100400,-2.685493,-1.744132,grouped,115
9130,3040034010120463,-0.872645,-0.641584,grouped,34
9131,3010326130122243,-1.411185,-0.969598,grouped,181
9132,3080168030121050,0.869377,0.419217,grouped,196
9133,3074513020100227,-1.984608,-1.318893,grouped,8
9134,3011297040140261,0.223642,0.025532,not_clean,-1
9135,3076318030100111,-1.865070,-1.246554,grouped,207
9136,3074839120122015,-1.222907,-0.855899,not_clean,-1
9137,3074513020100203,-2.111557,-1.397549,not_clean,-1
9138,3030288300180093,-0.442698,-0.381711,not_clean,-1
9139,3076318030100097,-1.937916,-1.292557,grouped,85
9140,3020304020180022,-0.444543,-0.385123,not_clean,-1
9141,3080168030122446,1.090181,0.549611,grouped,349
9142,3076419010124425,0.650974,0.280947,grouped,25
9143,3074513020100089,-2.254065,-1.489008,grouped,21
9144,3076419010126261,0.703006,0.311318,not_clean,-1
9145,3076318030100055,-1.958225,-1.309610,grouped,207
9146,3076318030100068,-1.753194,-1.185017,grouped,310
9147,3040034010123837,-0.896862,-0.665039,grouped,35
9148,3011297040120202,0.451040,0.155810,not_clean,-1
9149,3030288300180006,-0.441217,-0.388174,not_clean,-1
9150,3074513020100125,-2.069854,-1.379876,grouped,112
9151,3055395020100090,-2.651623,-1.733730,grouped,207
9152,3055395020100096,-2.679574,-1.751287,grouped,150
9153,3055395020100032,-2.760397,-1.800508,grouped,113
9154,3074513020100129,-2.156287,-1.435877,grouped,113
9155,3055395020100117,-2.907654,-1.892905,nan_hardness,-1
9156,3080168040180340,-0.572332,-0.472221,not_clean,-1
9157,3011297150120293,0.573929,0.225332,not_clean,-1
9158,3074513020100085,-2.078418,-1.389532,grouped,117
9159,3030288300180031,-0.440440,-0.392788,not_clean,-1
9160,3030288300180109,-0.442666,-0.394498,not_clean,-1
9161,3076419010121657,0.737739,0.323775,grouped,25
9162,3010326130121518,-1.429567,-0.997764,grouped,147
9163,3074513020100323,-2.200270,-1.467526,not_clean,-1
9164,3010326130120521,-1.295464,-0.917436,grouped,203
9165,3076419010120084,0.599591,0.235760,grouped,179
9166,3040034010123402,-0.814765,-0.627030,not_clean,-1
9167,3080168050126228,-1.023406,-0.754386,not_clean,-1
9168,3040034010121156,-0.842455,-0.644339,not_clean,-1
9169,3080168050121643,-0.991020,-0.735439,not_clean,-1
9170,3011297040120505,0.496610,0.170006,grouped,348
9171,3082493090123941,1.129820,0.554761,not_clean,-1
9172,3080168050120374,-1.074574,-0.787849,not_clean,-1
9173,3040034010121295,-0.793109,-0.616576,grouped,182
9174,3010326130120783,-1.445832,-1.014181,not_clean,-1
9175,3076318030100186,-1.838419,-1.253455,grouped,208
9176,3076419010123407,0.629478,0.247873,grouped,184
9177,3010326130120832,-1.458659,-1.024584,grouped,338
9178,3011297040121086,0.488586,0.160808,not_clean,-1
9179,3011297100105558,-0.270551,-0.303015,not_clean,-1
9180,3010326130120830,-1.579707,-1.100856,grouped,85
9181,3011297150120262,0.550335,0.194234,grouped,128
9182,3055395020100621,-2.612909,-1.730744,not_clean,-1
9183,3011297150122261,0.580665,0.209565,grouped,179
9184,3011297040120328,0.447003,0.127954,not_clean,-1
9185,3074513020100032,-2.123370,-1.436679,grouped,119
9186,3080168040185811,-0.536372,-0.471690,grouped,261
9187,3011297040120246,0.440142,0.122776,not_clean,-1
9188,3055395020100648,-2.634735,-1.750515,not_clean,-1
9189,3076419010123870,0.643440,0.243239,not_clean,-1
9190,3074839120120829,-1.185609,-0.870091,grouped,183
9191,3011297100102611,-0.255838,-0.305441,not_clean,-1
9192,3074513020100139,-2.090254,-1.421925,grouped,112
9193,3055395020100034,-2.639128,-1.756267,not_clean,-1
9194,3011297040101078,0.341721,0.056155,not_clean,-1
9195,3080168050121273,-1.077941,-0.808130,not_clean,-1
9196,3011297040120316,0.448559,0.120267,not_clean,-1
9197,3040034010120850,-0.709497,-0.585223,grouped,202
9198,3074513020100100,-2.251203,-1.523071,grouped,43
9199,3080168050121487,-1.184443,-0.875114,grouped,34
9200,3076318030100218,-1.790490,-1.243895,grouped,43
9201,3011297100102198,-0.339219,-0.361174,not_clean,-1
9202,3011297150120811,0.562327,0.187094,not_clean,-1
9203,3010326130123518,-1.608707,-1.135908,not_clean,-1
9204,3055395020100006,-2.635797,-1.761001,not_clean,-1
9205,3055395020100016,-2.830274,-1.879541,grouped,208
9206,3014422010121549,0.728336,0.284351,grouped,199
9207,3011297100102875,-0.278044,-0.328201,not_clean,-1
9208,3080168050122091,-1.096621,-0.826357,not_clean,-1
9209,3015292010121554,-0.956975,-0.741979,grouped,26
9210,3015292010121099,-0.875017,-0.692595,grouped,34
9211,3074513020100216,-2.023135,-1.390893,grouped,112
9212,3074513020100140,-2.054308,-1.411206,grouped,11
9213,3040034010120367,-0.759098,-0.624216,grouped,180
9214,3082493090122994,1.163286,0.544947,not_clean,-1
9215,3080168050122640,-1.070405,-0.814507,not_clean,-1
9216,3076318030100214,-1.970258,-1.361830,not_clean,-1
9217,3076318030100159,-1.824707,-1.273563,grouped,210
9218,3080168050125148,-1.149273,-0.862870,grouped,36
9219,3076318030100076,-1.817989,-1.269926,grouped,87
9220,3074513020100181,-2.033155,-1.400910,not_clean,-1
9221,3011297040120614,0.371637,0.061915,not_clean,-1
9222,3076318030100022,-1.702619,-1.200170,grouped,74
9223,3080168030122561,1.089825,0.498782,grouped,182
9224,3055395020101194,-2.863445,-1.907071,not_clean,-1
9225,3011297100104325,-0.187418,-0.280392,not_clean,-1
9226,3011297030120267,0.435347,0.098356,not_clean,-1
9227,3011297040100576,0.319143,0.027491,not_clean,-1
9228,3055395020101012,-2.845476,-1.896767,not_clean,-1
9229,3015292010121311,-0.856595,-0.688136,grouped,203
9230,3055395020100470,-2.645307,-1.775878,grouped,245
9231,3076318030100176,-1.848747,-1.292904,not_clean,-1
9232,3015292010121908,-0.824908,-0.670651,grouped,181
9233,3076318030100067,-1.835540,-1.285250,grouped,147
9234,3080168040184423,-0.587307,-0.527649,not_clean,-1
9235,3011297030120048,0.429257,0.090268,not_clean,-1
9236,3074513020100119,-2.166574,-1.489578,not_clean,-1
9237,3030288300182193,-0.453792,-0.448426,not_clean,-1
9238,3011297030120242,0.479522,0.118986,not_clean,-1
9239,3011297100103335,-0.270527,-0.337596,not_clean,-1
9240,3011297100106352,-0.287780,-0.348527,not_clean,-1
9241,3080168030123605,0.958834,0.409844,grouped,349
9242,3076318030100217,-1.827494,-1.287246,not_clean,-1
9243,3080168050121418,-1.158106,-0.880548,grouped,147
9244,3082493090124703,1.155421,0.526910,not_clean,-1
9245,3011297040100256,0.283187,-0.004113,not_clean,-1
9246,3076318030100232,-1.879014,-1.319254,grouped,119
9247,3080168040123374,-0.634471,-0.562941,grouped,344
9248,3011297040120444,0.362492,0.042914,not_clean,-1
9249,3015292010120996,-0.830078,-0.683527,not_clean,-1
9250,3055395020100467,-2.621715,-1.774766,grouped,297
9251,3011297030120860,0.379781,0.047878,not_clean,-1
9252,3011297040100056,0.259537,-0.025387,not_clean,-1
9253,3011297030120432,0.534455,0.141069,not_clean,-1
9254,3055395020100485,-2.580884,-1.753122,grouped,245
9255,3080168040167044,-0.502125,-0.491324,not_clean,-1
9256,3076318030100075,-1.890180,-1.335361,grouped,117
9257,3040034010122686,-0.666653,-0.592614,grouped,184
9258,3011297040100001,0.260535,-0.028784,not_clean,-1
9259,3080168050121817,-1.167256,-0.897283,grouped,190
9260,3011297100100251,-0.258954,-0.345399,not_clean,-1
9261,3014422010124514,0.668997,0.218423,not_clean,-1
9262,3076318030100204,-1.721320,-1.235231,grouped,7
9263,3080168050126081,-1.080072,-0.846808,not_clean,-1
9264,3076318030100229,-1.747219,-1.252521,grouped,24
9265,3011297040100956,0.323825,0.005200,not_clean,-1
9266,3011297040100254,0.297843,-0.011131,not_clean,-1
9267,3011297100103936,-0.199321,-0.313881,grouped,202
9268,3080168050125767,-1.107021,-0.865924,not_clean,-1
9269,3080168050124609,-1.048391,-0.830578,not_clean,-1
9270,3040034010120438,-0.652575,-0.591147,grouped,336
9271,3010326130120442,-1.205073,-0.927292,not_clean,-1
9272,3011297150120068,0.623245,0.184579,grouped,198
9273,3011297040120388,0.353076,0.020206,not_clean,-1
9274,3076318030100206,-1.853299,-1.321882,grouped,124
9275,3011297020120807,0.716766,0.239791,grouped,36
9276,3010326130120438,-1.362025,-1.025379,grouped,205
9277,3076318030100132,-1.758874,-1.266529,grouped,124
9278,3080168050125896,-1.056803,-0.840229,not_clean,-1
9279,3015292010123586,-0.993726,-0.802833,not_clean,-1
9280,3074513020100003,-2.174174,-1.520242,grouped,126
9281,3011297030121167,0.459490,0.080581,grouped,202
9282,3011297100104220,-0.292194,-0.376840,grouped,182
9283,3055395020100173,-2.575557,-1.764832,grouped,42
9284,3015292010121462,-0.976327,-0.794582,not_clean,-1
9285,3080168050120844,-1.127069,-0.886636,grouped,147
9286,3080168050122291,-1.092253,-0.866975,not_clean,-1
9287,3015292010125481,-0.968459,-0.792007,not_clean,-1
9288,3055395020100327,-2.611798,-1.791054,grouped,147
9289,3080168030125171,1.103824,0.467099,grouped,178
9290,3076318030100336,-1.864315,-1.337475,grouped,112
9291,3011297030121782,0.632469,0.180274,not_clean,-1
9292,3011297100101336,-0.262869,-0.364826,not_clean,-1
9293,3040034010120729,-0.731733,-0.650319,not_clean,-1
9294,3010326130121826,-1.263014,-0.973523,grouped,8
9295,3011297030120617,0.369657,0.018007,not_clean,-1
9296,3010326130123120,-1.493196,-1.115300,not_clean,-1
9297,3011297030120634,0.631019,0.176064,not_clean,-1
9298,3011297100102752,-0.247382,-0.358336,not_clean,-1
9299,3076318030100157,-1.973458,-1.407611,not_clean,-1
9300,3076318030100230,-2.008876,-1.430567,not_clean,-1
9301,3080168050120639,-1.176943,-0.926353,grouped,204
9302,3010326130121000,-1.558747,-1.158370,grouped,147
9303,3011297020120506,0.833638,0.295209,grouped,212
9304,3080168030122743,0.948807,0.364978,grouped,180
9305,3011297030120782,0.421474,0.043218,not_clean,-1
9306,3080168040172609,-0.522417,-0.531026,not_clean,-1
9307,3011297100103113,-0.262508,-0.374962,grouped,346
9308,3076318030100002,-1.979745,-1.418508,grouped,74
9309,3015292010120151,-0.789950,-0.696233,grouped,25
9310,3011297020122023,0.761698,0.246702,not_clean,-1
9311,3080168040184964,-0.603415,-0.584459,not_clean,-1
9312,3030288300101171,-0.368402,-0.441968,not_clean,-1
9313,3080168030120120,1.083745,0.440554,grouped,180
9314,3040034010123471,-0.706272,-0.647737,grouped,188
9315,3076318030100187,-1.851779,-1.344201,grouped,117
9316,3011297030120781,0.541790,0.104382,not_clean,-1
9317,3011297030120286,0.450497,0.048867,not_clean,-1
9318,3015292010121402,-0.815884,-0.721182,grouped,25
9319,3011135030141733,0.192692,-0.108417,not_clean,-1
9320,3011297030120757,0.598937,0.137703,grouped,203
9321,3011297040120098,0.345389,-0.016719,not_clean,-1
9322,3010326130121546,-1.384842,-1.069675,grouped,74
9323,3080168040122499,-0.709005,-0.659099,not_clean,-1
9324,3080168050121152,-1.092409,-0.892200,grouped,128
9325,3080168050122857,-1.122163,-0.910737,grouped,147
9326,3011297030120255,0.412408,0.021638,not_clean,-1
9327,3015292010121515,-0.802020,-0.717246,grouped,179
9328,3011297100106363,-0.258002,-0.386841,grouped,182
9329,3011297020120085,0.753509,0.227288,grouped,212
9330,3080168050122022,-1.191192,-0.955177,grouped,194
9331,3010326130122547,-1.345021,-1.048636,not_clean,-1
9332,3076318030100124,-1.874042,-1.370683,grouped,125
9333,3011297030120173,0.615888,0.140946,not_clean,-1
9334,3080168040170028,-0.619410,-0.610269,not_clean,-1
9335,3011297040100893,0.308014,-0.046691,not_clean,-1
9336,3011297100107256,-0.227976,-0.373337,grouped,343
9337,3076318030100118,-1.816855,-1.339631,not_clean,-1
9338,3011297040102093,0.321551,-0.041055,not_clean,-1
9339,3015292010122180,-0.731325,-0.681050,not_clean,-1
9340,3074398040100877,-2.729029,-1.893699,grouped,125
9341,3015292010120049,-0.870792,-0.765895,not_clean,-1
9342,3080168040122196,-0.630017,-0.621411,grouped,178
9343,3076318030100013,-1.974676,-1.438202,grouped,120
9344,3011297020121936,0.808340,0.250076,not_clean,-1
9345,3015292010122063,-1.001274,-0.850584,not_clean,-1
9346,3010326130123157,-1.291270,-1.029917,not_clean,-1
9347,3011297030120092,0.467212,0.037801,grouped,352
9348,3080168040168333,-0.566368,-0.591771,not_clean,-1
9349,3080168040124886,-0.681475,-0.662084,not_clean,-1
9350,3080168040122258,-0.640705,-0.637465,not_clean,-1
9351,3074398040100054,-2.660523,-1.863827,grouped,207
9352,3010326130120257,-1.486448,-1.151983,grouped,123
9353,3011297030120154,0.427434,0.010086,not_clean,-1
9354,3011297040100760,0.320801,-0.054994,not_clean,-1
9355,3076318030100090,-1.682061,-1.271767,grouped,204
9356,3010326130121148,-1.282790,-1.029493,grouped,142
9357,3088612110122792,1.247883,0.507408,grouped,246
9358,3011297020122353,0.639965,0.137064,not_clean,-1
9359,3011297040101174,0.245013,-0.103064,not_clean,-1
9360,3074398040100083,-2.680144,-1.879217,grouped,147
9361,3010326130120833,-1.412824,-1.110516,grouped,125
9362,3080168040182155,-0.587686,-0.609489,grouped,273
9363,3011297030120342,0.385027,-0.018526,not_clean,-1
9364,3080168030123444,1.089303,0.409132,grouped,348
9365,3011297100105509,-0.164731,-0.352965,not_clean,-1
9366,3011297100102601,-0.114205,-0.322986,not_clean,-1
9367,3011297040100570,0.337161,-0.050647,not_clean,-1
9368,3011297020120543,0.668266,0.147606,grouped,202
9369,3011135030140185,0.154345,-0.165948,not_clean,-1
9370,3055395020100081,-2.527509,-1.794376,grouped,122
9371,3080168050121542,-1.151344,-0.960196,grouped,147
9372,3011297100102284,-0.189189,-0.376932,grouped,184
9373,3011135030140020,0.150311,-0.172818,not_clean,-1
9374,3015292010121386,-0.945282,-0.838981,not_clean,-1
9375,3011297100106880,-0.237563,-0.409813,not_clean,-1
9376,3015292010120796,-0.717636,-0.702155,grouped,19
9377,3011297020120363,0.638383,0.120836,not_clean,-1
9378,3011297100105141,-0.141127,-0.353042,not_clean,-1
9379,3011297030120703,0.548937,0.064816,not_clean,-1
9380,3011297100140832,-0.304736,-0.454700,grouped,182
9381,3011297100100833,-0.192354,-0.387079,grouped,273
9382,3074398040100010,-2.699145,-1.909475,not_clean,-1
9383,3076318030100066,-1.866070,-1.404968,grouped,116
9384,3011297100103735,-0.164303,-0.372557,grouped,202
9385,3011297040100351,0.329789,-0.072658,not_clean,-1
9386,3011297020125062,0.899085,0.273099,not_clean,-1
9387,3080168030126499,1.039430,0.358003,not_clean,-1
9388,3011297020121001,0.804843,0.215057,grouped,185
9389,3080168050120866,-1.145468,-0.969289,not_clean,-1
9390,3011297040140620,0.297588,-0.095485,not_clean,-1
9391,3011297030120245,0.389512,-0.039909,not_clean,-1
9392,3011297100101066,-0.100567,-0.337924,grouped,188
9393,3015292010125185,-0.731362,-0.721672,not_clean,-1
9394,3055395020100279,-2.696903,-1.915483,not_clean,-1
9395,3011297020122125,0.742823,0.171720,grouped,185
9396,3080168040122195,-0.627697,-0.662702,not_clean,-1
9397,3011297030120447,0.581914,0.071460,not_clean,-1
9398,3011297100103576,-0.223768,-0.417842,grouped,144
9399,3030288300105283,-0.334589,-0.486655,grouped,205
9400,3011297030120135,0.501126,0.019450,not_clean,-1
9401,3015292010121833,-1.030149,-0.910503,not_clean,-1
9402,3011297020122571,0.812667,0.207746,grouped,179
9403,3011297040100716,0.341334,-0.078618,not_clean,-1
9404,3015292010121911,-0.780091,-0.760437,grouped,128
9405,3076318030100133,-1.654812,-1.292673,grouped,275
9406,3011297030120325,0.526270,0.029657,not_clean,-1
9407,3011297020120027,0.704104,0.137311,not_clean,-1
9408,3011297030120600,0.408714,-0.042550,not_clean,-1
9409,3076318030100256,-1.628086,-1.278774,not_clean,-1
9410,3080168040166120,-0.603750,-0.657325,not_clean,-1
9411,3055395020100338,-2.817844,-1.999924,grouped,297
9412,3011297030120704,0.379865,-0.060356,not_clean,-1
9413,3030288300107895,-0.324777,-0.490221,not_clean,-1
9414,3080168040184765,-0.583073,-0.647828,not_clean,-1
9415,3011297030121155,0.611590,0.076575,not_clean,-1
9416,3011297020122003,0.661747,0.106377,not_clean,-1
9417,3055395020100950,-2.760551,-1.971050,not_clean,-1
9418,3055395020100203,-2.678842,-1.922502,grouped,122
9419,3011297030120371,0.513135,0.013394,grouped,354
9420,3015292010122928,-0.859880,-0.820500,grouped,181
9421,3011297020120920,0.774915,0.171503,not_clean,-1
9422,3011297040102655,0.203138,-0.175793,not_clean,-1
9423,3011297030120702,0.379376,-0.069389,not_clean,-1
9424,3010326130123039,-1.319416,-1.102029,grouped,270
9425,3011297030120158,0.422559,-0.046212,not_clean,-1
9426,3076318030100048,-1.912573,-1.463637,grouped,112
9427,3076318030100158,-1.873976,-1.440293,grouped,117
9428,3080168040121416,-0.632552,-0.688988,grouped,180
9429,3055395020100670,-2.729014,-1.960024,not_clean,-1
9430,3011297020124237,0.825911,0.194463,not_clean,-1
9431,3010326130123010,-1.298611,-1.094989,not_clean,-1
9432,3011297040120124,0.355438,-0.091587,grouped,348
9433,3080168040167701,-0.609348,-0.678295,not_clean,-1
9434,3011297030121192,0.601180,0.055682,not_clean,-1
9435,3011297020121921,0.849148,0.205015,not_clean,-1
9436,3076318030100161,-1.724316,-1.356461,grouped,11
9437,3011297100104184,-0.097988,-0.370331,grouped,204
9438,3011297100113969,-0.203902,-0.435041,not_clean,-1
9439,3076318030100011,-1.847506,-1.431939,grouped,121
9440,3015292010122521,-0.660847,-0.712901,not_clean,-1
9441,3011297030120489,0.531456,0.009058,not_clean,-1
9442,3080168040121770,-0.643241,-0.703811,not_clean,-1
9443,3080168050122115,-1.220832,-1.054307,not_clean,-1
9444,3080168040183136,-0.576790,-0.663974,grouped,204
9445,3080168040122192,-0.628468,-0.695769,grouped,178
9446,3076318030100191,-1.738141,-1.370099,not_clean,-1
9447,3055395020100439,-2.678331,-1.939593,grouped,45
9448,3055395020100513,-2.526185,-1.848243,not_clean,-1
9449,3015292010120513,-0.794912,-0.798998,grouped,187
9450,3055395020100328,-2.817664,-2.024697,grouped,150
9451,3011297030120879,0.536339,0.008714,not_clean,-1
9452,3011297030120456,0.506634,-0.010003,not_clean,-1
9453,3015292010120734,-0.759423,-0.780247,grouped,277
9454,3011297030120298,0.599186,0.041722,not_clean,-1
9455,3080168040183660,-0.511325,-0.632582,not_clean,-1
9456,3011297030120211,0.575889,0.026672,not_clean,-1
9457,3011297030120212,0.571876,0.024065,not_clean,-1
9458,3011297020123315,0.915230,0.231953,grouped,196
9459,3011297030120050,0.538246,0.002386,not_clean,-1
9460,3011297030120848,0.379664,-0.093956,not_clean,-1
9461,3088612110122810,1.038226,0.305234,grouped,198
9462,3011297100101472,-0.174162,-0.431952,not_clean,-1
9463,3015292010126514,-0.652525,-0.722275,not_clean,-1
9464,3011297020120451,0.674689,0.082770,not_clean,-1
9465,3011297040102923,0.268219,-0.164212,not_clean,-1
9466,3055395020100013,-2.665075,-1.943005,grouped,147
9467,3011297100100065,-0.132182,-0.409023,not_clean,-1
9468,3080168040167975,-0.590081,-0.687114,not_clean,-1
9469,3011297030120607,0.447827,-0.058156,grouped,348
9470,3011297020120186,0.705358,0.097800,not_clean,-1
9471,3076318030100121,-1.843645,-1.448234,grouped,119
9472,3015292010120085,-0.857785,-0.850808,grouped,16
9473,3011297020121835,0.904273,0.217982,not_clean,-1
9474,3011297050102639,0.087517,-0.277586,not_clean,-1
9475,3076318030100189,-1.762554,-1.399494,grouped,115
9476,3080168050122720,-1.138241,-1.021752,not_clean,-1
9477,3074398040101275,-2.841951,-2.054251,not_clean,-1
9478,3055395020100277,-2.594545,-1.905495,grouped,122
9479,3055395020100089,-2.710624,-1.977365,not_clean,-1
9480,3055395020100691,-2.609438,-1.916766,grouped,318
9481,3080168070120759,-1.228862,-1.080837,grouped,151
9482,3015292010120984,-0.724476,-0.775070,not_clean,-1
9483,3011297030120586,0.518291,-0.022353,not_clean,-1
9484,3080168040183467,-0.498653,-0.640019,not_clean,-1
9485,3011297020121818,0.796327,0.144262,not_clean,-1
9486,3011297040101499,0.340199,-0.132809,not_clean,-1
9487,3011297020122309,0.756056,0.118381,not_clean,-1
9488,3080168050122914,-1.115138,-1.017410,grouped,45
9489,3080168070120846,-1.229312,-1.087260,grouped,125
9490,3055395020100046,-2.823484,-2.052641,grouped,150
9491,3055395020100294,-2.777664,-2.025531,grouped,119
9492,3015292010120046,-1.006207,-0.954564,grouped,9
9493,3088612110125075,1.074313,0.307052,grouped,348
9494,3011297020120471,0.750909,0.110880,not_clean,-1
9495,3088612110122520,1.061277,0.297181,grouped,128
9496,3055395020101052,-2.823229,-2.057612,not_clean,-1
9497,3011297020124418,1.010165,0.265036,not_clean,-1
9498,3015292010122528,-0.929660,-0.912176,not_clean,-1
9499,3015292010121773,-0.946559,-0.922510,not_clean,-1
9500,3055395020100051,-2.619875,-1.936193,grouped,112
9501,3080168040169549,-0.507192,-0.656867,not_clean,-1
9502,3015292010122149,-0.892496,-0.891859,not_clean,-1
9503,3011297020120580,0.987406,0.247388,not_clean,-1
9504,3055395020100569,-2.657540,-1.961882,not_clean,-1
9505,3055395020100037,-2.668688,-1.970667,grouped,120
9506,3080168040169319,-0.536706,-0.680674,not_clean,-1
9507,3011297100100105,-0.083936,-0.407598,not_clean,-1
9508,3055395020100170,-2.661598,-1.969423,not_clean,-1
9509,3003054010120102,0.569873,-0.011728,not_clean,-1
9510,3055395020100647,-2.579144,-1.919805,not_clean,-1
9511,3015292010120530,-0.954109,-0.936446,grouped,262
9512,3055395020100436,-2.739224,-2.017638,grouped,311
9513,3011297030120337,0.469065,-0.075339,not_clean,-1
9514,3011297040100931,0.294112,-0.182160,not_clean,-1
9515,3076318030100235,-1.891112,-1.506601,grouped,116
9516,3011297020122891,0.830170,0.142332,not_clean,-1
9517,3015292010122200,-0.624340,-0.740352,not_clean,-1
9518,3011297050103454,0.205986,-0.237018,not_clean,-1
9519,3011297100143171,-0.197581,-0.481811,grouped,186
9520,3011297100101270,-0.053933,-0.394983,not_clean,-1
9521,3080168040184485,-0.528294,-0.683563,grouped,37
9522,3015292010120397,-0.883751,-0.899054,grouped,125
9523,3015292010120443,-0.768800,-0.829489,grouped,180
9524,3030422030180392,-0.477646,-0.653059,not_clean,-1
9525,3011297050140013,0.206959,-0.238308,not_clean,-1
9526,3080168050124028,-1.035539,-0.992152,not_clean,-1
9527,3011297100104705,0.002354,-0.364219,not_clean,-1
9528,3055395020100403,-2.614194,-1.949675,not_clean,-1
9529,3055395020100057,-2.639560,-1.965062,grouped,147
9530,3011297050118128,0.209021,-0.240325,not_clean,-1
9531,3011297040100463,0.262129,-0.208207,not_clean,-1
9532,3011297040101089,0.309779,-0.179426,not_clean,-1
9533,3011297040102386,0.291597,-0.190492,not_clean,-1
9534,3080168040169719,-0.538541,-0.694282,grouped,35
9535,3011297100100971,-0.232400,-0.509195,not_clean,-1
9536,3011297030121513,0.410022,-0.119913,not_clean,-1
9537,3011297020120357,0.656973,0.029645,not_clean,-1
9538,3015292010122158,-0.925545,-0.931940,not_clean,-1
9539,3003054010120988,0.543260,-0.043333,not_clean,-1
9540,3011297030120916,0.452289,-0.099265,not_clean,-1
9541,3055395020100176,-2.662953,-1.986658,grouped,112
9542,3011297050106729,0.056689,-0.340598,not_clean,-1
9543,3055395020100482,-2.759302,-2.046110,grouped,150
9544,3011297040120648,0.377911,-0.146584,not_clean,-1
9545,3011297020120006,0.839407,0.132970,not_clean,-1
9546,3080168050121361,-1.012942,-0.989846,grouped,204
9547,3080168040120696,-0.590859,-0.734902,not_clean,-1
9548,3088612110125224,1.086898,0.282018,grouped,348
9549,3055395020100639,-2.619294,-1.963714,grouped,311
9550,3003054010121373,0.530650,-0.056675,not_clean,-1
9551,3011297020120495,0.733787,0.066286,not_clean,-1
9552,3011297020120516,0.761389,0.082773,not_clean,-1
9553,3011297050103001,0.269005,-0.216435,not_clean,-1
9554,3015292010121409,-0.914222,-0.935433,not_clean,-1
9555,3003054010120669,0.486497,-0.086734,not_clean,-1
9556,3088612110126174,1.229542,0.363179,not_clean,-1
9557,3015292010121255,-0.901691,-0.929510,grouped,17
9558,3011297050102656,0.188981,-0.268713,not_clean,-1
9559,3011297040101864,0.337713,-0.179797,not_clean,-1
9560,3011297050101190,0.205196,-0.261862,not_clean,-1
9561,3003054010120504,0.523939,-0.069131,not_clean,-1
9562,3011297020121125,0.952791,0.190552,not_clean,-1
9563,3011297040120479,0.369845,-0.163163,not_clean,-1
9564,3055395020100047,-2.664288,-2.001356,grouped,297
9565,3011297020120689,0.780191,0.084205,not_clean,-1
9566,3011297020120215,0.771239,0.078592,not_clean,-1
9567,3015292010121349,-0.971062,-0.977438,not_clean,-1
9568,3055395020100067,-2.712701,-2.033034,grouped,112
9569,3011297020120434,0.842091,0.118286,not_clean,-1
9570,3011297020123471,0.914825,0.161996,grouped,197
9571,3080168050120370,-1.139344,-1.084215,grouped,126
9572,3011297100101277,-0.076690,-0.440820,not_clean,-1
9573,3015292010122285,-0.633541,-0.778383,grouped,128
9574,3011297020120928,0.817090,0.099887,not_clean,-1
9575,3011297020120509,0.802397,0.090071,not_clean,-1
9576,3015292010121666,-0.913544,-0.951528,not_clean,-1
9577,3015292010120055,-0.746494,-0.851092,grouped,188
9578,3076318030100051,-1.695907,-1.427417,grouped,7
9579,3011297030120413,0.439646,-0.134778,not_clean,-1
9580,3011297100109531,-0.228804,-0.539922,grouped,204
9581,3088612110124141,1.263934,0.364083,grouped,196
9582,3015292010121122,-0.917952,-0.958389,not_clean,-1
9583,3003054010120975,0.605728,-0.035583,not_clean,-1
9584,3055395020100332,-2.745667,-2.065294,grouped,90
9585,3088612110126398,1.130108,0.280332,not_clean,-1
9586,3011297020120259,0.839177,0.104031,not_clean,-1
9587,3015292010120214,-0.751208,-0.859643,not_clean,-1
9588,3011297050102249,0.289817,-0.230355,not_clean,-1
9589,3015292010121488,-0.873519,-0.935488,not_clean,-1
9590,3080168050122249,-1.015113,-1.021791,grouped,43
9591,3011297030120498,0.418959,-0.153414,not_clean,-1
9592,3011297100102894,-0.143718,-0.494517,grouped,202
9593,3015292010121953,-0.643376,-0.798441,not_clean,-1
9594,3003054010120685,0.688579,0.007627,grouped,354
9595,3074398040100774,-2.524694,-1.937623,grouped,209
9596,3015292010120024,-0.717278,-0.845247,not_clean,-1
9597,3015292010120296,-0.967076,-0.996568,grouped,179
9598,3003054010120957,0.621360,-0.036458,not_clean,-1
9599,3015292010120168,-0.752245,-0.868475,not_clean,-1
9600,3011297020120887,0.883010,0.121514,not_clean,-1
9601,3003054010120705,0.683268,0.000059,not_clean,-1
9602,3011297030121088,0.408947,-0.166757,not_clean,-1
9603,3011297040120216,0.397976,-0.173937,grouped,212
9604,3088612110121386,1.108162,0.256174,grouped,222
9605,3030288440103852,-0.330342,-0.615536,not_clean,-1
9606,3011297020120421,0.896836,0.127190,not_clean,-1
9607,3055395020100099,-2.703301,-2.051935,grouped,117
9608,3015292010121622,-0.961354,-0.998839,not_clean,-1
9609,3015292010120142,-0.819695,-0.914145,grouped,10
9610,3055395020100098,-2.709178,-2.057986,grouped,147
9611,3080168050120338,-1.036653,-1.047029,grouped,11
9612,3003054010120618,0.532119,-0.097368,not_clean,-1
9613,3080168060108047,-0.451357,-0.693238,grouped,17
9614,3015292010120009,-0.695266,-0.840928,not_clean,-1
9615,3080168050121238,-1.101046,-1.087039,grouped,125
9616,3015292010121495,-0.848483,-0.934191,grouped,19
9617,3003054010120405,0.641852,-0.031915,not_clean,-1
9618,3088612110125912,1.236256,0.327976,not_clean,-1
9619,3074398040101060,-2.467518,-1.914624,not_clean,-1
9620,3011297020121246,0.878935,0.110612,not_clean,-1
9621,3011297020120007,0.834329,0.083546,not_clean,-1
9622,3003054010120105,0.473937,-0.134968,not_clean,-1
9623,3074398040100806,-2.509511,-1.942298,grouped,124
9624,3011297050100307,0.316202,-0.233510,not_clean,-1
9625,3011297040120919,0.367075,-0.202925,not_clean,-1
9626,3080168050122248,-1.005029,-1.034004,grouped,270
9627,3080168060113741,-0.377130,-0.654024,grouped,13
9628,3080168060108199,-0.419160,-0.681181,grouped,19
9629,3015292010120629,-0.839325,-0.936372,grouped,203
9630,3011297020120901,1.010850,0.183795,not_clean,-1
9631,3011297020120307,0.842268,0.081681,not_clean,-1
9632,3030288300107857,-0.278282,-0.597722,not_clean,-1
9633,3080168060115249,-0.354754,-0.644166,not_clean,-1
9634,3080168070124134,-1.167905,-1.136613,not_clean,-1
9635,3011297020120201,0.741358,0.018779,not_clean,-1
9636,3011297050102478,0.208573,-0.303941,not_clean,-1
9637,3015292010120540,-0.649095,-0.823335,not_clean,-1
9638,3080168070120596,-1.156041,-1.130207,grouped,210
9639,3015292010120206,-0.777825,-0.902792,grouped,273
9640,3055395020100627,-2.681616,-2.054653,grouped,116
9641,3080168050120906,-1.085867,-1.090063,grouped,85
9642,3080168060121427,-0.484665,-0.728015,not_clean,-1
9643,3074398040100381,-2.522624,-1.960442,grouped,126
9644,3003054010120044,0.506462,-0.129122,not_clean,-1
9645,3003054010120826,0.617251,-0.062510,not_clean,-1
9646,3015292010123198,-0.867415,-0.962917,not_clean,-1
9647,3015292010123051,-0.953160,-1.015038,not_clean,-1
9648,3011297100140706,0.057348,-0.404393,grouped,185
9649,3011297020120620,0.805403,0.047424,not_clean,-1
9650,3003054010120174,0.731753,0.002193,not_clean,-1
9651,3015292010120242,-0.571079,-0.787382,grouped,19
9652,3011297020120199,0.840197,0.065976,not_clean,-1
9653,3055395020100361,-2.684558,-2.066190,grouped,297
9654,3003054010120690,0.584192,-0.090907,not_clean,-1
9655,3003054010120192,0.730594,-0.002524,not_clean,-1
9656,3015292010120503,-0.659749,-0.844721,grouped,186
9657,3015292010121823,-0.954177,-1.024666,not_clean,-1
9658,3080168060100787,-0.435845,-0.711189,grouped,21
9659,3074398040100305,-2.701983,-2.081985,grouped,119
9660,3011297020120846,0.792655,0.031334,not_clean,-1
9661,3015292010121934,-0.880664,-0.981751,not_clean,-1
9662,3011297020120398,0.817554,0.045927,not_clean,-1
9663,3011297020120008,0.871594,0.077323,not_clean,-1
9664,3003054010120143,0.637137,-0.066440,not_clean,-1
9665,3003054010120874,0.499031,-0.151134,not_clean,-1
9666,3015292010120071,-0.774043,-0.921760,not_clean,-1
9667,3011297100106907,0.017127,-0.444127,not_clean,-1
9668,3011297020120457,0.872024,0.073114,not_clean,-1
9669,3080168070120569,-1.045755,-1.087925,grouped,302
9670,3011297020125317,1.071984,0.193128,grouped,273
9671,3015292010121891,-0.879040,-0.987958,not_clean,-1
9672,3003054010120905,0.682376,-0.044139,not_clean,-1
9673,3011297100105462,0.080718,-0.408675,grouped,196
9674,3015292010121978,-0.925048,-1.021770,grouped,13
9675,3074398040101131,-2.639013,-2.057442,grouped,311
9676,3015292010120001,-0.704898,-0.889658,not_clean,-1
9677,3074398040100244,-2.515108,-1.984272,grouped,311
9678,3015292010120003,-0.742609,-0.913306,not_clean,-1
9679,3074398040100069,-2.643308,-2.062179,grouped,112
9680,3074398040100023,-2.668609,-2.078071,grouped,121
9681,3003054010120656,0.535028,-0.141593,not_clean,-1
9682,3080168070124155,-1.185196,-1.182627,not_clean,-1
9683,3011297020120256,0.765028,-0.002964,not_clean,-1
9684,3074398040100601,-2.656250,-2.072073,grouped,99
9685,3003054010120499,0.570085,-0.121853,not_clean,-1
9686,3011297100102721,0.145534,-0.378982,not_clean,-1
9687,3011297100108832,0.133552,-0.386498,not_clean,-1
9688,3003054010120167,0.742079,-0.018252,not_clean,-1
9689,3003054010120196,0.581184,-0.116088,not_clean,-1
9690,3011297100102708,-0.129960,-0.546641,not_clean,-1
9691,3080168070122030,-1.129937,-1.152473,grouped,277
9692,3011297050120057,0.394215,-0.231547,not_clean,-1
9693,3003054010120462,0.628295,-0.090378,grouped,354
9694,3011297050103892,0.258000,-0.314774,grouped,347
9695,3015292010122969,-0.826025,-0.971042,not_clean,-1
9696,3074398040100431,-2.509689,-1.988444,grouped,207
9697,3011297020121046,0.948349,0.101514,not_clean,-1
9698,3074398040100443,-2.493931,-1.979827,grouped,320
9699,3011297100106038,-0.079725,-0.521459,not_clean,-1
9700,3011297020120834,0.796026,0.008200,not_clean,-1
9701,3003054010120288,0.484955,-0.180183,not_clean,-1
9702,3015292010122888,-0.893112,-1.014139,not_clean,-1
9703,3003054010120589,0.467807,-0.191015,not_clean,-1
9704,3011297020120334,0.819178,0.021481,not_clean,-1
9705,3003054010120686,0.531504,-0.153304,not_clean,-1
9706,3003054010120798,0.688483,-0.058477,not_clean,-1
9707,3074398040100015,-2.500621,-1.986428,grouped,116
9708,3074398040100028,-2.620591,-2.060038,grouped,120
9709,3003054010120116,0.509626,-0.168283,not_clean,-1
9710,3080168060121113,-0.479833,-0.767426,grouped,19
9711,3011297020122574,0.907354,0.071699,not_clean,-1
9712,3080168060120873,-0.449996,-0.749707,grouped,125
9713,3011297050120193,0.363815,-0.258149,not_clean,-1
9714,3003054010120652,0.653412,-0.082956,not_clean,-1
9715,3015292010120680,-0.567958,-0.822252,not_clean,-1
9716,3003054010120061,0.602555,-0.115043,not_clean,-1
9717,3080168060121384,-0.521790,-0.795598,grouped,0
9718,3011297020120300,0.827536,0.020555,grouped,353
9719,3074398040100021,-2.781176,-2.160744,grouped,147
9720,3080168060121371,-0.515616,-0.794239,grouped,144
9721,3015292010121092,-0.820932,-0.979329,grouped,26
9722,3011297020120020,0.819719,0.011757,not_clean,-1
9723,3003054010120429,0.737074,-0.039527,not_clean,-1
9724,3015292010124258,-0.888533,-1.022912,grouped,250
9725,3011297050107517,0.194353,-0.368563,grouped,180
9726,3003054010121005,0.545497,-0.156605,not_clean,-1
9727,3074398040100396,-2.639722,-2.082058,grouped,311
9728,3080168060120267,-0.473804,-0.775395,grouped,26
9729,3003054010120482,0.626746,-0.109817,not_clean,-1
9730,3080168070122468,-1.008234,-1.098689,grouped,167
9731,3015292010120113,-0.870994,-1.015755,no_nh_contour,-1
9732,3003054010121185,0.639581,-0.102443,not_clean,-1
9733,3003054010120127,0.725507,-0.050618,not_clean,-1
9734,3003054010120284,0.736332,-0.044266,grouped,355
9735,3011297100105000,0.048903,-0.460534,not_clean,-1
9736,3011297020120118,0.891661,0.049233,grouped,128
9737,3003054010120155,0.614737,-0.119529,not_clean,-1
9738,3015292010122849,-0.809656,-0.981556,grouped,8
9739,3015292010120131,-0.661817,-0.892682,not_clean,-1
9740,3003054010120075,0.719432,-0.057323,not_clean,-1
9741,3080168060104807,-0.266030,-0.653871,not_clean,-1
9742,3011297100103529,-0.142571,-0.579393,not_clean,-1
9743,3080168060120576,-0.483032,-0.787093,grouped,144
9744,3011297020120948,0.880617,0.037226,not_clean,-1
9745,3003054010120599,0.695922,-0.074934,not_clean,-1
9746,3003054010120266,0.755276,-0.039146,not_clean,-1
9747,3011297020120274,0.822761,0.000775,not_clean,-1
9748,3080168070121506,-1.060392,-1.139052,grouped,126
9749,3011297020120565,0.849464,0.015229,not_clean,-1
9750,3003054010120838,0.678792,-0.088032,not_clean,-1
9751,3030288270116940,0.195876,-0.380165,grouped,182
9752,3080168060123038,-0.373723,-0.725514,grouped,17
9753,3003054010120788,0.649700,-0.107019,not_clean,-1
9754,3003054010120086,0.563295,-0.159891,not_clean,-1
9755,3080168070120202,-1.021269,-1.120594,grouped,144
9756,3003054010121110,0.791331,-0.025601,grouped,355
9757,3080168060123416,-0.360365,-0.722305,grouped,147
9758,3003054010120252,0.737345,-0.058688,not_clean,-1
9759,3080168060107223,-0.341660,-0.712416,grouped,147
9760,3011297020121186,0.858324,0.013082,not_clean,-1
9761,3003054010120289,0.567051,-0.164962,not_clean,-1
9762,3030288270105403,0.256704,-0.353031,not_clean,-1
9763,3003054010120237,0.557020,-0.171507,not_clean,-1
9764,3011297020120214,0.816839,-0.015189,not_clean,-1
9765,3011297020120362,0.886662,0.026060,grouped,359
9766,3015292010121756,-0.807650,-0.998727,grouped,1
9767,3080168060122387,-0.532675,-0.832599,not_clean,-1
9768,3030288270100295,0.209491,-0.384881,not_clean,-1
9769,3074398040100092,-2.564533,-2.061258,not_clean,-1
9770,3011297100101053,0.056840,-0.478566,grouped,343
9771,3074398040100743,-2.541722,-2.047949,not_clean,-1
9772,3080168060124455,-0.430108,-0.773812,grouped,179
9773,3080168070123030,-1.098749,-1.178250,not_clean,-1
9774,3015292010121336,-0.872253,-1.041909,grouped,124
9775,3003054010121083,0.640553,-0.128057,not_clean,-1
9776,3015292010120226,-0.842260,-1.025197,not_clean,-1
9777,3015292010120220,-0.671272,-0.923676,not_clean,-1
9778,3069464160120770,1.189124,0.200861,grouped,348
9779,3074398040100225,-2.589798,-2.082352,not_clean,-1
9780,3088612110122902,1.403657,0.329093,not_clean,-1
9781,3080168080103772,-0.207598,-0.645652,not_clean,-1
9782,3015292010121320,-0.640222,-0.907326,not_clean,-1
9783,3050494060108097,-0.201689,-0.642328,not_clean,-1
9784,3080168070125486,-1.078631,-1.172866,grouped,283
9785,3003054010121206,0.750940,-0.067412,grouped,355
9786,3015292010120665,-0.931519,-1.085089,grouped,124
9787,3080168060122025,-0.435004,-0.785165,not_clean,-1
9788,3011297100104712,0.141370,-0.437548,grouped,76
9789,3030288270104946,0.173066,-0.419288,not_clean,-1
9790,3015292010120067,-0.613147,-0.895394,grouped,250
9791,3080168060120835,-0.346410,-0.736898,grouped,19
9792,3011297030120460,0.635967,-0.143161,not_clean,-1
9793,3011297030120095,0.576339,-0.180435,not_clean,-1
9794,3015292010120391,-0.727241,-0.968891,not_clean,-1
9795,3080168060120983,-0.372107,-0.755595,not_clean,-1
9796,3011297010122276,0.997589,0.071863,not_clean,-1
9797,3011297010121153,0.933972,0.033246,not_clean,-1
9798,3015292010120358,-0.701439,-0.955768,grouped,263
9799,3003054010120033,0.718061,-0.099698,not_clean,-1
9800,3080168060107801,-0.240565,-0.679204,not_clean,-1
9801,3080168070124806,-1.073765,-1.182651,not_clean,-1
9802,3011297010122632,0.961459,0.046486,not_clean,-1
9803,3011297020120536,0.878383,-0.004051,not_clean,-1
9804,3011297020122477,1.036364,0.091423,grouped,348
9805,3069464160122617,1.158528,0.165179,grouped,273
9806,3011297020120312,0.852102,-0.021312,not_clean,-1
9807,3030288270103329,0.211374,-0.408829,grouped,185
9808,3080168070120969,-1.017751,-1.152005,grouped,123
9809,3080168060121568,-0.377098,-0.765565,grouped,261
9810,3011297100105594,-0.104295,-0.600908,grouped,37
9811,3074398040100271,-2.594975,-2.104327,grouped,113
9812,3080168060120674,-0.424708,-0.794998,grouped,144
9813,3074398040101053,-2.401686,-1.989020,not_clean,-1
9814,3074398040100136,-2.513331,-2.056391,not_clean,-1
9815,3011297010120741,0.890898,-0.002124,grouped,355
9816,3015292010120390,-0.721322,-0.976777,grouped,338
9817,3015292010120243,-0.688873,-0.957605,grouped,41
9818,3074398040100662,-2.673694,-2.155413,not_clean,-1
9819,3069464160125121,1.187873,0.175448,grouped,179
9820,3030288270101554,0.225701,-0.407520,grouped,200
9821,3011297020121415,0.871563,-0.017247,not_clean,-1
9822,3074398040100898,-2.718281,-2.184352,not_clean,-1
9823,3011297020120983,0.837910,-0.039162,not_clean,-1
9824,3080168070123976,-1.045228,-1.177221,grouped,126
9825,3015292010122649,-0.887689,-1.082191,grouped,124
9826,3069464080120920,1.153890,0.151180,not_clean,-1
9827,3080168070121863,-1.019114,-1.162102,grouped,10
9828,3030288270106882,0.289383,-0.371816,not_clean,-1
9829,3080168060120352,-0.413048,-0.797400,grouped,144
9830,3011297030120436,0.705887,-0.122931,grouped,355
9831,3011297010120668,0.946852,0.022400,not_clean,-1
9832,3074398040100022,-2.578834,-2.106095,grouped,311
9833,3080168060121462,-0.488563,-0.845594,grouped,74
9834,3011297010120159,0.916581,0.002770,not_clean,-1
9835,3011297030120513,0.599492,-0.189246,not_clean,-1
9836,3069464160120769,1.236740,0.195132,grouped,348
9837,3015292010120291,-0.670151,-0.957978,grouped,263
9838,3074398040100752,-2.529378,-2.079794,not_clean,-1
9839,3080168060120432,-0.476872,-0.841716,grouped,143
9840,3080168080114405,-0.125339,-0.629845,grouped,181
9841,3011297020122462,1.083217,0.100348,not_clean,-1
9842,3080168060121758,-0.389047,-0.789776,not_clean,-1
9843,3080168080105738,-0.153631,-0.647663,grouped,145
9844,3080168080109356,-0.109135,-0.621134,grouped,128
9845,3011297100101016,0.122504,-0.481463,grouped,180
9846,3074398040100423,-2.607378,-2.128699,grouped,311
9847,3011297100104161,-0.068413,-0.597651,grouped,128
9848,3080168070126611,-0.932912,-1.119876,grouped,283
9849,3011297010120640,0.998675,0.046624,not_clean,-1
9850,3030288270102857,0.263836,-0.397862,grouped,124
9851,3011297100108721,-0.059866,-0.594100,not_clean,-1
9852,3011297010120152,0.992900,0.041507,not_clean,-1
9853,3003054010120168,0.549521,-0.227932,not_clean,-1
9854,3011297030120866,0.712415,-0.129748,not_clean,-1
9855,3080168080102089,-0.181987,-0.671421,grouped,33
9856,3015292010121574,-0.526019,-0.880201,not_clean,-1
9857,3080168080104625,-0.146124,-0.652354,grouped,34
9858,3011297010121636,0.934287,0.000236,not_clean,-1
9859,3011297010122086,0.948112,0.007960,not_clean,-1
9860,3069464080122165,1.142622,0.124221,grouped,273
9861,3074398040100007,-2.637759,-2.157322,grouped,147
9862,3011297030120023,0.645778,-0.176110,not_clean,-1
9863,3074398040100024,-2.548519,-2.103794,grouped,126
9864,3015292010120847,-0.746700,-1.017290,not_clean,-1
9865,3069464080120439,1.166671,0.137980,grouped,348
9866,3003054010120271,0.516403,-0.254863,grouped,347
9867,3080168060124150,-0.489352,-0.862850,grouped,65
9868,3080168070122885,-1.064949,-1.211965,grouped,147
9869,3080168070122194,-1.158946,-1.268892,grouped,121
9870,3080168080111822,-0.193086,-0.686348,grouped,37
9871,3080168070120329,-0.970961,-1.156275,not_clean,-1
9872,3074398040100129,-2.661401,-2.176561,grouped,92
9873,3080168060120326,-0.376338,-0.799706,grouped,117
9874,3011297010121795,1.016281,0.039797,not_clean,-1
9875,3080168060122022,-0.287256,-0.749427,grouped,261
9876,3074398040100838,-2.543089,-2.110164,not_clean,-1
9877,3030288270103103,0.211643,-0.448661,not_clean,-1
9878,3003054010122267,0.539665,-0.251370,not_clean,-1
9879,3015292010121442,-0.735678,-1.021835,grouped,7
9880,3015292010121685,-0.858014,-1.096039,grouped,187
9881,3003054010120177,0.848487,-0.066113,not_clean,-1
9882,3080168080109709,-0.201643,-0.700429,not_clean,-1
9883,3074398040100501,-2.638827,-2.170717,grouped,311
9884,3015292010120487,-0.586496,-0.934423,not_clean,-1
9885,3050587030101202,-0.003938,-0.583387,grouped,179
9886,3015292010120059,-0.640586,-0.968250,grouped,262
9887,3015292010121346,-0.788116,-1.057549,grouped,319
9888,3011297030120891,0.722080,-0.146158,grouped,355
9889,3003054010120408,0.763684,-0.121503,not_clean,-1
9890,3003054010121062,0.529409,-0.263168,not_clean,-1
9891,3080168070121979,-1.052882,-1.218563,grouped,126
9892,3030288270106174,0.253141,-0.430716,grouped,356
9893,3003054010121436,0.524233,-0.267273,not_clean,-1
9894,3069464080120945,1.223033,0.154293,not_clean,-1
9895,3080168070121830,-0.989748,-1.181816,grouped,123
9896,3074398040100323,-2.603114,-2.154254,not_clean,-1
9897,3080168060122019,-0.314317,-0.774483,not_clean,-1
9898,3003054010120204,0.601037,-0.222281,not_clean,-1
9899,3080168080103605,-0.198902,-0.706560,not_clean,-1
9900,3074398040100167,-2.444872,-2.061403,grouped,120
9901,3080168080115108,-0.141998,-0.673312,grouped,33
9902,3015292010121095,-0.632479,-0.970197,grouped,179
9903,3015292010120423,-0.611513,-0.957945,grouped,142
9904,3011297030121095,0.714655,-0.158709,not_clean,-1
9905,3080168070120713,-0.893518,-1.129707,grouped,26
9906,3011297010120632,1.019491,0.024644,not_clean,-1
9907,3080168320120261,0.443402,-0.323346,grouped,343
9908,3011297010120285,0.991222,0.006796,not_clean,-1
9909,3069464080122748,1.199841,0.132118,grouped,348
9910,3015292010120340,-0.642348,-0.980245,grouped,319
9911,3011297030120440,0.589702,-0.236840,not_clean,-1
9912,3080168080117158,-0.113508,-0.661800,grouped,37
9913,3080168080111222,-0.173083,-0.698689,grouped,21
9914,3080168070124260,-1.013106,-1.206037,grouped,123
9915,3011297010120938,0.885330,-0.060245,not_clean,-1
9916,3069464080122139,1.237416,0.151895,grouped,182
9917,3080168060121560,-0.346018,-0.804094,not_clean,-1
9918,3020524010121334,1.139257,0.092094,grouped,348
9919,3003054010120884,0.771688,-0.130397,not_clean,-1
9920,3015292010121352,-0.669923,-1.000922,not_clean,-1
9921,3080168060122767,-0.503973,-0.901686,grouped,72
9922,3011297010120711,0.900739,-0.054023,grouped,354
9923,3015292010120135,-0.870408,-1.123063,grouped,124
9924,3080168080105205,-0.130490,-0.676637,grouped,33
9925,3011297030121157,0.704121,-0.176582,grouped,355
9926,3015292010122413,-0.756465,-1.058177,grouped,124
9927,3030288270106095,0.103285,-0.540655,not_clean,-1
9928,3011297030120692,0.691662,-0.186398,not_clean,-1
9929,3051001040125269,1.411121,0.247579,not_clean,-1
9930,3011297010120479,1.124626,0.074146,grouped,348
9931,3011297010121548,1.008498,0.003095,grouped,353
9932,3080168070123173,-0.923510,-1.163340,grouped,275
9933,3011297010121273,0.956543,-0.029312,not_clean,-1
9934,3080168060120126,-0.515664,-0.918637,not_clean,-1
9935,3011297030120742,0.706835,-0.181148,grouped,355
9936,3015292010120819,-0.624781,-0.985244,grouped,147
9937,3080168080120596,-0.196548,-0.728340,grouped,144
9938,3011297010120062,1.115050,0.063211,not_clean,-1
9939,3011297030120894,0.733668,-0.167174,not_clean,-1
9940,3080168080114267,-0.084071,-0.661230,not_clean,-1
9941,3080168080113135,-0.113021,-0.679213,grouped,33
9942,3080168080101932,-0.066190,-0.651463,not_clean,-1
9943,3080168080110211,-0.021832,-0.624812,grouped,30
9944,3011297010120800,0.907959,-0.063717,not_clean,-1
9945,3080168060120420,-0.264567,-0.772078,grouped,42
9946,3080168080113898,-0.168378,-0.714311,grouped,17
9947,3015292010121123,-0.705943,-1.038749,not_clean,-1
9948,3074398040100446,-2.587639,-2.172524,grouped,117
9949,3074398040100675,-2.575886,-2.165904,grouped,297
9950,3011297030121158,0.609390,-0.247714,not_clean,-1
9951,3015292010122747,-0.731521,-1.057087,not_clean,-1
9952,3030288270103725,0.119645,-0.543758,not_clean,-1
9953,3003054010121112,0.510760,-0.307998,grouped,183
9954,3003054010120054,0.830543,-0.115060,grouped,353
9955,3080168070120937,-0.922790,-1.174251,not_clean,-1
9956,3030288270105127,0.278118,-0.451205,not_clean,-1
9957,3030288270104209,0.068750,-0.577587,not_clean,-1
9958,3011297010120767,0.895937,-0.078501,not_clean,-1
9959,3015292010120848,-0.532729,-0.940655,grouped,75
9960,3015292010120669,-0.813619,-1.110640,grouped,361
9961,3011297030120850,0.733742,-0.177441,not_clean,-1
9962,3074398040100275,-2.516396,-2.138191,grouped,147
9963,3080168080101267,-0.119873,-0.694568,grouped,203
9964,3080168070125716,-0.875880,-1.150623,grouped,261
9965,3069464080123190,1.222564,0.114046,grouped,221
9966,3003054010120331,0.590464,-0.267969,not_clean,-1
9967,3080168080120602,-0.039175,-0.648623,not_clean,-1
9968,3003054010120015,0.869093,-0.101500,grouped,348
9969,3003054010121366,0.638106,-0.241653,grouped,273
9970,3015292010120547,-0.788725,-1.103153,not_clean,-1
9971,3003054010126991,0.867126,-0.104330,not_clean,-1
9972,3080168070120550,-0.858062,-1.146241,grouped,125
9973,3015292010121308,-0.702451,-1.052541,grouped,147
9974,3003054010120011,0.663261,-0.229056,not_clean,-1
9975,3074398040100040,-2.557339,-2.170764,not_clean,-1
9976,3080168080109842,-0.070843,-0.672830,grouped,19
9977,3030288270110608,0.168113,-0.530790,grouped,348
9978,3011297010122192,1.166259,0.070529,not_clean,-1
9979,3003054010120332,0.774563,-0.166503,not_clean,-1
9980,3080168060121995,-0.292171,-0.810108,grouped,11
9981,3080168080106677,-0.099805,-0.694441,not_clean,-1
9982,3080168060122703,-0.319080,-0.827707,grouped,142
9983,3003054010120613,0.636292,-0.251579,grouped,273
9984,3003054010120766,0.797969,-0.154983,not_clean,-1
9985,3015292010121249,-0.535837,-0.959586,grouped,71
9986,3030288270100462,0.121381,-0.563296,not_clean,-1
9987,3069464080121957,1.185908,0.078804,not_clean,-1
9988,3003054010120282,0.693674,-0.218817,not_clean,-1
9989,3011297010122376,1.137038,0.048125,grouped,348
9990,3011297010120385,1.112312,0.033166,grouped,349
9991,3011297010122859,1.117223,0.035598,grouped,350
9992,3080168070121893,-1.086514,-1.293457,not_clean,-1
9993,3074398040100610,-2.575038,-2.189790,grouped,147
9994,3080168080120589,-0.141184,-0.724659,grouped,22
9995,3015292010120683,-0.547442,-0.969936,grouped,203
9996,3030288270100158,0.116704,-0.570226,grouped,212
9997,3051001040120930,1.421863,0.216887,grouped,183
9998,3080168060121562,-0.349210,-0.853655,grouped,277
9999,3011297010121382,1.042003,-0.015120,not_clean,-1
10000,3080168060120188,-0.219727,-0.776426,grouped,144
10001,3003054010121002,0.685098,-0.231494,not_clean,-1
10002,3051001040124214,1.404635,0.201421,not_clean,-1
10003,3011297010121837,1.141066,0.041941,not_clean,-1
10004,3011297010120355,1.100032,0.016057,not_clean,-1
10005,3080168080109423,-0.096417,-0.705581,grouped,22
10006,3015292010121345,-0.681248,-1.058245,grouped,3
10007,3080168070123782,-1.026609,-1.266646,not_clean,-1
10008,3015292010120160,-0.711868,-1.079134,not_clean,-1
10009,3080168320121574,0.446198,-0.381194,grouped,273
10010,3030288270105108,0.338098,-0.449094,grouped,198
10011,3051001040120242,1.459391,0.226985,not_clean,-1
10012,3003054010120045,0.828091,-0.154537,grouped,354
10013,3011297030120592,0.757235,-0.197801,grouped,355
10014,3015292010122453,-0.690890,-1.071525,not_clean,-1
10015,3003054010121432,0.633577,-0.273178,not_clean,-1
10016,3011297010121079,0.942278,-0.087042,not_clean,-1
10017,3030288270101835,0.329628,-0.457713,grouped,144
10018,3080168070120173,-1.013885,-1.267725,grouped,126
10019,3080168080120419,-0.108664,-0.722290,grouped,16
10020,3003054010120223,0.601242,-0.294439,not_clean,-1
10021,3080168080103064,0.025032,-0.642861,grouped,34
10022,3080168070120286,-0.968411,-1.243110,grouped,74
10023,3080168060122540,-0.248611,-0.810566,grouped,144
10024,3080168060120972,-0.332945,-0.861646,not_clean,-1
10025,3080168080109266,-0.040684,-0.685579,grouped,145
10026,3051001040121638,1.393272,0.178190,grouped,350
10027,3051001040122711,1.502790,0.243045,not_clean,-1
10028,3074398040100976,-2.602366,-2.230852,not_clean,-1
10029,3074398040100427,-2.641155,-2.254378,grouped,99
10030,3003054010121068,0.600534,-0.302568,grouped,196
10031,3003054010120717,0.506345,-0.359488,grouped,273
10032,3074398040101082,-2.477239,-2.156923,not_clean,-1
10033,3011297010120946,1.058510,-0.028005,not_clean,-1
10034,3080168070120255,-1.054676,-1.302980,grouped,205
10035,3011297010120517,0.930109,-0.107007,not_clean,-1
10036,3003054010120028,0.865072,-0.146309,not_clean,-1
10037,3011297010120477,0.912296,-0.118310,not_clean,-1
10038,3080168080106075,-0.062341,-0.706225,grouped,19
10039,3011297010120860,1.110146,0.000279,not_clean,-1
10040,3074398040100457,-2.697956,-2.298440,grouped,297
10041,3030288410122730,0.392800,-0.438213,grouped,182
10042,3080168060120266,-0.395930,-0.914298,not_clean,-1
10043,3011297030120873,0.666127,-0.274503,not_clean,-1
10044,3011297010122479,1.211570,0.052975,grouped,348
10045,3080168070122390,-0.910135,-1.225929,grouped,338
10046,3011297010122887,1.080750,-0.026341,not_clean,-1
10047,3003054010120632,0.822691,-0.182235,not_clean,-1
10048,3011297010122623,1.219849,0.056941,not_clean,-1
10049,3069464080120542,1.223457,0.058405,grouped,353
10050,3080168060121203,-0.278010,-0.846762,not_clean,-1
10051,3051001040122090,1.557953,0.259715,not_clean,-1
10052,3011297010120010,0.992052,-0.082090,not_clean,-1
10053,3074398040100794,-2.562196,-2.222241,grouped,142
10054,3003054010120043,0.879110,-0.150426,not_clean,-1
10055,3074398040100531,-2.630092,-2.263270,grouped,142
10056,3080168080117196,-0.035050,-0.701977,grouped,263
10057,3080168060120654,-0.321024,-0.874693,grouped,319
10058,3011297010120706,0.936487,-0.117079,not_clean,-1
10059,3074398040100268,-2.379227,-2.114891,grouped,147
10060,3030288270100179,0.323275,-0.488364,not_clean,-1
10061,3011297010121148,0.986476,-0.089520,not_clean,-1
10062,3080168060122048,-0.298754,-0.864554,not_clean,-1
10063,3011297010120300,1.055959,-0.048225,not_clean,-1
10064,3080168080121971,-0.063048,-0.723035,grouped,22
10065,3003054010123490,0.528802,-0.367268,grouped,178
10066,3080168080122350,-0.131759,-0.765751,grouped,146
10067,3069404020122160,-1.063686,-1.327239,grouped,283
10068,3030288410105587,0.125898,-0.611847,grouped,179
10069,3069464080122840,1.251990,0.066437,grouped,359
10070,3011297030120480,0.726077,-0.250601,not_clean,-1
10071,3080168060123814,-0.334241,-0.890666,not_clean,-1
10072,3003054010120601,0.596364,-0.330330,not_clean,-1
10073,3011297010121220,0.952796,-0.117286,not_clean,-1
10074,3011297010120060,1.002774,-0.087427,not_clean,-1
10075,3011297010121380,1.192008,0.024402,not_clean,-1
10076,3069404020120027,-1.011105,-1.303531,grouped,81
10077,3015292010121125,-0.674527,-1.101766,grouped,71
10078,3011297010121268,1.118913,-0.022543,not_clean,-1
10079,3011297010121820,1.234926,0.046636,not_clean,-1
10080,3080168080121065,-0.135332,-0.779138,grouped,2
10081,3080168080120258,-0.072598,-0.741850,not_clean,-1
10082,3080168060120828,-0.385366,-0.932099,not_clean,-1
10083,3011297030120698,0.772282,-0.235389,not_clean,-1
10084,3080168080104937,0.079395,-0.653032,grouped,250
10085,3080168340123978,-0.532917,-1.023063,grouped,277
10086,3011297010120886,0.941875,-0.134615,not_clean,-1
10087,3051001040123408,1.442789,0.166901,grouped,348
10088,3003054010120918,0.621022,-0.328404,not_clean,-1
10089,3051001040120299,1.380833,0.129014,not_clean,-1
10090,3080168060122282,-0.209116,-0.829781,grouped,143
10091,3051001040122200,1.401888,0.140483,not_clean,-1
10092,3080168060122681,-0.356296,-0.919723,not_clean,-1
10093,3080168060120833,-0.180026,-0.813685,grouped,145
10094,3015292010122125,-0.629068,-1.085747,grouped,85
10095,3015292010120454,-0.584625,-1.059273,grouped,302
10096,3080168070123567,-0.881268,-1.241196,not_clean,-1
10097,3080168080121239,-0.020085,-0.723030,not_clean,-1
10098,3030288410104612,0.155755,-0.617591,grouped,25
10099,3011297010120907,0.976433,-0.123486,not_clean,-1
10100,3011297010120339,1.022727,-0.096150,not_clean,-1
10101,3011297010122291,1.074816,-0.065156,not_clean,-1
10102,3080168060122593,-0.296920,-0.891756,not_clean,-1
10103,3011297010120645,0.928398,-0.153810,not_clean,-1
10104,3003054010123299,0.525293,-0.397092,not_clean,-1
10105,3011297010120227,1.218741,0.020683,grouped,355
10106,3051001040123661,1.552416,0.221228,not_clean,-1
10107,3030288270105017,0.260305,-0.557420,grouped,35
10108,3080168080110250,0.080012,-0.666175,not_clean,-1
10109,3080168320120315,0.487804,-0.420742,grouped,26
10110,3069464080120024,1.288548,0.060565,grouped,360
10111,3069464080120418,1.306349,0.070920,not_clean,-1
10112,3011297010120980,1.085759,-0.062082,grouped,213
10113,3080168080110934,0.111951,-0.648895,not_clean,-1
10114,3011297010121158,1.205743,0.009355,not_clean,-1
10115,3011297010120504,1.098799,-0.056513,not_clean,-1
10116,3080168070120922,-0.848799,-1.230332,grouped,125
10117,3051001040120069,1.582581,0.233430,not_clean,-1
10118,3020393010120137,0.646611,-0.330639,grouped,200
10119,3074398040100816,-2.527309,-2.240081,grouped,77
10120,3080168080108536,0.038674,-0.697761,grouped,146
10121,3080168080121136,0.000273,-0.720926,not_clean,-1
10122,3003054010121630,0.826280,-0.224053,grouped,355
10123,3080168320123856,0.503455,-0.418610,not_clean,-1
10124,3030288410117681,0.140179,-0.638428,not_clean,-1
10125,3080168320126479,0.460146,-0.445759,not_clean,-1
10126,3080168060122414,-0.459313,-0.999521,not_clean,-1
10127,3069464080121521,1.344609,0.086437,not_clean,-1
10128,3020393010121340,0.777634,-0.255331,not_clean,-1
10129,3015292010121396,-0.597732,-1.083748,grouped,370
10130,3030288270105709,0.192471,-0.608185,not_clean,-1
10131,3080168080107217,0.098023,-0.666438,not_clean,-1
10132,3080168340120278,-0.509748,-1.033183,grouped,121
10133,3069404020121560,-0.909580,-1.275285,grouped,112
10134,3080168080120093,-0.136302,-0.810192,grouped,10
10135,3030288270100285,0.259018,-0.572336,grouped,30
10136,3080168080120665,-0.117362,-0.799277,grouped,145
10137,3080168060120800,-0.226616,-0.865144,not_clean,-1
10138,3051001040122308,1.568945,0.215583,not_clean,-1
10139,3020393010120953,0.728470,-0.290790,not_clean,-1
10140,3030288410125729,0.417379,-0.478844,not_clean,-1
10141,3011297010120254,1.118972,-0.056312,not_clean,-1
10142,3080168080105555,0.096160,-0.672410,not_clean,-1
10143,3080168330121247,-0.684428,-1.143240,grouped,275
10144,3011297010122204,1.184625,-0.018075,grouped,348
10145,3003054010120378,0.856831,-0.215807,not_clean,-1
10146,3011297010121201,1.060381,-0.093489,not_clean,-1
10147,3015292010122011,-0.623321,-1.107397,grouped,124
10148,3003054010120385,0.807087,-0.247437,not_clean,-1
10149,3080168080122154,-0.067286,-0.774029,grouped,145
10150,3080168330120872,-0.538987,-1.058028,grouped,277
10151,3080168330122510,-0.703339,-1.157426,grouped,85
10152,3011297010120111,0.942012,-0.167169,not_clean,-1
10153,3080168060121850,-0.401581,-0.976201,grouped,211
10154,3080168060120876,-0.307972,-0.920022,not_clean,-1
10155,3051001040121293,1.502194,0.167917,not_clean,-1
10156,3011297010120150,1.166703,-0.035493,not_clean,-1
10157,3080168320121017,0.489880,-0.443629,grouped,181
10158,3080168080120349,-0.108257,-0.804546,grouped,11
10159,3011297010120306,0.961217,-0.160714,not_clean,-1
10160,3080168060121145,-0.448980,-1.009892,grouped,146
10161,3011297010120787,0.930203,-0.180994,grouped,349
10162,3003054010120577,0.816273,-0.249898,grouped,353
10163,3003054010123429,0.639116,-0.357821,grouped,273
10164,3080168060123100,-0.243078,-0.889331,not_clean,-1
10165,3080168080106355,0.098387,-0.685523,grouped,205
10166,3069464080121308,1.274664,0.021904,grouped,348
10167,3011297010120793,1.050795,-0.113024,not_clean,-1
10168,3011297010120820,1.046159,-0.115866,not_clean,-1
10169,3080168060120090,-0.192508,-0.863324,grouped,88
10170,3069404020124040,-0.893136,-1.284834,not_clean,-1
10171,3011297010120599,1.249577,0.004316,grouped,349
10172,3011297010120475,1.150178,-0.055975,not_clean,-1
10173,3080168070121159,-0.746571,-1.198859,not_clean,-1
10174,3030288410100975,0.277278,-0.583242,grouped,184
10175,3080168060122827,-0.366931,-0.971076,not_clean,-1
10176,3051100060115885,0.179354,-0.644184,not_clean,-1
10177,3069464080120521,1.276257,0.015515,not_clean,-1
10178,3069404020121664,-0.869845,-1.276824,grouped,125
10179,3080168080122617,-0.060775,-0.790906,grouped,147
10180,3080168340124310,-0.475487,-1.040497,grouped,277
10181,3011297010121824,1.201104,-0.032265,not_clean,-1
10182,3069404020121920,-0.971044,-1.340382,grouped,283
10183,3080168060122230,-0.352981,-0.968730,not_clean,-1
10184,3003054010120964,0.801457,-0.274873,not_clean,-1
10185,3080168080101326,0.103163,-0.695762,grouped,36
10186,3080168060121286,-0.195819,-0.876472,grouped,77
10187,3080168330120039,-0.538684,-1.082735,grouped,124
10188,3080168080121444,-0.181423,-0.868415,grouped,71
10189,3051001040121721,1.376527,0.069122,not_clean,-1
10190,3051001040122240,1.496513,0.141109,grouped,349
10191,3080168080122345,-0.155565,-0.853616,grouped,73
10192,3011297010120068,1.181677,-0.048767,not_clean,-1
10193,3011297010120017,1.192588,-0.042521,not_clean,-1
10194,3011297010120839,1.030213,-0.141073,not_clean,-1
10195,3080168080124613,-0.083066,-0.811143,not_clean,-1
10196,3011297010122299,1.162312,-0.062419,not_clean,-1
10197,3011297010120891,1.097638,-0.102699,not_clean,-1
10198,3080168080110423,0.133426,-0.683248,not_clean,-1
10199,3080168330121125,-0.601566,-1.126583,grouped,204
10200,3080168080122922,-0.036601,-0.787561,not_clean,-1
10201,3080168080120676,-0.118473,-0.837096,not_clean,-1
10202,3011297010130111,1.129967,-0.085901,grouped,359
10203,3011297010120414,1.208801,-0.038997,not_clean,-1
10204,3080168080120728,-0.128562,-0.844516,grouped,73
10205,3080168130121261,0.551680,-0.435351,grouped,273
10206,3080168330123965,-0.585943,-1.120395,grouped,275
10207,3080168080120429,0.068589,-0.726788,grouped,261
10208,3074398040100657,-2.452729,-2.243149,grouped,147
10209,3080168120102832,0.271607,-0.606439,grouped,19
10210,3080168330120150,-0.676417,-1.176937,grouped,275
10211,3069404020120347,-0.961694,-1.349066,grouped,302
10212,3069404020120182,-0.999413,-1.373653,grouped,121
10213,3080168080106373,0.129646,-0.694752,grouped,36
10214,3011297010120210,0.994116,-0.174792,not_clean,-1
10215,3011297010120424,1.032296,-0.152049,not_clean,-1
10216,3080168070123381,-0.835243,-1.276062,grouped,302
10217,3003054010120032,0.689795,-0.358736,grouped,273
10218,3080168060120501,-0.378542,-1.002301,not_clean,-1
10219,3080168330121765,-0.587057,-1.127792,grouped,338
10220,3069464080121108,1.341951,0.032280,grouped,349
10221,3011297010120574,0.921276,-0.222594,not_clean,-1
10222,3011297010120133,0.929158,-0.218135,not_clean,-1
10223,3011297010120228,1.014492,-0.167455,not_clean,-1
10224,3011297010130375,1.187749,-0.063797,not_clean,-1
10225,3003054010121964,0.708113,-0.352601,grouped,182
10226,3080168340124566,-0.436441,-1.041572,not_clean,-1
10227,3080168080120934,-0.155792,-0.873990,grouped,203
10228,3003054010120149,0.887577,-0.247238,not_clean,-1
10229,3080168340121484,-0.421392,-1.035568,grouped,112
10230,3003054010121754,0.782790,-0.311458,not_clean,-1
10231,3080168070121940,-0.734187,-1.224942,grouped,115
10232,3011297010121699,1.169903,-0.080023,grouped,354
10233,3069404020121097,-0.875288,-1.310435,grouped,112
10234,3011297010121839,1.214087,-0.053885,not_clean,-1
10235,3080168080120977,-0.131282,-0.863876,grouped,204
10236,3011297010120437,1.024836,-0.169274,not_clean,-1
10237,3080168330120495,-0.495965,-1.084267,grouped,117
10238,3080168080120716,-0.061486,-0.823488,grouped,72
10239,3080168320121932,0.364557,-0.567487,grouped,199
10240,3080168330121490,-0.619083,-1.160571,not_clean,-1
10241,3011297010120738,1.015292,-0.177672,not_clean,-1
10242,3080168320120046,0.505609,-0.485067,grouped,10
10243,3080168320120523,0.413635,-0.540493,grouped,273
10244,3080168340120672,-0.390090,-1.023966,grouped,117
10245,3003054010120947,0.858674,-0.273166,grouped,348
10246,3080168060121170,-0.247005,-0.938448,not_clean,-1
10247,3069404020123674,-0.890320,-1.325816,grouped,225
10248,3069464080121949,1.332874,0.011067,not_clean,-1
10249,3003054010122243,0.691843,-0.375461,grouped,196
10250,3069404020121909,-0.989576,-1.386950,grouped,146
10251,3003054010121485,0.878658,-0.264175,grouped,356
10252,3080168340123816,-0.254299,-0.945634,not_clean,-1
10253,3080168330120536,-0.612236,-1.160971,grouped,203
10254,3080168340122487,-0.275780,-0.960686,not_clean,-1
10255,3080168070120622,-0.757021,-1.250026,not_clean,-1
10256,3080168330124729,-0.724988,-1.231884,grouped,117
10257,3011297010121589,1.196273,-0.077400,grouped,213
10258,3080168320123434,0.404502,-0.553681,grouped,182
10259,3080168130121413,0.533484,-0.477202,grouped,179
10260,3069404020125665,-0.999274,-1.399437,grouped,125
10261,3080168330120113,-0.509397,-1.105284,grouped,112
10262,3080168320121662,0.358061,-0.584067,grouped,37
10263,3011297010121497,1.095930,-0.140322,not_clean,-1
10264,3011297010121165,0.973486,-0.215219,not_clean,-1
10265,3069464080125849,1.293555,-0.022719,not_clean,-1
10266,3011297010120443,0.996823,-0.202381,not_clean,-1
10267,3080168120110568,0.192378,-0.686376,grouped,5
10268,3080168330122555,-0.545143,-1.130390,grouped,114
10269,3003054010120352,0.860025,-0.286026,not_clean,-1
10270,3011297010121071,1.192919,-0.085915,grouped,360
10271,3003054010120553,0.816800,-0.313027,not_clean,-1
10272,3080168080121861,0.059703,-0.769317,grouped,80
10273,3080168120108472,0.223463,-0.671074,grouped,1
10274,3011297010121886,1.174763,-0.099129,grouped,213
10275,3080168070123202,-0.772446,-1.269933,grouped,283
10276,3080168340120681,-0.466520,-1.086640,grouped,112
10277,3080168320121211,0.427530,-0.550054,grouped,179
10278,3011297010120194,1.145230,-0.118462,not_clean,-1
10279,3080168130120847,0.567812,-0.465757,grouped,179
10280,3080168340121824,-0.317336,-0.998190,not_clean,-1
10281,3011297010131220,1.223855,-0.072074,grouped,213
10282,3003054010122380,0.666104,-0.408697,grouped,178
10283,3069404020121457,-0.815433,-1.300053,not_clean,-1
10284,3080168120104073,0.206725,-0.686187,not_clean,-1
10285,3003054010123061,0.678465,-0.402714,grouped,273
10286,3080168130120308,0.581465,-0.461154,grouped,347
10287,3011297010120016,0.981874,-0.221398,not_clean,-1
10288,3080168330121314,-0.605276,-1.177148,grouped,114
10289,3011297010130010,1.149843,-0.123517,not_clean,-1
10290,3080168340121158,-0.291200,-0.990038,not_clean,-1
10291,3080168080120284,-0.195824,-0.933058,grouped,71
10292,3011297010120042,1.239592,-0.070401,grouped,349
10293,3080168330122189,-0.697609,-1.235277,grouped,275
10294,3080168340120971,-0.272826,-0.980787,not_clean,-1
10295,3080168080121050,-0.200660,-0.938607,not_clean,-1
10296,3080168330120054,-0.565283,-1.157753,grouped,275
10297,3080168330122037,-0.527088,-1.137843,grouped,302
10298,3011297010121847,1.149873,-0.130668,not_clean,-1
10299,3080168130121388,0.525809,-0.506236,grouped,205
10300,3080168120121786,0.233575,-0.682396,not_clean,-1
10301,3080168330120566,-0.611399,-1.190320,grouped,125
10302,3080168320122797,0.421802,-0.570503,grouped,179
10303,3011297010120049,0.957415,-0.248568,grouped,350
10304,3080168330121215,-0.661995,-1.222234,not_clean,-1
10305,3080168340121935,-0.401994,-1.067377,grouped,117
10306,3080168080120464,0.073045,-0.782931,grouped,361
10307,3003054010120815,0.871832,-0.303146,grouped,348
10308,3051001040122172,1.376335,0.000012,not_clean,-1
10309,3011297010121708,1.204239,-0.103704,grouped,352
10310,3011297010120219,1.015918,-0.217377,not_clean,-1
10311,3011297010121422,1.048161,-0.198088,not_clean,-1
10312,3011297010120338,1.043462,-0.202062,not_clean,-1
10313,3003054010120305,0.739592,-0.384833,grouped,273
10314,3080168120123170,0.183054,-0.719892,grouped,13
10315,3080168120104545,0.305280,-0.646623,grouped,275
10316,3080168140121189,-0.240390,-0.974649,grouped,132
10317,3080168340121417,-0.352570,-1.043209,not_clean,-1
10318,3011297010120091,1.186242,-0.118507,not_clean,-1
10319,3093219080114432,2.208297,0.495879,not_clean,-1
10320,3080168120100114,0.199811,-0.713009,grouped,144
10321,3051001040121168,1.415815,0.017347,not_clean,-1
10322,3080168130122387,0.610331,-0.466908,grouped,197
10323,3011297010121836,1.045070,-0.205599,not_clean,-1
10324,3080168340122481,-0.266964,-0.994995,grouped,275
10325,3069404020123183,-1.035490,-1.457377,nan_hardness,-1
10326,3080168130124025,0.564701,-0.496705,not_clean,-1
10327,3080168080121281,0.032435,-0.817554,grouped,70
10328,3080168120100237,0.324179,-0.642726,grouped,145
10329,3051001040121490,1.567909,0.104654,not_clean,-1
10330,3080168320120672,0.442160,-0.572315,nan_hardness,-1
10331,3080168140122050,-0.211769,-0.965257,nan_hardness,-1
10332,3069404020120476,-0.806651,-1.322571,grouped,112
10333,3011297010120681,1.156768,-0.142898,not_clean,-1
10334,3003054010121439,0.795856,-0.360028,not_clean,-1
10335,3080168340121195,-0.280104,-1.007279,grouped,118
10336,3080168330121332,-0.665513,-1.238972,grouped,275
10337,3051001040121645,1.371223,-0.017439,not_clean,-1
10338,3080168330122111,-0.628740,-1.220064,grouped,207
10339,3011297010120205,0.910620,-0.295622,not_clean,-1
10340,3080168130121599,0.629285,-0.464800,grouped,205
10341,3003054010120664,0.819803,-0.350472,not_clean,-1
10342,3080168330122586,-0.553879,-1.176244,not_clean,-1
10343,3080168120104154,0.234937,-0.702469,grouped,203
10344,3080168340121701,-0.338461,-1.047031,not_clean,-1
10345,3080168320120236,0.490201,-0.549966,not_clean,-1
10346,3080168080120295,0.155552,-0.752337,grouped,11
10347,3080168080121265,0.169890,-0.743931,grouped,36
10348,3003054010121060,0.661520,-0.448938,grouped,273
10349,3080168140121546,-0.199121,-0.966261,grouped,302
10350,3080168330124672,-0.612103,-1.214771,grouped,275
10351,3003054010121365,0.875510,-0.321453,grouped,348
10352,3080168130120188,0.552225,-0.515743,not_clean,-1
10353,3080168120106238,0.224895,-0.712445,grouped,302
10354,3011297010121631,1.131820,-0.168488,not_clean,-1
10355,3080168330122181,-0.597968,-1.207739,grouped,275
10356,3069404020122093,-1.040474,-1.473725,grouped,167
10357,3080168330122017,-0.632215,-1.229544,grouped,153
10358,3080168340121114,-0.353555,-1.062622,grouped,117
10359,3080168330123886,-0.712715,-1.278484,grouped,100
10360,3011297010121643,1.157733,-0.156188,grouped,359
10361,3011297010120511,0.902217,-0.310260,not_clean,-1
10362,3080168320120283,0.439078,-0.588562,not_clean,-1
10363,3080168340120225,-0.369497,-1.074759,grouped,158
10364,3011297010121249,1.082311,-0.203506,not_clean,-1
10365,3069404020125221,-0.862343,-1.371986,grouped,94
10366,3080168340121282,-0.321035,-1.048122,grouped,277
10367,3011297010120024,0.976954,-0.268381,not_clean,-1
10368,3093219050100399,2.133742,0.426098,grouped,12
10369,3080168340121227,-0.326700,-1.052230,grouped,277
10370,3011297010120503,0.935723,-0.294392,not_clean,-1
10371,3003054010120427,0.820344,-0.364182,not_clean,-1
10372,3011297010120030,1.021205,-0.243904,not_clean,-1
10373,3003054010122224,0.686377,-0.445832,grouped,182
10374,3080168330123164,-0.687511,-1.271301,grouped,126
10375,3051001040121515,1.407416,-0.013738,not_clean,-1
10376,3011297010120290,0.998510,-0.260186,not_clean,-1
10377,3080168330120906,-0.653835,-1.252661,grouped,125
10378,3080168330120408,-0.502791,-1.162457,grouped,88
10379,3011297010120520,1.033376,-0.239886,not_clean,-1
10380,3051101030121135,1.865791,0.259898,grouped,183
10381,3080168080120485,0.158127,-0.766276,grouped,196
10382,3080168330121531,-0.748178,-1.311465,grouped,203
10383,3011297010120037,1.172186,-0.158816,not_clean,-1
10384,3080168340122491,-0.392132,-1.098681,grouped,275
10385,3080168330121988,-0.657631,-1.258652,grouped,146
10386,3080168340121150,-0.300035,-1.044958,grouped,113
10387,3011297010121074,1.206197,-0.140236,not_clean,-1
10388,3080168080120255,0.129089,-0.788472,not_clean,-1
10389,3011297010121767,1.293361,-0.089131,not_clean,-1
10390,3051001040124073,1.762521,0.192114,not_clean,-1
10391,3011297010120052,1.270682,-0.104590,grouped,353
10392,3080168130121136,0.622262,-0.494153,not_clean,-1
10393,3069404020126737,-0.876370,-1.394030,not_clean,-1
10394,3080168130121059,0.632934,-0.489012,grouped,205
10395,3011297010120154,1.185377,-0.158584,not_clean,-1
10396,3069404020125291,-0.967117,-1.451078,grouped,43
10397,3080168340121551,-0.363434,-1.089454,grouped,103
10398,3080168340122639,-0.395580,-1.110192,not_clean,-1
10399,3080168330120888,-0.611714,-1.240332,grouped,275
10400,3080168120120460,0.222577,-0.740150,grouped,302
10401,3080168330123610,-0.543799,-1.201345,not_clean,-1
10402,3069464080121583,1.320524,-0.081889,not_clean,-1
10403,3080168130123832,0.677085,-0.470277,grouped,349
10404,3080168080120410,0.168296,-0.775878,not_clean,-1
10405,3011297010120683,1.057562,-0.241863,not_clean,-1
10406,3069464080121889,1.361725,-0.060535,grouped,359
10407,3011297010120442,1.025740,-0.262360,not_clean,-1
10408,3011297010122119,1.236853,-0.136628,not_clean,-1
10409,3080168130121391,0.661554,-0.482676,not_clean,-1
10410,3051001040122582,1.379305,-0.052058,grouped,356
10411,3003054010120971,0.773030,-0.416499,grouped,179
10412,3080168130121644,0.544465,-0.554105,grouped,273
10413,3069404020124283,-0.996745,-1.479975,not_clean,-1
10414,3011297010120666,0.979458,-0.293938,grouped,348
10415,3080168120105778,0.311989,-0.696593,grouped,4
10416,3080168120120124,0.218555,-0.753016,grouped,12
10417,3011297010120715,1.223940,-0.149286,grouped,360
10418,3080168330120246,-0.640852,-1.269345,grouped,100
10419,3080168330122122,-0.609620,-1.250654,grouped,283
10420,3080168330121870,-0.604301,-1.248108,grouped,117
10421,3080168080121369,-0.122741,-0.960790,grouped,153
10422,3069404020123555,-0.748866,-1.336664,grouped,98
10423,3080168140122084,-0.188066,-1.000199,not_clean,-1
10424,3080168120123780,0.189969,-0.773822,not_clean,-1
10425,3011297010121545,1.189631,-0.173723,not_clean,-1
10426,3080168330120953,-0.485482,-1.179909,grouped,277
10427,3069464080121884,1.327501,-0.091644,grouped,353
10428,3011297010121145,1.246213,-0.141198,grouped,356
10429,3080168080122112,0.130323,-0.811556,grouped,212
10430,3080168130124696,0.635676,-0.508535,not_clean,-1
10431,3051001040120958,1.465827,-0.010588,grouped,350
10432,3080168330120972,-0.703490,-1.312888,grouped,338
10433,3080168340120757,-0.341346,-1.095925,grouped,92
10434,3051001040120005,1.590912,0.063308,not_clean,-1
10435,3003054010121354,0.836586,-0.390184,grouped,25
10436,3069404020122452,-0.964804,-1.472184,grouped,103
10437,3080168130121363,0.546297,-0.565461,grouped,387
10438,3080168080120309,-0.145768,-0.981368,grouped,156
10439,3069404020124978,-1.040704,-1.518267,grouped,98
10440,3080168120105905,0.311200,-0.707255,grouped,5
10441,3080168080120737,-0.122631,-0.968176,grouped,277
10442,3011297010120260,1.095973,-0.237810,not_clean,-1
10443,3080168130120640,0.689261,-0.482137,not_clean,-1
10444,3093219050122229,1.941661,0.269799,grouped,349
10445,3080168140121698,-0.280286,-1.064283,grouped,166
10446,3069404020124741,-0.934452,-1.456678,not_clean,-1
10447,3069404020124982,-0.909146,-1.441867,grouped,100
10448,3080168130122273,0.644228,-0.511289,grouped,273
10449,3069404020133073,-0.772056,-1.361337,grouped,103
10450,3080168120123127,0.244975,-0.751699,not_clean,-1
10451,3080168140120529,-0.245890,-1.046815,grouped,146
10452,3080168330122136,-0.493936,-1.196206,not_clean,-1
10453,3011297010120548,1.023007,-0.286559,not_clean,-1
10454,3080168120121451,0.275397,-0.735760,not_clean,-1
10455,3080168130120303,0.568623,-0.560160,grouped,182
10456,3093219050121471,1.974527,0.283156,not_clean,-1
10457,3069404020122129,-0.748910,-1.352347,grouped,146
10458,3080168340120602,-0.341491,-1.108027,grouped,92
10459,3069464080120579,1.334659,-0.102310,grouped,348
10460,3080168080121067,0.071687,-0.860956,not_clean,-1
10461,3051001040123869,1.389754,-0.069892,not_clean,-1
10462,3069404020122170,-0.933808,-1.464478,grouped,148
10463,3011297010121100,1.272093,-0.140984,not_clean,-1
10464,3069404020122461,-0.837074,-1.406817,grouped,148
10465,3080168130123155,0.654600,-0.511893,not_clean,-1
10466,3011297010120862,1.017906,-0.294135,not_clean,-1
10467,3080168120121458,0.284832,-0.736694,not_clean,-1
10468,3051001040121421,1.701012,0.112777,not_clean,-1
10469,3080168120120732,0.207217,-0.784187,grouped,5
10470,3069404020123397,-0.958279,-1.485082,not_clean,-1
10471,3069404020122977,-0.910125,-1.456444,not_clean,-1
10472,3011297010121036,1.017890,-0.300574,not_clean,-1
10473,3069404020123073,-1.067781,-1.553096,grouped,103
10474,3041058040123149,0.778728,-0.445871,not_clean,-1
10475,3069404020123265,-1.018964,-1.524395,grouped,118
10476,3080168130120558,0.551564,-0.583120,grouped,179
10477,3080168140121550,-0.250285,-1.064518,grouped,112
10478,3051001040120046,1.700168,0.105507,grouped,349
10479,3011297010121912,1.327564,-0.118168,not_clean,-1
10480,3080168080121919,0.043920,-0.889479,grouped,162
10481,3011297010121695,1.097648,-0.257445,not_clean,-1
10482,3080168140120861,-0.298089,-1.095435,grouped,277
10483,3080168150122736,0.501753,-0.616071,not_clean,-1
10484,3080168080123713,0.129889,-0.839400,grouped,22
10485,3080168120120363,0.305093,-0.734393,not_clean,-1
10486,3011297010120119,1.143731,-0.231088,not_clean,-1
10487,3080168340121383,-0.372721,-1.141160,grouped,99
10488,3080168330121269,-0.560340,-1.253722,not_clean,-1
10489,3080168140120963,-0.204928,-1.040834,grouped,11
10490,3080168130120237,0.598094,-0.559253,grouped,273
10491,3080168140120555,-0.274003,-1.082512,not_clean,-1
10492,3080168340120868,-0.362631,-1.136610,grouped,103
10493,3011297010121399,1.052968,-0.287457,not_clean,-1
10494,3080168130123974,0.693659,-0.504926,grouped,22
10495,3080168120122615,0.222636,-0.787624,not_clean,-1
10496,3080168080120511,0.154010,-0.829094,grouped,146
10497,3080168340122465,-0.376682,-1.147521,not_clean,-1
10498,3051001040121731,1.707032,0.102396,not_clean,-1
10499,3080168080121390,0.140582,-0.837757,grouped,361
10500,3069404020122292,-0.880216,-1.450011,grouped,125
10501,3069404020120604,-0.764258,-1.381177,grouped,283
10502,3080168080122509,-0.126769,-0.998982,grouped,277
10503,3041058040122209,0.797218,-0.445375,grouped,155
10504,3080168140120140,-0.222750,-1.057600,grouped,121
10505,3080168330120245,-0.585787,-1.275445,grouped,156
10506,3080168330120601,-0.632537,-1.303527,grouped,117
10507,3080168080122454,-0.004224,-0.927766,grouped,361
10508,3011297010120915,0.972008,-0.344487,grouped,221
10509,3041058040122708,0.842717,-0.422939,grouped,57
10510,3041058040121188,0.912002,-0.381377,not_clean,-1
10511,3051101030121265,1.816376,0.158786,not_clean,-1
10512,3051001040121668,1.739057,0.112102,not_clean,-1
10513,3080168130121452,0.539588,-0.607781,grouped,33
10514,3093219080108756,2.234178,0.408667,not_clean,-1
10515,3093219050108250,2.101706,0.329137,grouped,15
10516,3080168330121632,-0.567362,-1.272253,grouped,146
10517,3069404020122899,-0.738125,-1.375084,not_clean,-1
10518,3080168080120444,-0.024982,-0.948402,not_clean,-1
10519,3051101030123449,1.812890,0.152916,not_clean,-1
10520,3080168080121973,0.157620,-0.841019,grouped,0
10521,3041058040121821,0.815267,-0.446912,not_clean,-1
10522,3069404020120930,-0.924573,-1.490274,not_clean,-1
10523,3069404020120071,-1.009553,-1.541306,not_clean,-1
10524,3080168340120897,-0.369695,-1.158079,grouped,160
10525,3011297010121523,0.996681,-0.339339,grouped,221
10526,3041058040120019,0.740477,-0.493437,not_clean,-1
10527,3080168150120308,0.443497,-0.671650,grouped,34
10528,3080168140120578,-0.165049,-1.036929,not_clean,-1
10529,3041058040130497,0.961140,-0.362003,grouped,356
10530,3069404020120838,-1.034363,-1.558759,nan_hardness,-1
10531,3041058040121146,0.734211,-0.499905,not_clean,-1
10532,3069404020123078,-0.990926,-1.534590,not_clean,-1
10533,3011297010120551,0.972411,-0.358128,not_clean,-1
10534,3080168340121347,-0.362264,-1.158740,grouped,103
10535,3069404020120264,-0.899921,-1.481181,not_clean,-1
10536,3051001040122268,1.435113,-0.081144,not_clean,-1
10537,3080168130122287,0.601742,-0.582555,not_clean,-1
10538,3069404020122111,-1.085022,-1.594093,grouped,121
10539,3080168130122925,0.644625,-0.558180,grouped,37
10540,3011297010120403,1.123693,-0.270976,not_clean,-1
10541,3041058040121300,0.834271,-0.444628,not_clean,-1
10542,3080168140122684,-0.168545,-1.046134,not_clean,-1
10543,3080168150121002,0.426615,-0.689277,not_clean,-1
10544,3080168080120870,0.027287,-0.929520,grouped,275
10545,3011297010120314,1.072374,-0.302800,not_clean,-1
10546,3051001040120644,1.567303,-0.006146,not_clean,-1
10547,3051001040122193,1.416253,-0.096997,grouped,349
10548,3011297010121287,1.132441,-0.267557,grouped,360
10549,3080168170121559,-0.425554,-1.202108,grouped,117
10550,3069404020122148,-0.832870,-1.446538,grouped,103
10551,3051101030120638,1.914034,0.200218,not_clean,-1
10552,3080168080121481,0.171633,-0.845111,not_clean,-1
10553,3080168150121482,0.471475,-0.665409,grouped,15
10554,3069404020121843,-0.939426,-1.511353,grouped,310
10555,3080168140121779,-0.249680,-1.098505,grouped,112
10556,3080168120120744,0.362112,-0.731798,not_clean,-1
10557,3080168340121031,-0.328536,-1.146460,grouped,103
10558,3069404020120120,-0.755540,-1.402741,grouped,121
10559,3080168140120995,-0.133361,-1.029946,grouped,117
10560,3069404020121892,-0.717014,-1.379792,not_clean,-1
10561,3069404020120800,-0.892186,-1.485141,grouped,103
10562,3011297010123121,1.315186,-0.162175,not_clean,-1
10563,3041058040125356,0.798104,-0.472812,grouped,33
10564,3093219050108498,2.155961,0.340352,grouped,128
10565,3080168330120549,-0.571179,-1.295246,grouped,283
10566,3080168340121834,-0.305706,-1.137663,not_clean,-1
10567,3069404020122323,-1.096320,-1.611537,grouped,310
10568,3080168120124511,0.256218,-0.801645,not_clean,-1
10569,3080168120120285,0.193689,-0.839277,grouped,156
10570,3093219050106456,2.184412,0.354183,grouped,22
10571,3011297010121897,1.285478,-0.186301,not_clean,-1
10572,3011297010131828,1.243763,-0.211736,not_clean,-1
10573,3080168080120239,0.158423,-0.863165,grouped,146
10574,3041058040120450,0.932567,-0.400626,not_clean,-1
10575,3080168150120365,0.491451,-0.666162,not_clean,-1
10576,3080168150120731,0.474273,-0.677531,grouped,212
10577,3080168080122115,0.069673,-0.920231,not_clean,-1
10578,3069404020120485,-0.841749,-1.466586,not_clean,-1
10579,3080168120120706,0.400351,-0.722539,grouped,35
10580,3069404020120010,-0.913865,-1.510072,not_clean,-1
10581,3069404020120327,-0.946457,-1.529905,not_clean,-1
10582,3080168130121152,0.584368,-0.613130,grouped,128
10583,3080168330120874,-0.608547,-1.328126,grouped,146
10584,3093219080103760,2.242786,0.381302,grouped,362
10585,3069404020123425,-0.821183,-1.456127,grouped,114
10586,3069404020120855,-0.936972,-1.526509,grouped,157
10587,3041058040121577,0.891408,-0.430786,grouped,31
10588,3080168080124003,0.063357,-0.927421,not_clean,-1
10589,3041058040123095,0.798864,-0.486673,grouped,145
10590,3080168140120635,-0.282219,-1.134813,grouped,92
10591,3080168330121326,-0.596015,-1.323749,grouped,98
10592,3080168150120322,0.533678,-0.647142,grouped,360
10593,3080168120121435,0.351479,-0.756500,grouped,78
10594,3069404020120686,-0.979849,-1.554180,grouped,275
10595,3080168120123131,0.326099,-0.771778,not_clean,-1
10596,3080168140121126,-0.210204,-1.093303,grouped,125
10597,3080168130121945,0.649649,-0.578134,grouped,273
10598,3069404020123443,-0.852841,-1.479683,not_clean,-1
10599,3069404020123663,-0.972362,-1.551367,grouped,126
10600,3080168080120546,-0.058940,-1.004233,grouped,11
10601,3011297010120045,1.151934,-0.278315,not_clean,-1
10602,3080168080120282,0.051626,-0.938405,not_clean,-1
10603,3080168170121471,-0.449218,-1.239526,grouped,167
10604,3041058040122128,0.752355,-0.520861,grouped,23
10605,3011297010122773,1.076087,-0.327210,not_clean,-1
10606,3011297010121192,1.271551,-0.210421,grouped,350
10607,3051001040120031,1.451461,-0.102615,not_clean,-1
10608,3080168140124824,-0.087458,-1.025629,not_clean,-1
10609,3080168140121221,-0.201284,-1.094207,grouped,125
10610,3080168330120508,-0.640972,-1.357900,grouped,118
10611,3093219050112628,2.149939,0.314794,grouped,349
10612,3080168140120626,-0.244033,-1.121208,grouped,13
10613,3080168130120334,0.666133,-0.576604,grouped,12
10614,3080168130120037,0.680057,-0.568419,not_clean,-1
10615,3080168170120297,-0.518210,-1.286606,not_clean,-1
10616,3080168130120663,0.697852,-0.558617,grouped,19
10617,3080168120120765,0.302954,-0.795452,grouped,361
10618,3011297010132300,1.212604,-0.250164,grouped,273
10619,3069404020120649,-0.880867,-1.504814,grouped,92
10620,3080168340120597,-0.308211,-1.162970,grouped,148
10621,3080168130123175,0.553866,-0.646670,not_clean,-1
10622,3080168140120385,-0.300105,-1.158509,not_clean,-1
10623,3080168140121073,-0.213714,-1.106835,grouped,146
10624,3069404020122527,-0.955375,-1.551152,grouped,162
10625,3069404020124152,-0.980184,-1.566888,not_clean,-1
10626,3080168140121367,-0.258820,-1.135026,grouped,98
10627,3080168120120603,0.274220,-0.815822,grouped,203
10628,3011297010123327,1.223794,-0.247140,not_clean,-1
10629,3011297010121937,1.098615,-0.322601,not_clean,-1
10630,3080168140120199,-0.284048,-1.151842,grouped,325
10631,3011297010120065,1.127460,-0.305977,not_clean,-1
10632,3011297010120984,1.139116,-0.299644,grouped,221
10633,3080168080120009,0.110136,-0.916737,grouped,75
10634,3051001040123344,1.669634,0.018035,not_clean,-1
10635,3011297010121868,1.269990,-0.221825,grouped,350
10636,3080168160121206,-0.659885,-1.378791,not_clean,-1
10637,3069404020121818,-0.982164,-1.573025,not_clean,-1
10638,3093219050123109,1.961774,0.190397,not_clean,-1
10639,3080168170120168,-0.489584,-1.279182,grouped,11
10640,3080168140122140,-0.147426,-1.074679,grouped,146
10641,3080168120122608,0.258090,-0.831783,not_clean,-1
10642,3080168120121414,0.236365,-0.845006,not_clean,-1
10643,3080168140121107,-0.196962,-1.104718,not_clean,-1
10644,3041058040121781,0.763387,-0.530731,grouped,13
10645,3011297010123243,1.205997,-0.265440,not_clean,-1
10646,3051001040121492,1.743030,0.056499,not_clean,-1
10647,3011297010120081,1.151489,-0.298447,not_clean,-1
10648,3080168140120533,-0.243953,-1.135308,grouped,124
10649,3011297010121906,1.235665,-0.248699,grouped,358
10650,3069464080120100,1.399698,-0.150392,grouped,359
10651,3011297010120179,1.130295,-0.311944,not_clean,-1
10652,3080168120124899,0.216508,-0.859674,grouped,74
10653,3080168170120480,-0.413389,-1.237092,grouped,338
10654,3080168130120076,0.572947,-0.646327,grouped,36
10655,3011297010120576,1.104920,-0.327847,not_clean,-1
10656,3069404020122835,-0.762179,-1.446655,not_clean,-1
10657,3041058040124088,0.776234,-0.525753,not_clean,-1
10658,3041058040120407,0.969140,-0.410147,grouped,36
10659,3080168130121402,0.721344,-0.559229,grouped,2
10660,3041058040120330,0.821642,-0.500241,not_clean,-1
10661,3011297010131596,1.280899,-0.225777,not_clean,-1
10662,3080168140122643,-0.055597,-1.026863,not_clean,-1
10663,3011297010120813,1.090485,-0.340486,not_clean,-1
10664,3080168170120644,-0.455783,-1.268249,not_clean,-1
10665,3011297010122125,1.324741,-0.201443,grouped,358
10666,3080168170120314,-0.496587,-1.293901,grouped,167
10667,3080168170120478,-0.515355,-1.305241,not_clean,-1
10668,3011297010120082,1.130088,-0.319764,not_clean,-1
10669,3041058040120240,0.743442,-0.552224,not_clean,-1
10670,3080168150120984,0.520276,-0.685991,grouped,361
10671,3051001040123296,1.768739,0.061908,not_clean,-1
10672,3080168120121108,0.278560,-0.831218,grouped,145
10673,3080168170121843,-0.523804,-1.311877,grouped,270
10674,3080168140121849,-0.281843,-1.167954,not_clean,-1
10675,3060385020121969,0.441755,-0.734602,not_clean,-1
10676,3051001040122107,1.732738,0.037687,not_clean,-1
10677,3080168170120203,-0.324407,-1.195368,grouped,148
10678,3080168160120661,-0.612847,-1.368388,not_clean,-1
10679,3060385020120720,0.347164,-0.793652,grouped,154
10680,3041058040126523,0.818721,-0.511292,grouped,22
10681,3069404020121566,-0.934083,-1.561281,grouped,162
10682,3069404020122289,-0.792294,-1.476505,grouped,283
10683,3080168160121274,-0.617551,-1.372202,grouped,101
10684,3011297010121061,1.067221,-0.363219,grouped,37
10685,3080168160120651,-0.663847,-1.401088,not_clean,-1
10686,3080168120124482,0.292284,-0.828768,grouped,296
10687,3051001040123710,1.459590,-0.129490,not_clean,-1
10688,3060385020121235,0.532528,-0.685091,not_clean,-1
10689,3041058040122402,0.857435,-0.490992,not_clean,-1
10690,3069404020121340,-0.892439,-1.539657,grouped,283
10691,3011297010121213,1.104824,-0.343885,not_clean,-1
10692,3011297010120026,1.161084,-0.311203,not_clean,-1
10693,3011297010121093,1.112365,-0.341689,not_clean,-1
10694,3080168170121508,-0.305216,-1.190857,grouped,277
10695,3080168130120321,0.689544,-0.595401,grouped,151
10696,3011297010120951,1.208022,-0.284743,not_clean,-1
10697,3080168170121228,-0.502246,-1.309571,grouped,126
10698,3080168160121227,-0.673133,-1.413412,not_clean,-1
10699,3080168170120372,-0.343782,-1.216667,grouped,100
10700,3041058040123331,0.897154,-0.473497,grouped,22
10701,3051001040123509,1.485488,-0.122142,not_clean,-1
10702,3011297010120198,1.261841,-0.256339,not_clean,-1
10703,3060385020121349,0.459021,-0.738098,grouped,212
10704,3011297010121953,1.197952,-0.295920,not_clean,-1
10705,3084410110105676,2.472519,0.467711,grouped,9
10706,3069404020120288,-0.885359,-1.544429,not_clean,-1
10707,3069404020123313,-0.996877,-1.611758,grouped,162
10708,3080168140121863,-0.082703,-1.064947,grouped,112
10709,3051001040121942,1.761821,0.039821,not_clean,-1
10710,3080168170120774,-0.317800,-1.206073,not_clean,-1
10711,3080168130120067,0.592091,-0.661354,grouped,35
10712,3011297010121297,1.297077,-0.239364,not_clean,-1
10713,3041058040122504,0.797737,-0.538670,not_clean,-1
10714,3041058040120876,0.760812,-0.561730,grouped,343
10715,3069404020126556,-0.931602,-1.577328,grouped,163
10716,3080168130123827,0.726047,-0.585288,grouped,7
10717,3041058040123658,0.880585,-0.493677,not_clean,-1
10718,3069404020120147,-0.815224,-1.509223,grouped,126
10719,3080168140121670,-0.175532,-1.126866,not_clean,-1
10720,3041058040121712,0.755619,-0.570364,not_clean,-1
10721,3093219080115731,2.257521,0.328365,grouped,358
10722,3060385020122820,0.539113,-0.701124,not_clean,-1
10723,3080168170121370,-0.435040,-1.284731,grouped,147
10724,3069404020122863,-0.792218,-1.498456,grouped,92
10725,3011297010121007,1.274779,-0.262619,grouped,352
10726,3060385020120038,0.350013,-0.816569,grouped,75
10727,3069464080122924,1.390961,-0.193346,not_clean,-1
10728,3080168170120286,-0.337506,-1.228552,grouped,167
10729,3060385020120327,0.503031,-0.725741,grouped,358
10730,3069464080121010,1.435945,-0.167724,grouped,356
10731,3080168170121389,-0.315360,-1.216584,grouped,84
10732,3069404020125693,-0.720766,-1.459195,grouped,225
10733,3011297010121519,1.268195,-0.268469,not_clean,-1
10734,3080168160120980,-0.636172,-1.410625,grouped,229
10735,3011297010121441,1.074206,-0.386940,grouped,36
10736,3080168170121141,-0.408680,-1.276023,grouped,167
10737,3080168140120540,-0.092720,-1.086990,not_clean,-1
10738,3011297010120663,1.050784,-0.402498,not_clean,-1
10739,3069404020122515,-0.797405,-1.509957,not_clean,-1
10740,3051001040122776,1.594862,-0.078440,not_clean,-1
10741,3011297010122505,1.185995,-0.324692,grouped,212
10742,3060385020120384,0.479629,-0.747841,grouped,359
10743,3011297010121267,1.145909,-0.349896,grouped,36
10744,3084410110108331,2.340420,0.364455,grouped,365
10745,3080168140120192,-0.107449,-1.101515,not_clean,-1
10746,3080168170120538,-0.555478,-1.370229,grouped,125
10747,3041058040120077,0.831472,-0.540175,grouped,4
10748,3080168140121759,-0.160167,-1.133865,not_clean,-1
10749,3093219050100382,2.157683,0.253989,grouped,365
10750,3080168130124479,0.692089,-0.623981,grouped,78
10751,3041058040121241,0.911949,-0.492511,grouped,302
10752,3011297010120773,1.109497,-0.374436,grouped,36
10753,3080168120120141,0.164297,-0.940871,grouped,72
10754,3080168120121388,0.253492,-0.887506,grouped,70
10755,3041058040120053,1.021598,-0.428143,not_clean,-1
10756,3069404020123547,-0.712801,-1.466635,grouped,100
10757,3080168140121506,0.015135,-1.031519,not_clean,-1
10758,3060385020121691,0.524137,-0.726894,grouped,356
10759,3080168140123400,-0.061784,-1.077678,not_clean,-1
10760,3041058040122062,0.790232,-0.568056,grouped,0
10761,3080168170120964,-0.488974,-1.335150,grouped,283
10762,3011297010120700,1.261249,-0.288367,grouped,358
10763,3041058040124075,0.850891,-0.534808,grouped,2
10764,3093219050107119,2.074774,0.197072,grouped,214
10765,3069404020122536,-1.022358,-1.657209,grouped,77
10766,3011297010120122,1.110611,-0.381425,not_clean,-1
10767,3060385020121011,0.331821,-0.848042,grouped,361
10768,3041058040121424,0.856212,-0.534381,grouped,184
10769,3080168130121583,0.754183,-0.595509,grouped,5
10770,3051001040124690,1.581206,-0.100922,grouped,353
10771,3080168140120962,0.054577,-1.014963,grouped,156
10772,3011297010122651,1.308027,-0.264699,not_clean,-1
10773,3080168140120198,0.038536,-1.025550,grouped,161
10774,3069404020122006,-0.905225,-1.590909,grouped,310
10775,3080168140120348,-0.269886,-1.211554,grouped,100
10776,3011297010120464,1.317975,-0.261675,grouped,348
10777,3041058040121676,1.039415,-0.429076,grouped,35
10778,3080168170121737,-0.351610,-1.262361,grouped,167
10779,3080168130120253,0.737645,-0.610956,grouped,9
10780,3069404020121717,-0.860318,-1.566991,grouped,162
10781,3051001040122703,1.669667,-0.054615,not_clean,-1
10782,3011297010120856,1.100593,-0.395456,grouped,34
10783,3011297010120269,1.091073,-0.401241,grouped,36
10784,3080168160121053,-0.549079,-1.383024,not_clean,-1
10785,3080168140120558,-0.036452,-1.076962,grouped,117
10786,3051001040121510,1.693730,-0.041325,not_clean,-1
10787,3011297010121046,1.118176,-0.386238,grouped,36
10788,3041058040120497,0.835323,-0.556352,grouped,203
10789,3080168140120780,-0.090943,-1.110883,not_clean,-1
10790,3080168130123863,0.749820,-0.607871,grouped,134
10791,3060385020120714,0.483035,-0.767909,not_clean,-1
10792,3080168130121575,0.662508,-0.660493,grouped,128
10793,3060385020122381,0.408485,-0.812930,grouped,72
10794,3080168140121020,0.079044,-1.010336,grouped,63
10795,3069404020123652,-0.755714,-1.510639,grouped,118
10796,3093219050126251,1.983976,0.127814,not_clean,-1
10797,3041058040122255,1.062909,-0.424145,not_clean,-1
10798,3069404020120668,-0.814397,-1.547878,grouped,310
10799,3060385020120351,0.454289,-0.789122,not_clean,-1
10800,3011297010121734,1.128544,-0.387091,not_clean,-1
10801,3080168130121499,0.638705,-0.680399,grouped,21
10802,3084410110101080,2.290352,0.307923,not_clean,-1
10803,3080168160121081,-0.614147,-1.430344,grouped,166
10804,3080168140123664,-0.072922,-1.107953,grouped,100
10805,3011297010121778,1.243528,-0.320292,not_clean,-1
10806,3080168140121057,-0.132996,-1.144434,grouped,146
10807,3080168130120889,0.635071,-0.684961,grouped,144
10808,3060385020120774,0.376348,-0.840474,grouped,72
10809,3069404020122475,-0.873956,-1.588287,grouped,162
10810,3080168170120382,-0.317602,-1.255902,not_clean,-1
10811,3080168170120486,-0.501913,-1.366358,grouped,125
10812,3080168120121974,0.234173,-0.926506,not_clean,-1
10813,3060385020120891,0.509536,-0.761834,not_clean,-1
10814,3041058040121473,1.025185,-0.453749,grouped,22
10815,3060385020120286,0.435337,-0.806785,grouped,361
10816,3080168140121098,0.004271,-1.065304,grouped,205
10817,3069404020125410,-1.007898,-1.670696,not_clean,-1
10818,3080168170121965,-0.325306,-1.263421,grouped,101
10819,3011297010120303,1.209175,-0.345337,grouped,35
10820,3080168140120855,-0.273686,-1.232969,not_clean,-1
10821,3060385020124464,0.526605,-0.754267,not_clean,-1
10822,3060385020120516,0.490604,-0.776341,grouped,30
10823,3011297010122095,1.294476,-0.295690,grouped,348
10824,3080168170121303,-0.476953,-1.355792,grouped,10
10825,3060385020120230,0.540952,-0.747855,grouped,356
10826,3093219050113028,2.157329,0.218918,not_clean,-1
10827,3051001040122348,1.768487,-0.014648,not_clean,-1
10828,3080168170120224,-0.416057,-1.321839,grouped,275
10829,3080168170120708,-0.366966,-1.293603,grouped,167
10830,3080168140120516,-0.186084,-1.185814,grouped,11
10831,3080168120120884,0.235448,-0.934043,grouped,7
10832,3080168140121686,0.021184,-1.062491,grouped,102
10833,3041058040121450,0.809860,-0.591845,grouped,302
10834,3011297010121638,1.120940,-0.406098,grouped,36
10835,3060385020121967,0.302456,-0.896301,grouped,73
10836,3011297010120130,1.169242,-0.378193,not_clean,-1
10837,3041058040121875,1.083539,-0.429612,grouped,35
10838,3080168140121507,-0.239524,-1.221135,grouped,100
10839,3080168170120079,-0.379825,-1.305932,grouped,103
10840,3080168160122379,-0.628266,-1.454719,not_clean,-1
10841,3080168160120928,-0.560264,-1.414248,grouped,167
10842,3069404020121596,-0.793116,-1.553767,not_clean,-1
10843,3069404020122608,-0.934374,-1.638700,grouped,163
10844,3080168170120404,-0.285979,-1.251239,grouped,103
10845,3080168140121363,-0.006638,-1.085379,grouped,100
10846,3080168170121213,-0.481494,-1.369642,not_clean,-1
10847,3069404020124661,-1.034441,-1.700506,not_clean,-1
10848,3041058040121591,0.913244,-0.536022,not_clean,-1
10849,3011297010121671,1.305397,-0.301558,grouped,358
10850,3011297010121409,1.237527,-0.342988,not_clean,-1
10851,3080168140120498,-0.218233,-1.214133,grouped,148
10852,3080168120120417,0.288878,-0.911098,grouped,162
10853,3069404020122798,-0.699800,-1.502783,not_clean,-1
10854,3093219050103687,2.063371,0.149133,grouped,88
10855,3041058040122098,1.088928,-0.434265,not_clean,-1
10856,3069404020120556,-0.806782,-1.568134,grouped,167
10857,3011297010121890,1.204769,-0.365974,not_clean,-1
10858,3060385020120290,0.529698,-0.770569,grouped,12
10859,3011297010122307,1.248703,-0.340609,grouped,212
10860,3069404020122890,-0.791776,-1.560995,not_clean,-1
10861,3093219080109023,2.273651,0.272240,grouped,296
10862,3080168120120970,0.256373,-0.934821,grouped,361
10863,3041058040120638,1.076247,-0.444941,not_clean,-1
10864,3065567010123114,1.370973,-0.268668,not_clean,-1
10865,3011297010123035,1.262518,-0.333576,not_clean,-1
10866,3041058040120969,1.112438,-0.423572,not_clean,-1
10867,3069404020120266,-0.911797,-1.635062,grouped,156
10868,3069404020120555,-0.800275,-1.568566,grouped,162
10869,3041058040120248,1.122741,-0.419088,grouped,30
10870,3060385020120416,0.292877,-0.916368,not_clean,-1
10871,3060385020122475,0.624636,-0.718489,grouped,17
10872,3080168140123563,-0.082516,-1.142526,grouped,103
10873,3080168130121820,0.718346,-0.664019,grouped,0
10874,3080168140120014,-0.192892,-1.209365,not_clean,-1
10875,3041058040121592,1.103482,-0.436925,grouped,128
10876,3080168170123056,-0.433235,-1.355949,grouped,103
10877,3041058040121483,1.037762,-0.476409,not_clean,-1
10878,3060385020121033,0.523887,-0.783793,not_clean,-1
10879,3065567010120631,1.225229,-0.364480,grouped,31
10880,3080168140121663,0.051572,-1.066578,grouped,125
10881,3080168140122002,0.027946,-1.080880,grouped,146
10882,3041058040120343,1.024386,-0.484974,not_clean,-1
10883,3051001040122923,1.606543,-0.136782,grouped,350
10884,3051001040122457,1.746910,-0.052891,not_clean,-1
10885,3080168120121361,0.269975,-0.937337,not_clean,-1
10886,3080168170122955,-0.363081,-1.315841,not_clean,-1
10887,3069404020122008,-0.734691,-1.538002,grouped,283
10888,3041058040121605,1.122931,-0.428156,grouped,277
10889,3080168170122079,-0.378959,-1.326431,grouped,121
10890,3065567010120162,1.196448,-0.385649,grouped,27
10891,3080168140121575,0.063175,-1.063582,grouped,302
10892,3041058040122192,1.128110,-0.427082,not_clean,-1
10893,3080168120122690,0.293172,-0.926486,grouped,361
10894,3069404020122068,-0.795030,-1.577444,grouped,121
10895,3060385020120597,0.589485,-0.752149,not_clean,-1
10896,3080168140122105,-0.109851,-1.171898,not_clean,-1
10897,3065567010121112,1.293480,-0.334106,not_clean,-1
10898,3080168140121378,-0.024272,-1.122961,grouped,0
10899,3080168170120300,-0.352980,-1.319440,grouped,325
10900,3041058040120386,1.180207,-0.403668,not_clean,-1
10901,3080168190121193,-1.039643,-1.730839,grouped,310
10902,3080168170120389,-0.322872,-1.303426,grouped,338
10903,3080168140123761,0.084531,-1.061215,grouped,146
10904,3093219080109741,2.269908,0.245495,grouped,365
10905,3060385020120838,0.525036,-0.799333,grouped,36
10906,3051001040121277,1.748221,-0.068017,grouped,359
10907,3080168170121918,-0.384738,-1.343380,grouped,167
10908,3080168170120280,-0.378542,-1.339788,grouped,125
10909,3069404020121377,-0.763648,-1.569984,grouped,310
10910,3060385020122324,0.450812,-0.844925,not_clean,-1
10911,3080168170120852,-0.326502,-1.309578,not_clean,-1
10912,3069404020125835,-0.675887,-1.518583,grouped,103
10913,3041058040121240,1.081503,-0.468721,not_clean,-1
10914,3041058040121341,0.922230,-0.564268,not_clean,-1
10915,3093219080112642,2.294078,0.256207,grouped,17
10916,3060385020120668,0.386199,-0.886542,not_clean,-1
10917,3080168140120413,0.094947,-1.061326,grouped,94
10918,3080168170120655,-0.389995,-1.351122,grouped,167
10919,3080168140120467,0.009703,-1.114200,not_clean,-1
10920,3060385020120990,0.405409,-0.878256,not_clean,-1
10921,3080168120121602,0.234003,-0.981178,grouped,19
10922,3065567010121902,1.261463,-0.367011,not_clean,-1
10923,3060385020121379,0.481162,-0.833620,grouped,19
10924,3065567010120932,1.209197,-0.398424,grouped,277
10925,3080168170123132,-0.357424,-1.334971,grouped,100
10926,3080168160121297,-0.603048,-1.482567,grouped,225
10927,3060385020121302,0.588615,-0.771595,not_clean,-1
10928,3041058040120649,1.144438,-0.439567,not_clean,-1
10929,3080168140121290,-0.033763,-1.144678,not_clean,-1
10930,3041058040122036,1.030776,-0.508590,not_clean,-1
10931,3060385020120109,0.599811,-0.766272,grouped,25
10932,3041058040122355,1.098548,-0.468335,not_clean,-1
10933,3069404020121069,-0.733699,-1.563709,grouped,230
10934,3080168140122216,0.106398,-1.063751,not_clean,-1
10935,3080168160120612,-0.552757,-1.457598,grouped,7
10936,3041058040120270,1.114732,-0.461988,grouped,21
10937,3041058040121099,0.966443,-0.550689,not_clean,-1
10938,3065567010122287,1.286390,-0.359437,grouped,348
10939,3080168140120784,0.066727,-1.088631,not_clean,-1
10940,3084410110110657,2.391671,0.301111,grouped,30
10941,3080168170120653,-0.474132,-1.411941,grouped,167
10942,3041058040121199,0.874593,-0.606142,grouped,125
10943,3069404020121419,-0.823806,-1.620839,grouped,163
10944,3080168140120279,-0.015811,-1.138366,grouped,154
10945,3069404020120472,-0.833705,-1.627113,grouped,120
10946,3080168170122180,-0.319273,-1.320076,not_clean,-1
10947,3041058050126556,1.045203,-0.504737,not_clean,-1
10948,3080168140120553,-0.000219,-1.129660,grouped,148
10949,3065567010121526,1.239329,-0.388911,grouped,34
10950,3080168170121298,-0.429721,-1.387424,grouped,126
10951,3065567010120203,1.250166,-0.383601,not_clean,-1
10952,3065567010120377,1.308312,-0.349461,grouped,214
10953,3060385020120989,0.538045,-0.810172,grouped,30
10954,3093219050110410,2.126928,0.139088,not_clean,-1
10955,3069404020124544,-0.956111,-1.705304,not_clean,-1
10956,3080168160120032,-0.530015,-1.451551,grouped,167
10957,3080168140120367,0.009913,-1.129645,grouped,125
10958,3080168160121927,-0.667075,-1.534105,grouped,118
10959,3041058040120809,1.094845,-0.482826,not_clean,-1
10960,3080168170122525,-0.377260,-1.362934,grouped,103
10961,3041058040120970,0.877230,-0.614562,grouped,79
10962,3084410110104607,2.330095,0.253226,grouped,40
10963,3060385020120527,0.398208,-0.901972,grouped,205
10964,3080168140120299,-0.007134,-1.145175,grouped,167
10965,3080168140121026,-0.200588,-1.261333,not_clean,-1
10966,3080168160121010,-0.655188,-1.532848,grouped,100
10967,3060385020123345,0.353017,-0.931726,grouped,152
10968,3041058040120481,1.130129,-0.467511,grouped,349
10969,3060385020120509,0.535198,-0.823100,grouped,33
10970,3080168170120336,-0.390148,-1.375957,grouped,338
10971,3080168160121421,-0.595434,-1.498580,grouped,167
10972,3080168140120181,0.016680,-1.133190,grouped,148
10973,3041058040121880,0.844293,-0.639239,not_clean,-1
10974,3060385020121117,0.341241,-0.940720,grouped,72
10975,3069404020121166,-0.898096,-1.681089,grouped,164
10976,3041058040120277,1.136276,-0.466834,grouped,17
10977,3080168170120037,-0.432088,-1.404037,not_clean,-1
10978,3065567010121162,1.268608,-0.388276,grouped,34
10979,3041058040122089,1.117575,-0.478823,grouped,20
10980,3041058040121668,1.103521,-0.489465,not_clean,-1
10981,3080168130121902,0.766497,-0.691958,grouped,205
10982,3084410110108162,2.377977,0.270480,not_clean,-1
10983,3093219070125728,2.003852,0.046400,not_clean,-1
10984,3065567010120701,1.299422,-0.375194,grouped,212
10985,3065567010123334,1.323326,-0.361961,grouped,349
10986,3080168160120436,-0.567507,-1.491620,grouped,103
10987,3041058040120554,1.016573,-0.546547,grouped,6
10988,3088612100123856,1.381469,-0.328736,grouped,218
10989,3084410110110628,2.537313,0.361821,not_clean,-1
10990,3080168170123336,-0.393319,-1.389256,grouped,100
10991,3065567010121204,1.196887,-0.439613,grouped,17
10992,3041058040122399,1.111973,-0.491236,grouped,0
10993,3069404020120807,-0.696342,-1.571964,grouped,157
10994,3065567010122035,1.220554,-0.428740,grouped,221
10995,3080168120123830,0.224982,-1.023889,not_clean,-1
10996,3060385020123025,0.434466,-0.898820,grouped,143
10997,3080168160120384,-0.516388,-1.466691,grouped,159
10998,3041058040120130,0.870939,-0.639230,grouped,231
10999,3080168160124123,-0.630788,-1.536194,not_clean,-1
11000,3041058040121254,0.843820,-0.656139,grouped,81
11001,3080168140121386,-0.051078,-1.190852,grouped,118
11002,3080168170123200,-0.245916,-1.307536,grouped,98
11003,3093219030126904,1.553241,-0.233156,grouped,25
11004,3041058040120851,1.183771,-0.454013,grouped,19
11005,3065567010120402,1.215034,-0.436095,not_clean,-1
11006,3080168170120747,-0.442953,-1.427548,not_clean,-1
11007,3080168160125260,-0.647748,-1.550093,grouped,283
11008,3060385020120902,0.575942,-0.820426,grouped,198
11009,3069404020123672,-0.796768,-1.640411,grouped,157
11010,3065567010122311,1.346767,-0.360481,grouped,350
11011,3080168190120591,-1.069644,-1.803139,grouped,121
11012,3069404020120799,-0.689814,-1.577489,grouped,162
11013,3060385020121704,0.498527,-0.869144,grouped,361
11014,3080168140124307,-0.127626,-1.244331,grouped,167
11015,3080168170120844,-0.357451,-1.381902,grouped,167
11016,3080168160121993,-0.614173,-1.535399,grouped,310
11017,3065567010122914,1.318147,-0.381972,grouped,35
11018,3084410110107047,2.474644,0.308756,not_clean,-1
11019,3069404020121849,-0.679779,-1.575858,not_clean,-1
11020,3080168170121273,-0.332261,-1.369591,grouped,154
11021,3080168180120584,0.180907,-1.064796,not_clean,-1
11022,3080168140121492,-0.032336,-1.192475,grouped,118
11023,3051101030123037,1.793636,-0.102268,not_clean,-1
11024,3069404020121935,-0.758512,-1.626372,grouped,310
11025,3080168120121008,0.309565,-0.990850,grouped,70
11026,3080168170122895,-0.286319,-1.346634,not_clean,-1
11027,3080168160121032,-0.508734,-1.479385,not_clean,-1
11028,3084410110105792,2.545882,0.344564,not_clean,-1
11029,3080168170120250,-0.314329,-1.364348,grouped,167
11030,3080168170120399,-0.438702,-1.439809,grouped,103
11031,3080168140124137,0.017649,-1.169600,grouped,325
11032,3041058040120473,1.121401,-0.511014,grouped,1
11033,3069404020122916,-0.747962,-1.626859,grouped,166
11034,3080168130121545,0.837999,-0.680605,grouped,277
11035,3093219030121853,1.664905,-0.186885,grouped,388
11036,3041058040121158,1.024775,-0.569914,grouped,248
11037,3069404020120603,-0.825092,-1.674415,grouped,310
11038,3080168130120561,0.747660,-0.737174,not_clean,-1
11039,3080168130120928,0.781603,-0.717572,grouped,69
11040,3080168160120189,-0.503966,-1.485065,grouped,224
11041,3041058040121012,1.037244,-0.565383,grouped,146
11042,3080168170122853,-0.266677,-1.344317,grouped,103
11043,3080168140121279,0.097862,-1.126903,not_clean,-1
11044,3080168160120656,-0.533071,-1.505721,grouped,231
11045,3015475030121735,-0.918708,-1.735784,grouped,157
11046,3060385020120965,0.482341,-0.900739,not_clean,-1
11047,3061000090124173,-1.114707,-1.853937,grouped,166
11048,3080168130120408,0.840384,-0.688246,not_clean,-1
11049,3060385020120847,0.509016,-0.886973,not_clean,-1
11050,3015475030122646,-0.822993,-1.681766,not_clean,-1
11051,3069404020122268,-0.721329,-1.621301,grouped,161
11052,3080168170121851,-0.398965,-1.429573,not_clean,-1
11053,3065567010120196,1.264550,-0.437290,grouped,16
11054,3084410110100013,2.531151,0.318873,not_clean,-1
11055,3080168140121043,0.084108,-1.142768,not_clean,-1
11056,3061000090125071,-1.096609,-1.847357,not_clean,-1
11057,3093219030120033,1.526964,-0.283513,grouped,365
11058,3069404020124833,-0.713117,-1.620747,not_clean,-1
11059,3084410110104793,2.539175,0.320162,not_clean,-1
11060,3084410110107461,2.734035,0.435522,not_clean,-1
11061,3060385020123839,0.480061,-0.910784,grouped,361
11062,3060385020120546,0.674633,-0.795026,not_clean,-1
11063,3080168160123329,-0.644368,-1.582898,grouped,161
11064,3080168160123640,-0.611150,-1.563885,not_clean,-1
11065,3080168140121267,0.126605,-1.123901,grouped,78
11066,3093219100104637,2.755843,0.445792,grouped,82
11067,3080168140120482,0.048005,-1.171173,grouped,167
11068,3080168160120453,-0.561406,-1.535431,grouped,156
11069,3065567010121449,1.328394,-0.408900,grouped,30
11070,3065567010122065,1.266712,-0.446969,grouped,22
11071,3065567010124767,1.351366,-0.396471,not_clean,-1
11072,3069404020120017,-0.764251,-1.659259,not_clean,-1
11073,3060385020122095,0.464514,-0.927794,grouped,143
11074,3080168140121925,-0.169094,-1.306008,not_clean,-1
11075,3088608080124783,1.460265,-0.333534,grouped,273
11076,3061000090122745,-1.342176,-2.007099,not_clean,-1
11077,3060385020121587,0.518203,-0.898148,grouped,361
11078,3084410110112354,2.683899,0.394619,not_clean,-1
11079,3080168160121212,-0.546705,-1.534187,grouped,157
11080,3041058040121029,1.010321,-0.605622,not_clean,-1
11081,3015475030121110,-0.792264,-1.681201,not_clean,-1
11082,3060385020120409,0.508603,-0.905558,grouped,41
11083,3060385020120204,0.703349,-0.789969,grouped,76
11084,3088608080120549,1.399693,-0.375200,not_clean,-1
11085,3060385020120599,0.576028,-0.867210,not_clean,-1
11086,3080168180120936,0.299118,-1.032528,grouped,205
11087,3015475030120387,-0.799599,-1.688439,grouped,166
11088,3080168140121096,-0.014692,-1.221809,grouped,98
11089,3060385020120685,0.722543,-0.782305,grouped,277
11090,3080168140120048,-0.022576,-1.227369,grouped,121
11091,3061000090120242,-1.133335,-1.889643,grouped,115
11092,3093219100111063,2.848862,0.485982,grouped,244
11093,3065567010120324,1.216121,-0.489926,not_clean,-1
11094,3041058040121436,0.976950,-0.633246,not_clean,-1
11095,3060385020121478,0.343738,-1.011233,grouped,125
11096,3080168160121769,-0.640017,-1.597892,grouped,163
11097,3065567010122861,1.323480,-0.426775,not_clean,-1
11098,3060385020121294,0.563601,-0.880769,not_clean,-1
11099,3060385020120194,0.584849,-0.869053,not_clean,-1
11100,3060385020122197,0.340040,-1.015289,not_clean,-1
11101,3080168130120256,0.774760,-0.756607,not_clean,-1
11102,3041058040121961,1.179802,-0.515488,not_clean,-1
11103,3080168140121651,0.095539,-1.162705,grouped,100
11104,3060385020120177,0.454145,-0.948809,grouped,275
11105,3060385020120981,0.617396,-0.851625,grouped,359
11106,3065567010120739,1.273042,-0.460480,grouped,246
11107,3080168170120726,-0.384071,-1.449642,grouped,98
11108,3015475030120268,-0.945679,-1.784790,grouped,156
11109,3065567010121475,1.270094,-0.463998,not_clean,-1
11110,3061000090125663,-1.300261,-1.996917,grouped,101
11111,3061000090120047,-1.083110,-1.868283,grouped,121
11112,3080168170121264,-0.423574,-1.476053,grouped,167
11113,3041058040121274,1.044075,-0.600652,not_clean,-1
11114,3080168160121224,-0.617186,-1.592723,grouped,223
11115,3061000090120475,-1.270013,-1.981749,grouped,310
11116,3080168180120883,0.314169,-1.038484,grouped,203
11117,3069404020123411,-0.758705,-1.678680,not_clean,-1
11118,3080168170123967,-0.290691,-1.400072,not_clean,-1
11119,3080168180122068,0.325706,-1.032612,not_clean,-1
11120,3080168140121708,-0.109602,-1.292327,grouped,203
11121,3080168170122829,-0.268869,-1.387348,grouped,118
11122,3065567010124463,1.207251,-0.507188,grouped,0
11123,3084410110107920,2.385938,0.195331,grouped,218
11124,3080168140123547,0.029960,-1.212494,grouped,296
11125,3061000090121479,-1.106527,-1.889930,grouped,166
11126,3084410110106657,2.508176,0.266006,not_clean,-1
11127,3080168170120697,-0.191952,-1.345263,grouped,145
11128,3084410110106138,2.529957,0.278672,not_clean,-1
11129,3041058040120522,0.943605,-0.668667,not_clean,-1
11130,3080168160121974,-0.644863,-1.617045,not_clean,-1
11131,3080168140120673,0.085618,-1.181797,grouped,100
11132,3060385020120934,0.476315,-0.950537,grouped,205
11133,3080168160120917,-0.709962,-1.657864,grouped,310
11134,3041058040120213,1.108454,-0.574469,grouped,325
11135,3061000090120399,-1.329732,-2.028514,grouped,147
11136,3041058040121123,1.053210,-0.609805,grouped,79
11137,3084410110100318,2.471033,0.235569,grouped,363
11138,3060385020120817,0.605101,-0.877968,grouped,356
11139,3060385020120013,0.494484,-0.944488,not_clean,-1
11140,3041058040120175,0.980442,-0.654665,grouped,81
11141,3080168170120841,-0.376400,-1.464434,grouped,118
11142,3080168160121906,-0.667450,-1.638581,grouped,275
11143,3080168160121781,-0.639386,-1.622058,grouped,162
11144,3080168160120904,-0.661426,-1.636708,grouped,125
11145,3015475030120939,-0.881457,-1.767739,grouped,310
11146,3080168170122127,-0.343045,-1.447509,grouped,102
11147,3093219030122395,1.565651,-0.309392,grouped,350
11148,3080168130120638,0.871086,-0.723849,not_clean,-1
11149,3080168140121070,-0.112066,-1.310393,grouped,160
11150,3060385020120764,0.556817,-0.912330,grouped,356
11151,3060385020121566,0.666026,-0.847371,grouped,4
11152,3093219030120840,1.607952,-0.285872,grouped,212
11153,3080168140120887,0.008101,-1.240456,grouped,103
11154,3060385020121749,0.379643,-1.019153,not_clean,-1
11155,3065567010120950,1.209919,-0.524045,grouped,128
11156,3065567010121518,1.260668,-0.493782,not_clean,-1
11157,3084410110105246,2.572412,0.287960,not_clean,-1
11158,3061000090120949,-1.104376,-1.905380,grouped,167
11159,3080168140121902,0.035822,-1.226261,not_clean,-1
11160,3060385020120722,0.361650,-1.032363,not_clean,-1
11161,3041058040120681,1.074862,-0.607161,grouped,58
11162,3088608080126428,1.369037,-0.431791,not_clean,-1
11163,3061000090123311,-1.278623,-2.010179,grouped,333
11164,3015475030121647,-1.044454,-1.873098,not_clean,-1
11165,3093219030123814,1.628894,-0.279631,grouped,350
11166,3080168160122457,-0.513793,-1.558127,grouped,156
11167,3093219100109354,2.863698,0.456113,grouped,17
11168,3080168170122316,-0.355656,-1.464286,grouped,103
11169,3080168140120470,-0.019508,-1.264110,not_clean,-1
11170,3080168170124057,-0.360410,-1.467783,grouped,167
11171,3084410110105393,2.420524,0.190216,grouped,220
11172,3080168140122757,0.200819,-1.134146,not_clean,-1
11173,3065567010122515,1.189005,-0.545157,not_clean,-1
11174,3015475030121673,-1.018304,-1.860629,not_clean,-1
11175,3080168130122208,0.839295,-0.753884,not_clean,-1
11176,3080168170123074,-0.313912,-1.441603,grouped,118
11177,3080168180120149,0.287434,-1.084631,not_clean,-1
11178,3060385020120694,0.748663,-0.810007,grouped,71
11179,3080168160124397,-0.536977,-1.576851,not_clean,-1
11180,3061000090121077,-1.130246,-1.930543,grouped,310
11181,3088608080124291,1.338223,-0.459728,not_clean,-1
11182,3084410110100037,2.378824,0.160931,grouped,362
11183,3041058040121202,1.005070,-0.658790,not_clean,-1
11184,3061000090125724,-1.348767,-2.061377,not_clean,-1
11185,3080168160121171,-0.654976,-1.648898,grouped,310
11186,3080168160122622,-0.667002,-1.656671,grouped,310
11187,3015475030121625,-0.901138,-1.796109,grouped,310
11188,3080168160122864,-0.706155,-1.680264,grouped,310
11189,3061000090120280,-1.111004,-1.921814,grouped,277
11190,3080168130121525,0.841838,-0.759287,not_clean,-1
11191,3041058040120787,1.086747,-0.613428,grouped,132
11192,3065567010120604,1.225775,-0.530583,not_clean,-1
11193,3080168170123211,-0.224811,-1.395412,grouped,118
11194,3080168160121890,-0.711829,-1.685631,grouped,310
11195,3088608080121394,1.440731,-0.403308,grouped,273
11196,3080168170124802,-0.334354,-1.462028,grouped,103
11197,3088608070120589,1.184913,-0.556556,not_clean,-1
11198,3080168140121295,0.047759,-1.234939,grouped,283
11199,3060385020121053,0.578956,-0.919236,not_clean,-1
11200,3041058040120633,0.962347,-0.691218,grouped,162
11201,3080168160121071,-0.544240,-1.589214,grouped,157
11202,3080168140120356,0.115327,-1.196547,grouped,100
11203,3061000090120701,-1.324185,-2.053739,grouped,147
11204,3080168140120005,-0.008017,-1.270239,grouped,121
11205,3080168160121643,-0.463473,-1.543859,not_clean,-1
11206,3080168130122583,0.862785,-0.753538,grouped,73
11207,3060385020120511,0.652989,-0.878980,not_clean,-1
11208,3080168160120130,-0.612256,-1.634472,grouped,156
11209,3088608080121278,1.401037,-0.436092,not_clean,-1
11210,3060385020120581,0.582683,-0.924374,grouped,26
11211,3084410110107991,2.768347,0.378957,grouped,36
11212,3080168170120161,-0.283432,-1.440716,grouped,158
11213,3080168170121159,-0.377621,-1.497286,grouped,159
11214,3093219030124112,1.787731,-0.206749,not_clean,-1
11215,3060385020122376,0.515995,-0.965364,not_clean,-1
11216,3088608080121549,1.347711,-0.469603,not_clean,-1
11217,3061000090122939,-1.322020,-2.059961,not_clean,-1
11218,3084410110105800,2.761676,0.373523,grouped,36
11219,3065567010123821,1.248693,-0.528945,not_clean,-1
11220,3084410110111791,2.370987,0.140392,not_clean,-1
11221,3080168160124463,-0.465333,-1.551529,not_clean,-1
11222,3080168140120298,-0.072647,-1.317850,grouped,121
11223,3080168130120140,0.907237,-0.734759,not_clean,-1
11224,3080168180123172,0.297042,-1.099010,not_clean,-1
11225,3060385020120651,0.475490,-0.992945,not_clean,-1
11226,3041058040120565,1.079879,-0.632652,not_clean,-1
11227,3060385020121142,0.393474,-1.042341,grouped,275
11228,3088608070122795,1.151313,-0.591638,not_clean,-1
11229,3080168160121395,-0.589783,-1.630812,grouped,310
11230,3060385020124434,0.694072,-0.866420,grouped,71
11231,3084410110111224,2.607616,0.274566,not_clean,-1
11232,3015475030121465,-0.853046,-1.789507,grouped,126
11233,3088608080122413,1.311315,-0.500341,grouped,349
11234,3080168140124146,0.110848,-1.216222,not_clean,-1
11235,3093219070110637,2.040894,-0.065899,not_clean,-1
11236,3080168140120616,-0.003342,-1.284772,grouped,302
11237,3080168140120201,-0.010429,-1.289018,grouped,121
11238,3084410110100018,2.452793,0.179383,not_clean,-1
11239,3015475030122358,-0.799443,-1.758802,not_clean,-1
11240,3080168140121381,0.199892,-1.163935,grouped,118
11241,3060385020120407,0.441132,-1.020401,not_clean,-1
11242,3080168160120841,-0.644593,-1.667219,grouped,157
11243,3060385020122196,0.768322,-0.825892,grouped,59
11244,3080168140120598,0.117736,-1.213701,grouped,92
11245,3080168180120424,0.285873,-1.113556,grouped,103
11246,3093219100110751,2.796771,0.382980,not_clean,-1
11247,3041058040121265,1.057162,-0.654399,not_clean,-1
11248,3041058040120852,1.097773,-0.630232,grouped,59
11249,3080168200121791,0.868859,-0.766959,grouped,211
11250,3093219030123909,1.597462,-0.332629,grouped,221
11251,3080168160121515,-0.443367,-1.548985,not_clean,-1
11252,3093219100100229,2.799664,0.383856,not_clean,-1
11253,3060385020122264,0.586491,-0.935889,not_clean,-1
11254,3060385020120182,0.616899,-0.918185,grouped,12
11255,3080168160122074,-0.684646,-1.693786,grouped,121
11256,3080168160122157,-0.672429,-1.686764,grouped,310
11257,3080168160121920,-0.522901,-1.598656,not_clean,-1
11258,3088608070120737,1.182191,-0.582972,grouped,302
11259,3088608080122981,1.310656,-0.507123,grouped,361
11260,3080168170123697,-0.246956,-1.436311,not_clean,-1
11261,3080168180120012,0.277747,-1.124254,grouped,94
11262,3060385020121817,0.728449,-0.856564,not_clean,-1
11263,3080168170121006,-0.153013,-1.382600,grouped,203
11264,3080168170120354,-0.215948,-1.420403,grouped,203
11265,3080168180120758,0.288744,-1.120507,grouped,103
11266,3088608080121214,1.361148,-0.481784,grouped,349
11267,3080168160121058,-0.573384,-1.634301,grouped,164
11268,3088603110121528,0.972492,-0.713622,not_clean,-1
11269,3093219030122214,1.794492,-0.223759,grouped,35
11270,3080168160120215,-0.507223,-1.595160,grouped,159
11271,3088608070120219,1.237319,-0.556743,not_clean,-1
11272,3093220070112494,3.505163,0.795057,not_clean,-1
11273,3060385020121025,0.503986,-0.994143,grouped,211
11274,3061000090120815,-1.085164,-1.940161,grouped,310
11275,3088608080120102,1.476382,-0.414802,grouped,214
11276,3041058040120068,1.095222,-0.642122,not_clean,-1
11277,3041058040121356,1.059774,-0.663351,not_clean,-1
11278,3061000090121320,-1.124505,-1.963939,not_clean,-1
11279,3088603110120661,1.138183,-0.616721,not_clean,-1
11280,3088608070124279,1.160341,-0.604263,grouped,211
11281,3080168170120160,-0.317702,-1.484830,not_clean,-1
11282,3093220070104362,3.488533,0.782709,not_clean,-1
11283,3080168160123560,-0.664445,-1.692691,not_clean,-1
11284,3093220070112849,3.619315,0.859921,grouped,131
11285,3084410110109638,2.560893,0.228680,not_clean,-1
11286,3060385020120418,0.686377,-0.888754,grouped,75
11287,3093220070110737,3.550886,0.818381,not_clean,-1
11288,3088603110122714,1.034362,-0.681908,grouped,100
11289,3080168140122961,-0.022664,-1.312459,grouped,118
11290,3093219070109202,2.073601,-0.063561,grouped,349
11291,3084410110110260,2.553590,0.222518,not_clean,-1
11292,3093219100102885,2.885692,0.419722,grouped,249
11293,3093219070107898,2.342553,0.095806,grouped,365
11294,3015475030123698,-0.787058,-1.769430,grouped,232
11295,3061000090121550,-1.074855,-1.941322,not_clean,-1
11296,3080168200122630,0.975793,-0.720722,not_clean,-1
11297,3088608080122583,1.523158,-0.395522,not_clean,-1
11298,3088608070121376,1.216027,-0.579702,grouped,79
11299,3080168170121288,-0.149251,-1.393453,grouped,103
11300,3080168160120341,-0.439066,-1.566481,grouped,159
11301,3093220070109366,3.505517,0.781254,grouped,174
11302,3084410110108682,2.624436,0.255978,not_clean,-1
11303,3061000090120852,-1.258127,-2.056470,grouped,167
11304,3084410110110947,2.453419,0.153514,grouped,215
11305,3060385020120792,0.667438,-0.911429,grouped,59
11306,3093219100109755,2.916846,0.428602,not_clean,-1
11307,3015475030122140,-0.762134,-1.763012,not_clean,-1
11308,3080168200120127,0.877984,-0.786763,grouped,99
11309,3093219070109998,2.065638,-0.079544,grouped,246
11310,3088608070121614,1.249494,-0.567234,not_clean,-1
11311,3088608080125127,1.434120,-0.457265,grouped,212
11312,3080168200120462,0.965347,-0.736705,grouped,164
11313,3080168170120969,-0.234972,-1.452490,grouped,98
11314,3060385020120244,0.542153,-0.991586,grouped,72
11315,3080168140121210,-0.074613,-1.358906,grouped,93
11316,3088603110122152,1.156780,-0.625552,grouped,59
11317,3080168180122668,0.315994,-1.126968,grouped,325
11318,3061000090122007,-1.076086,-1.955292,not_clean,-1
11319,3080168200122304,0.977939,-0.732888,not_clean,-1
11320,3080168170120525,-0.254123,-1.466745,grouped,125
11321,3088603110120974,1.176617,-0.614861,grouped,164
11322,3093220070110583,3.524694,0.783501,grouped,169
11323,3015475030120995,-0.985958,-1.903359,not_clean,-1
11324,3080168160121524,-0.571391,-1.657716,grouped,232
11325,3080168200121439,0.857703,-0.808093,not_clean,-1
11326,3060385020122192,0.747883,-0.873578,not_clean,-1
11327,3084410110103123,2.479593,0.156577,not_clean,-1
11328,3088603110120870,1.140233,-0.641971,grouped,302
11329,3061000090120780,-1.295927,-2.092376,grouped,147
11330,3093219100113354,2.789103,0.339714,grouped,326
11331,3080168160121250,-0.421023,-1.573866,not_clean,-1
11332,3060385020120671,0.417995,-1.074597,grouped,369
11333,3080168200120319,0.883840,-0.797193,grouped,59
11334,3015475030124312,-0.872534,-1.844118,not_clean,-1
11335,3088608080121172,1.392564,-0.496776,grouped,365
11336,3015475030126193,-0.862927,-1.839594,not_clean,-1
11337,3060385020121936,0.603256,-0.967301,grouped,361
11338,3060385020122522,0.629370,-0.952605,not_clean,-1
11339,3080168160121339,-0.579731,-1.672167,grouped,165
11340,3088608070121803,1.298161,-0.554526,not_clean,-1
11341,3088603110121311,1.106141,-0.669044,grouped,154
11342,3080168160123294,-0.665407,-1.723970,not_clean,-1
11343,3080168170121503,-0.350575,-1.538906,grouped,162
11344,3084410110111873,2.442433,0.123849,grouped,360
11345,3088608080123016,1.449817,-0.468861,grouped,33
11346,3080168140120552,0.045205,-1.305284,grouped,370
11347,3080168170121310,-0.288593,-1.504141,grouped,157
11348,3088603110121468,1.009166,-0.732085,grouped,20
11349,3088608070121423,1.260139,-0.582771,not_clean,-1
11350,3060385020120932,0.717080,-0.907545,grouped,58
11351,3088608080123130,1.419969,-0.488935,grouped,19
11352,3080168180121496,0.339208,-1.133008,grouped,102
11353,3088608080121530,1.380088,-0.514248,not_clean,-1
11354,3060385020120823,0.532889,-1.020146,grouped,361
11355,3088603110121754,1.074693,-0.699099,grouped,230
11356,3093220070107260,3.404796,0.688853,nan_hardness,-1
11357,3093220070106157,3.547613,0.773326,not_clean,-1
11358,3080168200120211,0.942592,-0.778680,not_clean,-1
11359,3015475030121921,-1.004449,-1.936979,grouped,229
11360,3015475030121079,-0.884615,-1.865811,not_clean,-1
11361,3093219070114424,2.176669,-0.044084,grouped,357
11362,3060385020121518,0.399813,-1.102312,grouped,100
11363,3080168200121170,0.819203,-0.852919,not_clean,-1
11364,3080168170123517,-0.240655,-1.484118,grouped,121
11365,3088608080122677,1.367127,-0.527778,grouped,12
11366,3088608070122206,1.220425,-0.615500,grouped,134
11367,3093219030124933,1.687138,-0.338427,not_clean,-1
11368,3093220070115041,3.614683,0.809694,grouped,174
11369,3061000090121180,-1.260113,-2.092205,grouped,333
11370,3061000090122542,-1.290582,-2.110647,grouped,116
11371,3080168160120156,-0.653286,-1.732337,grouped,156
11372,3080168200120927,0.928201,-0.791541,grouped,12
11373,3080168170120993,-0.319066,-1.533947,grouped,164
11374,3030711010120488,-0.080650,-1.392524,grouped,156
11375,3030711010120703,-0.121007,-1.416592,grouped,118
11376,3093220070110453,3.671595,0.841792,grouped,217
11377,3088603110120628,1.167453,-0.650013,grouped,62
11378,3060385020121981,0.706483,-0.924830,not_clean,-1
11379,3013596010107302,2.637553,0.224271,grouped,101
11380,3080168180125010,0.280864,-1.179510,not_clean,-1
11381,3080168200120763,0.866730,-0.831177,grouped,151
11382,3088608080122327,1.377711,-0.528413,not_clean,-1
11383,3030711010120781,-0.050731,-1.380005,grouped,203
11384,3060385020120875,0.758554,-0.898818,grouped,148
11385,3093219070107087,2.054930,-0.126952,grouped,30
11386,3030711010121140,-0.045015,-1.377769,grouped,160
11387,3088608080121280,1.497756,-0.459956,not_clean,-1
11388,3093220070113018,3.551969,0.763217,grouped,62
11389,3093220070106449,3.458783,0.707261,grouped,127
11390,3080168200122831,0.960598,-0.780520,not_clean,-1
11391,3088608070122112,1.278523,-0.592257,not_clean,-1
11392,3093220070115705,3.469898,0.710969,not_clean,-1
11393,3088603110121066,1.147913,-0.672125,not_clean,-1
11394,3030711010120545,-0.180351,-1.463138,grouped,101
11395,3088603110122939,1.051372,-0.730266,not_clean,-1
11396,3080168200121389,0.836974,-0.859520,grouped,169
11397,3030711010121002,-0.046617,-1.385368,grouped,121
11398,3088608080120514,1.340247,-0.561395,not_clean,-1
11399,3080168140122907,0.026320,-1.343397,not_clean,-1
11400,3015475030121539,-0.793117,-1.830574,grouped,156
11401,3088608080121569,1.494049,-0.470098,not_clean,-1
11402,3080168180123082,0.215687,-1.231313,not_clean,-1
11403,3088608080123727,1.437790,-0.504385,not_clean,-1
11404,3093219070110227,2.201746,-0.050686,grouped,38
11405,3093219030121937,1.656368,-0.375463,grouped,348
11406,3015475030121169,-0.648251,-1.746864,not_clean,-1
11407,3060385020121763,0.569061,-1.023729,not_clean,-1
11408,3061000090120154,-1.319091,-2.146189,grouped,121
11409,3061000090123055,-1.224786,-2.091675,not_clean,-1
11410,3088603110122110,1.054891,-0.736455,grouped,277
11411,3060385020120248,0.532015,-1.047754,not_clean,-1
11412,3080168170120190,-0.244245,-1.509675,grouped,158
11413,3088603110120739,1.049821,-0.740522,not_clean,-1
11414,3060385020120159,0.429092,-1.110253,grouped,156
11415,3080168180121803,0.198715,-1.248770,not_clean,-1
11416,3080168200121824,0.831554,-0.872310,not_clean,-1
11417,3093219030121328,1.661803,-0.378528,not_clean,-1
11418,3030711010120489,-0.180125,-1.474802,grouped,154
11419,3080168200122973,0.943965,-0.807262,grouped,146
11420,3093219100111596,2.789057,0.289329,not_clean,-1
11421,3080168200121569,0.877202,-0.848871,grouped,175
11422,3093219040124874,1.975921,-0.194828,not_clean,-1
11423,3080168160123466,-0.580873,-1.717138,not_clean,-1
11424,3088603110121869,1.091848,-0.722931,not_clean,-1
11425,3088603110120359,1.029867,-0.759970,grouped,174
11426,3080168180121292,0.210370,-1.247880,not_clean,-1
11427,3061000090122790,-1.270149,-2.127647,grouped,333
11428,3080168170121475,-0.343907,-1.577738,grouped,157
11429,3088608080121262,1.600657,-0.421155,grouped,22
11430,3077058030120092,-1.105298,-2.030664,not_clean,-1
11431,3015475030123750,-0.819458,-1.861061,grouped,125
11432,3080168200122067,0.843202,-0.874523,grouped,148
11433,3060385020122241,0.648458,-0.990559,grouped,156
11434,3080168160121420,-0.451918,-1.647752,grouped,162
11435,3080168180121134,0.381675,-1.152725,grouped,118
11436,3080168200120339,1.015890,-0.775877,grouped,203
11437,3093220070112339,3.740932,0.845968,nan_hardness,-1
11438,3061000090121386,-1.247209,-2.121265,grouped,166
11439,3060385020120529,0.680932,-0.975974,grouped,158
11440,3088608070121021,1.320282,-0.595821,not_clean,-1
11441,3080168160122088,-0.487537,-1.671317,grouped,164
11442,3060385020120821,0.688703,-0.972256,grouped,325
11443,3093219100106585,2.859255,0.319371,not_clean,-1
11444,3088608070120405,1.268681,-0.627475,not_clean,-1
11445,3080168180122218,0.195621,-1.266051,not_clean,-1
11446,3093219070106285,2.290225,-0.020302,grouped,362
11447,3060385020121185,0.450912,-1.114971,grouped,100
11448,3080168170120591,-0.327187,-1.577866,grouped,160
11449,3015475030126053,-0.881120,-1.907010,not_clean,-1
11450,3088608080121184,1.373362,-0.566631,not_clean,-1
11451,3088603110120148,1.151832,-0.698790,grouped,175
11452,3080168170121110,-0.276221,-1.548952,grouped,310
11453,3080168160120849,-0.426694,-1.638667,grouped,159
11454,3060385020121443,0.485934,-1.096478,grouped,146
11455,3088603110121716,1.089320,-0.737637,grouped,146
11456,3093219070109606,2.344090,0.008773,grouped,222
11457,3015475030121048,-1.000788,-1.980545,not_clean,-1
11458,3030711010122008,-0.139581,-1.469426,grouped,157
11459,3080168180122896,0.162242,-1.290480,grouped,302
11460,3080168180120949,0.333704,-1.188870,not_clean,-1
11461,3080168200120270,0.900572,-0.851835,not_clean,-1
11462,3060385020122484,0.519051,-1.079642,not_clean,-1
11463,3080168160123421,-0.519075,-1.697304,grouped,164
11464,3088603110120499,1.192951,-0.679973,grouped,146
11465,3060385020121717,0.576221,-1.047085,not_clean,-1
11466,3093219070102932,2.284873,-0.033025,grouped,219
11467,3080168200120374,0.863807,-0.878750,grouped,148
11468,3061000090121349,-1.270994,-2.147898,grouped,166
11469,3088608080120007,1.370807,-0.578330,grouped,361
11470,3060385020121275,0.458862,-1.121305,not_clean,-1
11471,3088603110120087,1.083739,-0.749715,not_clean,-1
11472,3088608080123881,1.536867,-0.480888,grouped,21
11473,3080168170121735,-0.296437,-1.571723,grouped,162
11474,3080168180122524,0.245059,-1.250101,not_clean,-1
11475,3013596010108868,2.544870,0.116556,not_clean,-1
11476,3093219100112403,2.816014,0.277721,grouped,218
11477,3093219070112398,2.278644,-0.042195,grouped,212
11478,3060385020122133,0.747267,-0.953987,grouped,160
11479,3093220070103681,3.545017,0.710689,grouped,131
11480,3093219070109293,2.241634,-0.066100,not_clean,-1
11481,3080168200120325,0.886473,-0.872733,grouped,151
11482,3061000090121577,-1.311927,-2.178677,not_clean,-1
11483,3030711010121204,-0.048916,-1.429022,grouped,118
11484,3088608080122000,1.353427,-0.595146,grouped,81
11485,3088603110121854,1.065639,-0.766687,grouped,156
11486,3088608080122334,1.575005,-0.463664,not_clean,-1
11487,3013596010100383,2.623568,0.159638,not_clean,-1
11488,3030711010120135,-0.015205,-1.410511,grouped,121
11489,3088608080122598,1.626478,-0.434255,grouped,212
11490,3093219100110979,2.824476,0.278487,nan_hardness,-1
11491,3080168170121938,-0.303219,-1.581850,not_clean,-1
11492,3080168200120535,0.936065,-0.845218,grouped,156
11493,3080168180121684,0.222556,-1.269748,not_clean,-1
11494,3030711010120915,-0.078892,-1.449666,grouped,103
11495,3093219070111451,2.254925,-0.061884,grouped,246
11496,3093219070114549,2.291318,-0.040888,grouped,219
11497,3093220070110646,3.555940,0.711292,grouped,131
11498,3060385020121001,0.497332,-1.108778,grouped,118
11499,3088608070121677,1.322013,-0.618399,grouped,59
11500,3080168180120260,0.378318,-1.179830,grouped,99
11501,3080168170121270,-0.358966,-1.618205,not_clean,-1
11502,3015475030122200,-0.934961,-1.960320,not_clean,-1
11503,3088608080121276,1.468054,-0.533266,grouped,155
11504,3013596010116232,2.600435,0.139900,not_clean,-1
11505,3088603110121483,1.131555,-0.734474,grouped,174
11506,3080168200120658,0.901317,-0.871671,grouped,156
11507,3013596010100995,2.670682,0.180147,not_clean,-1
11508,3080168180120347,0.408980,-1.165430,grouped,152
11509,3030711010121283,-0.091507,-1.463158,grouped,160
11510,3088608080121805,1.638716,-0.434792,not_clean,-1
11511,3080168200121823,0.956329,-0.840747,grouped,156
11512,3061000090120398,-1.269179,-2.163090,not_clean,-1
11513,3015475030120607,-0.849039,-1.914022,not_clean,-1
11514,3060385020120228,0.743244,-0.969103,grouped,148
11515,3080168160121614,-0.419534,-1.660299,grouped,164
11516,3080168200122377,0.844504,-0.909468,not_clean,-1
11517,3015475030120407,-0.882462,-1.935490,not_clean,-1
11518,3093219070114907,2.330975,-0.025513,not_clean,-1
11519,3060385020121720,0.765617,-0.956961,grouped,59
11520,3093220070115597,3.500808,0.669409,grouped,127
11521,3080168200120449,0.907830,-0.873729,grouped,203
11522,3015475030120411,-0.861756,-1.925306,not_clean,-1
11523,3060385020120367,0.776521,-0.952882,grouped,154
11524,3060385020120855,0.554306,-1.085133,grouped,132
11525,3093219030123394,1.870628,-0.302444,grouped,221
11526,3088603110120447,1.199494,-0.703160,not_clean,-1
11527,3080168200121421,0.822226,-0.927634,grouped,296
11528,3093220070102140,3.513339,0.672966,grouped,362
11529,3061000090120449,-1.284412,-2.178898,grouped,310
11530,3088603110122610,1.233869,-0.683386,grouped,325
11531,3093219060125859,1.885901,-0.295554,not_clean,-1
11532,3080168160120368,-0.493779,-1.710503,grouped,232
11533,3093219070108804,2.303816,-0.048538,grouped,357
11534,3061000090120850,-1.247052,-2.158755,not_clean,-1
11535,3093219070108260,2.281421,-0.062633,grouped,35
11536,3060385020124068,0.807926,-0.939088,grouped,161
11537,3030711010120981,0.066578,-1.379831,grouped,121
11538,3093220070114492,3.594032,0.717349,grouped,131
11539,3093219100104861,2.976127,0.347919,grouped,220
11540,3060385020120854,0.539223,-1.101438,not_clean,-1
11541,3015475030121167,-0.765017,-1.876329,grouped,162
11542,3093220070112577,3.713561,0.785490,not_clean,-1
11543,3080168200120786,0.870148,-0.905717,grouped,158
11544,3088608080124417,1.501863,-0.530423,not_clean,-1
11545,3060385020121788,0.440298,-1.162232,not_clean,-1
11546,3061000090121997,-1.261132,-2.172478,not_clean,-1
11547,3093219070108908,2.176626,-0.132205,grouped,35
11548,3080168170120623,-0.264361,-1.583839,grouped,164
11549,3015475030123145,-0.820742,-1.914068,grouped,153
11550,3015475030122205,-0.917821,-1.971771,grouped,166
11551,3080168210120313,0.131619,-1.348939,grouped,118
11552,3030711010121450,0.032371,-1.407928,not_clean,-1
11553,3088608080121277,1.404201,-0.592615,not_clean,-1
11554,3060385020124952,0.527429,-1.114205,not_clean,-1
11555,3015475030120054,-0.964628,-2.000180,not_clean,-1
11556,3088608080120639,1.427399,-0.579434,not_clean,-1
11557,3080168200121419,1.026491,-0.818685,not_clean,-1
11558,3030711010120316,-0.176812,-1.533751,grouped,156
11559,3015475030120641,-0.989189,-2.015956,not_clean,-1
11560,3060385020121138,0.805084,-0.951042,grouped,148
11561,3080168180120031,0.304131,-1.248793,grouped,325
11562,3080168200120781,1.035626,-0.814142,grouped,100
11563,3088603110120419,1.167965,-0.735851,not_clean,-1
11564,3080168170121123,-0.278638,-1.595582,grouped,225
11565,3093220070113836,3.600627,0.709403,grouped,367
11566,3080168160122069,-0.404277,-1.671683,grouped,165
11567,3060385020121457,0.669160,-1.034551,grouped,101
11568,3077058030121023,-1.187836,-2.136912,not_clean,-1
11569,3080168180121374,0.338093,-1.231853,grouped,100
11570,3093220070109436,3.447295,0.616758,grouped,131
11571,3093220020115470,3.098047,0.408720,grouped,219
11572,3093220070106496,3.661779,0.743014,grouped,135
11573,3093220070103340,3.562526,0.683749,grouped,362
11574,3080168180120700,0.228402,-1.299281,grouped,203
11575,3080168200121013,0.857059,-0.926726,grouped,151
11576,3088603110120941,1.172630,-0.739480,not_clean,-1
11577,3088608080120112,1.392132,-0.609047,not_clean,-1
11578,3088608080121541,1.487687,-0.552323,not_clean,-1
11579,3093220070112221,3.624888,0.718506,grouped,131
11580,3080168200121765,0.843675,-0.935594,not_clean,-1
11581,3088603110121361,1.150834,-0.753463,grouped,325
11582,3061000090122003,-1.232686,-2.169003,grouped,162
11583,3030711010120335,-0.079640,-1.485144,grouped,164
11584,3088603110121069,1.119850,-0.772786,not_clean,-1
11585,3088603110121055,1.212972,-0.718578,grouped,162
11586,3088608080121482,1.600179,-0.489258,grouped,21
11587,3080168200120623,0.980000,-0.858557,grouped,118
11588,3080168200121303,1.034414,-0.826594,not_clean,-1
11589,3060385020120434,0.640316,-1.061927,grouped,156
11590,3080168160122989,-0.507034,-1.743929,not_clean,-1
11591,3060385020120163,0.771012,-0.985072,grouped,231
11592,3030711010120946,-0.106635,-1.506405,grouped,161
11593,3030711010121025,-0.176850,-1.549064,grouped,164
11594,3030711010120096,-0.113233,-1.512028,grouped,118
11595,3093220070108910,3.670402,0.736384,grouped,134
11596,3080168210120985,0.152066,-1.355809,not_clean,-1
11597,3088603110120586,1.057983,-0.818161,grouped,156
11598,3030711010122459,0.104102,-1.385550,not_clean,-1
11599,3093219100106881,2.800783,0.217069,not_clean,-1
11600,3080168200125508,0.895667,-0.915931,not_clean,-1
11601,3080168180120200,0.377539,-1.223845,grouped,156
11602,3080168180121949,0.247409,-1.301680,grouped,103
11603,3080168200122539,0.909997,-0.908524,grouped,149
11604,3093220070101544,3.769786,0.791520,grouped,326
11605,3060385020120691,0.686618,-1.042695,not_clean,-1
11606,3061000090120707,-1.220192,-2.175184,not_clean,-1
11607,3061000090122250,-1.248035,-2.192550,grouped,333
11608,3080168180122456,0.328551,-1.257474,grouped,167
11609,3080168200123546,0.938253,-0.895385,grouped,154
11610,3080168200120952,0.839286,-0.954464,grouped,154
11611,3093220070109408,3.672575,0.729437,not_clean,-1
11612,3088603110120699,1.207902,-0.735731,grouped,325
11613,3030711010121847,-0.036434,-1.476734,grouped,159
11614,3088603110120679,1.122859,-0.789550,not_clean,-1
11615,3060385020121780,0.705559,-1.037988,not_clean,-1
11616,3080168200120031,0.822240,-0.969427,not_clean,-1
11617,3080168180121813,0.322100,-1.267355,grouped,296
11618,3080168200121491,0.857440,-0.950352,not_clean,-1
11619,3080168180120955,0.436678,-1.200397,not_clean,-1
11620,3080168200120544,0.987991,-0.872996,grouped,118
11621,3080168170120789,-0.307946,-1.644097,not_clean,-1
11622,3093220070110564,3.599026,0.676830,grouped,217
11623,3093219070113297,2.279012,-0.107975,grouped,38
11624,3080168170122020,-0.327495,-1.656559,not_clean,-1
11625,3080168170120471,-0.310252,-1.647225,grouped,164
11626,3080168180122385,0.466778,-1.186254,not_clean,-1
11627,3088608080120867,1.411634,-0.625148,grouped,80
11628,3093220070115067,3.491006,0.609690,grouped,244
11629,3020279010120545,-1.013195,-2.065512,not_clean,-1
11630,3088608080122718,1.580610,-0.526526,grouped,20
11631,3088608080121038,1.518705,-0.563428,grouped,21
11632,3030711010122963,-0.065398,-1.504471,grouped,159
11633,3093220070111982,3.692696,0.727787,grouped,133
11634,3060385020120056,0.580305,-1.121972,not_clean,-1
11635,3080168200120799,0.823970,-0.977271,grouped,296
11636,3060385020120276,0.569827,-1.128395,not_clean,-1
11637,3088609030113567,3.851288,0.820424,not_clean,-1
11638,3080168180120992,0.476955,-1.185740,not_clean,-1
11639,3080168200121534,0.900764,-0.934432,not_clean,-1
11640,3080168180121330,0.438288,-1.209689,grouped,100
11641,3060385020121641,0.693491,-1.058594,not_clean,-1
11642,3080168180122496,0.357529,-1.258686,grouped,118
11643,3030711010120631,0.058104,-1.436434,grouped,159
11644,3093219060110692,2.127373,-0.207304,grouped,349
11645,3060385020122159,0.650255,-1.085132,grouped,325
11646,3093220070107293,3.655980,0.700854,grouped,364
11647,3061000090121265,-1.191456,-2.178045,not_clean,-1
11648,3080168230120988,-0.371676,-1.692448,grouped,164
11649,3013596010114283,2.441791,-0.021841,grouped,219
11650,3080168210121182,0.165595,-1.375801,grouped,154
11651,3088603110121102,1.311129,-0.695581,grouped,325
11652,3030711010123112,-0.190293,-1.587345,not_clean,-1
11653,3015475030121872,-0.686107,-1.881404,not_clean,-1
11654,3015475030121721,-0.786396,-1.940889,not_clean,-1
11655,3088608080120212,1.390723,-0.648891,grouped,88
11656,3088603110121642,1.097110,-0.823677,not_clean,-1
11657,3030711010120891,-0.127919,-1.551299,not_clean,-1
11658,3093220020112901,3.213204,0.433032,grouped,326
11659,3080168230121230,-0.355694,-1.686916,grouped,164
11660,3080168200121930,0.866362,-0.962093,grouped,63
11661,3080168200122765,0.813707,-0.993413,not_clean,-1
11662,3093220070107486,3.642393,0.687320,grouped,130
11663,3061000090123163,-1.219009,-2.200092,not_clean,-1
11664,3080168230120967,-0.388873,-1.708490,grouped,165
11665,3088603110120707,1.103080,-0.823062,not_clean,-1
11666,3015475030124339,-0.833608,-1.972375,not_clean,-1
11667,3088608080123346,1.608000,-0.523816,grouped,22
11668,3093220070104548,3.624790,0.674336,grouped,134
11669,3088609030106679,3.897331,0.835896,grouped,362
11670,3088608080120357,1.497701,-0.591588,grouped,1
11671,3088608080124710,1.621803,-0.518682,grouped,349
11672,3080168200120483,0.836476,-0.985801,grouped,154
11673,3080168180130584,0.404658,-1.242173,grouped,118
11674,3080168200120972,1.039946,-0.865163,grouped,154
11675,3093219070106838,2.240890,-0.151684,grouped,37
11676,3015475030121070,-0.939744,-2.040102,grouped,162
11677,3080168200121047,0.907972,-0.945813,grouped,154
11678,3077058030121952,-1.164856,-2.175524,not_clean,-1
11679,3030711010121840,0.029051,-1.467869,grouped,126
11680,3080168180120181,0.360309,-1.271421,not_clean,-1
11681,3080168230121533,-0.392367,-1.719623,grouped,164
11682,3088608080123211,1.453120,-0.624729,grouped,6
11683,3060385020120205,0.552925,-1.159289,not_clean,-1
11684,3093220070114569,3.661729,0.687412,grouped,217
11685,3080168200121237,0.826458,-0.997306,not_clean,-1
11686,3088603110120835,1.128239,-0.818457,grouped,149
11687,3080168200122900,0.866015,-0.974492,not_clean,-1
11688,3080168200120574,0.834345,-0.993766,grouped,149
11689,3080168170121305,-0.250084,-1.637545,grouped,162
11690,3080168180121568,0.452375,-1.222081,grouped,154
11691,3015475030121426,-0.848579,-1.994192,grouped,166
11692,3093219100107337,2.985343,0.280828,not_clean,-1
11693,3080168180130936,0.405093,-1.251993,grouped,118
11694,3088603110120429,1.205890,-0.777330,grouped,148
11695,3088608080121548,1.402910,-0.660585,grouped,73
11696,3030711010120207,-0.010110,-1.500700,not_clean,-1
11697,3030711010120927,0.089385,-1.442913,not_clean,-1
11698,3080168200121512,0.964702,-0.923665,grouped,148
11699,3030711010120442,-0.140257,-1.579359,not_clean,-1
11700,3088608080125193,1.369494,-0.683471,not_clean,-1
11701,3015475030123230,-0.927122,-2.046548,grouped,166
11702,3061000090121555,-1.187107,-2.201597,grouped,333
11703,3030711010121376,0.070984,-1.456614,grouped,164
11704,3088603110120886,1.209369,-0.781091,grouped,103
11705,3088609030107363,3.820585,0.769726,grouped,174
11706,3080168200121727,0.974456,-0.921822,not_clean,-1
11707,3088603110120547,1.128221,-0.831864,grouped,118
11708,3093219100110187,2.998523,0.278002,grouped,365
11709,3080168210120241,0.182542,-1.394497,not_clean,-1
11710,3080168230123649,-0.308397,-1.685788,not_clean,-1
11711,3093220070111690,3.560724,0.611088,grouped,127
11712,3088608080122147,1.434679,-0.652593,grouped,79
11713,3093220070111425,3.711319,0.698359,grouped,82
11714,3093220020107232,3.083445,0.324964,grouped,220
11715,3080168230120938,-0.429885,-1.760947,grouped,161
11716,3088609030106057,3.913776,0.817585,grouped,177
11717,3080168230120370,-0.278584,-1.671799,not_clean,-1
11718,3080168180120761,0.345421,-1.303254,grouped,156
11719,3030711010120445,0.000497,-1.508069,not_clean,-1
11720,3080168200121039,0.925643,-0.960101,grouped,154
11721,3015475030124766,-0.904591,-2.045965,grouped,166
11722,3088603110121623,1.197462,-0.799448,grouped,156
11723,3080168240120871,-0.540660,-1.830699,not_clean,-1
11724,3080168210122056,0.162121,-1.414451,not_clean,-1
11725,3060385020120789,0.624937,-1.140266,grouped,125
11726,3080168180120895,0.521461,-1.202131,grouped,369
11727,3080168200120926,0.906174,-0.973988,grouped,296
11728,3088603110121088,1.175112,-0.815216,not_clean,-1
11729,3080168210120158,0.170529,-1.411457,grouped,11
11730,3080168200121939,0.833100,-1.018538,not_clean,-1
11731,3080168180121184,0.292022,-1.339924,grouped,103
11732,3088603110121526,1.100542,-0.860910,grouped,118
11733,3030711010120123,-0.040857,-1.539897,grouped,159
11734,3080168180120121,0.244072,-1.371071,grouped,283
11735,3093219100111315,2.844953,0.172686,grouped,219
11736,3080168240120691,-0.547293,-1.840529,grouped,164
11737,3093220070110457,3.624079,0.634724,grouped,132
11738,3015475030120516,-0.799734,-1.990832,not_clean,-1
11739,3080168200120035,0.850977,-1.013096,not_clean,-1
11740,3093220040111396,3.378440,0.487519,grouped,86
11741,3088608080120099,1.538966,-0.605409,not_clean,-1
11742,3080168200121083,1.077429,-0.879771,not_clean,-1
11743,3030711010120791,0.075257,-1.474333,grouped,159
11744,3061000090120542,-1.181071,-2.218519,grouped,158
11745,3030711010121446,0.014804,-1.510216,grouped,164
11746,3080168180120973,0.267412,-1.360915,grouped,121
11747,3088609030112207,3.909041,0.800491,grouped,169
11748,3030711010124029,-0.096671,-1.577417,not_clean,-1
11749,3080168200121346,0.966398,-0.947132,grouped,148
11750,3093219070108939,2.281675,-0.166519,grouped,215
11751,3080168200121509,0.903029,-0.985265,grouped,154
11752,3088609030110959,3.957463,0.827551,grouped,86
11753,3080168230120821,-0.377206,-1.745449,grouped,154
11754,3080168210121523,0.182323,-1.413997,not_clean,-1
11755,3030711010122176,-0.201412,-1.642084,grouped,162
11756,3015475030122048,-0.749770,-1.967034,grouped,162
11757,3030711010120057,-0.100314,-1.582309,grouped,166
11758,3015475030121239,-0.675336,-1.922992,not_clean,-1
11759,3015475030123190,-0.915150,-2.066139,not_clean,-1
11760,3080168200122405,1.040416,-0.907328,not_clean,-1
11761,3088608080120009,1.496266,-0.636938,not_clean,-1
11762,3061000090120493,-1.183018,-2.225651,grouped,166
11763,3080168180120535,0.302003,-1.346271,grouped,121
11764,3088603110121434,1.119812,-0.861428,grouped,154
11765,3030711010120041,-0.172223,-1.627885,grouped,157
11766,3080168240120951,-0.557168,-1.856301,not_clean,-1
11767,3080168200120438,0.999646,-0.933383,grouped,121
11768,3060385020120677,0.651901,-1.139849,grouped,154
11769,3080168180122546,0.345375,-1.321714,not_clean,-1
11770,3061000090123277,-1.226382,-2.252880,grouped,115
11771,3030711010120893,0.117197,-1.457722,grouped,157
11772,3093219070106752,2.414220,-0.094794,grouped,222
11773,3080168180120053,0.542908,-1.205713,not_clean,-1
11774,3061000090120081,-1.154473,-2.211458,not_clean,-1
11775,3030711010121432,-0.212091,-1.653481,grouped,275
11776,3015475030120228,-0.943184,-2.086455,grouped,121
11777,3093220020109357,3.280838,0.418260,nan_hardness,-1
11778,3088603110122833,1.140166,-0.852717,not_clean,-1
11779,3080168230121578,-0.244170,-1.673750,grouped,159
11780,3080168180121014,0.255615,-1.377852,grouped,225
11781,3080168200120436,0.896180,-0.998071,not_clean,-1
11782,3093220070110600,3.671555,0.648857,grouped,211
11783,3080168180121918,0.483742,-1.243444,not_clean,-1
11784,3093219060123155,1.970348,-0.361684,grouped,362
11785,3088609030113259,3.940561,0.807928,grouped,177
11786,3060385020120730,0.688915,-1.122541,not_clean,-1
11787,3030711010121219,-0.232410,-1.669153,grouped,158
11788,3015475030121693,-0.867146,-2.045931,grouped,166
11789,3088603110122034,1.103578,-0.878096,not_clean,-1
11790,3093219060124922,1.961498,-0.369250,grouped,215
11791,3060385020120435,0.632373,-1.158956,grouped,167
11792,3080168200121714,0.931605,-0.981553,not_clean,-1
11793,3060385020120850,0.729755,-1.101697,grouped,154
11794,3080168230121887,-0.272437,-1.696096,not_clean,-1
11795,3080168230122747,-0.287078,-1.704800,not_clean,-1
11796,3093220070110586,3.705854,0.664300,not_clean,-1
11797,3093220020107933,3.188176,0.355456,grouped,362
11798,3093220020105951,3.152836,0.333715,grouped,362
11799,3080168230121086,-0.308236,-1.720972,grouped,164
11800,3080168200120869,0.844452,-1.037918,grouped,230
11801,3088608080120080,1.489310,-0.656004,grouped,88
11802,3080168230123602,-0.376252,-1.762679,grouped,161
11803,3030711010121133,-0.073371,-1.583309,grouped,157
11804,3061000090121480,-0.976224,-2.118127,grouped,166
11805,3093220040107419,3.313482,0.425736,grouped,371
11806,3093220070104489,3.630566,0.613921,grouped,215
11807,3015475030123827,-0.949665,-2.103424,not_clean,-1
11808,3088609030112070,3.812602,0.720515,not_clean,-1
11809,3093219070108555,2.312665,-0.170129,not_clean,-1
11810,3088609030113875,4.027969,0.847744,grouped,174
11811,3080168180120115,0.358119,-1.330029,not_clean,-1
11812,3088609030111663,4.047601,0.859166,grouped,130
11813,3093220040109164,3.421811,0.487678,grouped,362
11814,3080168200120571,0.854347,-1.036355,grouped,154
11815,3080168230120864,-0.267678,-1.701807,grouped,63
11816,3093220040112978,3.298148,0.413221,grouped,169
11817,3088609030112959,3.831270,0.729539,not_clean,-1
11818,3015475030122318,-0.720804,-1.971775,not_clean,-1
11819,3088609030110298,3.849553,0.738714,grouped,177
11820,3088608080121694,1.618047,-0.585880,grouped,349
11821,3093219060109705,2.180643,-0.252685,not_clean,-1
11822,3093220070112164,3.770469,0.690660,grouped,326
11823,3030711010121649,-0.067383,-1.586662,not_clean,-1
11824,3013596010110430,2.685463,0.046141,not_clean,-1
11825,3061000090123804,-1.189505,-2.251906,grouped,126
11826,3093220070108906,3.644290,0.613778,grouped,129
11827,3093220040106123,3.392851,0.463896,grouped,362
11828,3013596010106516,2.781663,0.101135,not_clean,-1
11829,3080168230122974,-0.326562,-1.743175,not_clean,-1
11830,3093219060123971,1.951071,-0.392883,not_clean,-1
11831,3015475030120431,-0.842848,-2.049191,grouped,121
11832,3080168180122059,0.425882,-1.298422,grouped,125
11833,3088608080121377,1.531935,-0.642678,grouped,1
11834,3093219070109494,2.347076,-0.159065,grouped,357
11835,3080168230120076,-0.265497,-1.709081,grouped,369
11836,3013596010109288,2.813869,0.116563,not_clean,-1
11837,3015475030123025,-0.676041,-1.953192,not_clean,-1
11838,3080168230120807,-0.289950,-1.724800,grouped,117
11839,3030711010121327,0.169143,-1.452998,not_clean,-1
11840,3015475030121485,-0.666318,-1.948500,not_clean,-1
11841,3015475030120862,-0.860235,-2.063477,grouped,310
11842,3080168180121438,0.324067,-1.362449,grouped,296
11843,3080168230120730,-0.247787,-1.702508,grouped,164
11844,3093220040109846,3.501983,0.520782,grouped,246
11845,3093219060103967,2.186616,-0.259864,not_clean,-1
11846,3093220070101282,3.645675,0.605351,grouped,134
11847,3061000090121367,-0.963558,-2.127829,grouped,166
11848,3080168230123231,-0.278496,-1.722897,grouped,161
11849,3080168220122162,0.564000,-1.223992,not_clean,-1
11850,3080168210121762,0.229630,-1.422828,grouped,164
11851,3030711010120825,0.090793,-1.505218,grouped,159
11852,3080168220123257,0.555127,-1.230091,grouped,118
11853,3088608080123020,1.541441,-0.645740,not_clean,-1
11854,3030711010124569,-0.205182,-1.681324,not_clean,-1
11855,3080168180120046,0.507590,-1.259257,grouped,121
11856,3030711010120689,-0.181035,-1.667470,grouped,153
11857,3030711010120788,0.148648,-1.472777,grouped,164
11858,3061000090121630,-1.167533,-2.251962,not_clean,-1
11859,3015475030121130,-0.792031,-2.032024,not_clean,-1
11860,3093220020110683,3.183779,0.324884,grouped,362
11861,3030711010120537,-0.125715,-1.638925,grouped,159
11862,3080168180121928,0.499506,-1.269665,not_clean,-1
11863,3080168230123126,-0.277485,-1.730051,not_clean,-1
11864,3093219100108870,2.942014,0.178447,not_clean,-1
11865,3015475030120705,-0.569951,-1.903876,not_clean,-1
11866,3093220070110896,3.590260,0.562518,grouped,169
11867,3030711010120913,0.022593,-1.553522,grouped,156
11868,3060385020121178,0.712788,-1.144762,grouped,154
11869,3088603110124812,1.258146,-0.821577,not_clean,-1
11870,3080168200121261,0.957385,-0.999981,grouped,154
11871,3088608080121983,1.475399,-0.692798,grouped,80
11872,3080168230120435,-0.432517,-1.823709,grouped,153
11873,3088609030111721,3.955070,0.777805,grouped,174
11874,3088608080121426,1.491151,-0.684205,not_clean,-1
11875,3080168200120994,0.754450,-1.121292,grouped,154
11876,3080168230123173,-0.465753,-1.844323,not_clean,-1
11877,3030711010121729,-0.212507,-1.694668,grouped,159
11878,3061000090122897,-0.966210,-2.140838,not_clean,-1
11879,3030711010120504,0.028330,-1.552676,grouped,159
11880,3088608080120250,1.552061,-0.649802,not_clean,-1
11881,3093220070108385,3.718243,0.634616,grouped,134
11882,3080168230120015,-0.373482,-1.792052,not_clean,-1
11883,3093220020109695,3.042121,0.232139,not_clean,-1
11884,3080168230121552,-0.244583,-1.716971,grouped,161
11885,3080168230120345,-0.318014,-1.760480,grouped,153
11886,3080168230120751,-0.232434,-1.709865,grouped,310
11887,3088609030110625,4.063877,0.836351,not_clean,-1
11888,3030711010120138,0.140442,-1.491906,not_clean,-1
11889,3093220040108693,3.364804,0.420097,grouped,244
11890,3080168220122818,0.706367,-1.156770,not_clean,-1
11891,3080168180120841,0.536595,-1.257684,grouped,118
11892,3093219070112449,2.364559,-0.173915,not_clean,-1
11893,3061000090121401,-1.197048,-2.284027,grouped,162
11894,3080168230123604,-0.290984,-1.748701,not_clean,-1
11895,3080168230120373,-0.362021,-1.792153,grouped,159
11896,3093220070109785,3.663891,0.594383,not_clean,-1
11897,3088608080121455,1.475555,-0.704054,not_clean,-1
11898,3080168240120741,-0.528601,-1.891613,grouped,164
11899,3088608080120443,1.515849,-0.680622,grouped,211
11900,3088609030111777,3.834137,0.694322,not_clean,-1
11901,3030711010121214,-0.118716,-1.650016,grouped,159
11902,3093220020111641,3.037092,0.219989,grouped,357
11903,3080168220121669,0.623691,-1.211482,not_clean,-1
11904,3088608080121111,1.530351,-0.674551,not_clean,-1
11905,3080168230122874,-0.241755,-1.724851,grouped,164
11906,3080168200120382,0.888105,-1.056223,grouped,154
11907,3030711010121030,0.156190,-1.489898,grouped,164
11908,3093220020112097,3.097522,0.253372,grouped,365
11909,3013596010111935,2.719491,0.028354,not_clean,-1
11910,3080168230120494,-0.223046,-1.716040,grouped,153
11911,3080168230120344,-0.319379,-1.773264,grouped,161
11912,3030711010121156,-0.213582,-1.710913,grouped,310
11913,3080168200123327,0.865173,-1.072308,grouped,98
11914,3015475030121987,-0.876354,-2.103341,not_clean,-1
11915,3080168200120804,0.896203,-1.054248,grouped,296
11916,3088608080121036,1.635560,-0.616205,not_clean,-1
11917,3093220070113154,3.744690,0.634673,grouped,169
11918,3080168200120862,0.788536,-1.118520,not_clean,-1
11919,3080168200122940,1.110277,-0.927926,not_clean,-1
11920,3030711010121201,0.055818,-1.554667,grouped,296
11921,3030711010120877,-0.145765,-1.674503,grouped,162
11922,3093219100110687,2.936131,0.151857,not_clean,-1
11923,3080168230121581,-0.415796,-1.835492,not_clean,-1
11924,3080168200121794,1.047593,-0.969285,grouped,152
11925,3080168220120695,0.608452,-1.230593,grouped,103
11926,3015475030120856,-0.679082,-1.993471,not_clean,-1
11927,3080168180120022,0.377729,-1.368715,not_clean,-1
11928,3093220070110645,3.695681,0.598099,grouped,127
11929,3080168230122271,-0.343543,-1.796340,grouped,310
11930,3093220070108447,3.731007,0.618560,grouped,127
11931,3080168240121419,-0.492166,-1.884498,grouped,165
11932,3030711010120246,0.038807,-1.570731,not_clean,-1
11933,3088608080120570,1.573554,-0.661464,grouped,246
11934,3088608080121062,1.407300,-0.760295,not_clean,-1
11935,3093220040109002,3.588512,0.532651,grouped,165
11936,3093220040113647,3.349657,0.390331,not_clean,-1
11937,3080168180120298,0.401218,-1.357922,not_clean,-1
11938,3088603110121227,1.378028,-0.779170,grouped,76
11939,3080168180121253,0.498653,-1.300285,not_clean,-1
11940,3013596010103435,2.731693,0.023375,not_clean,-1
11941,3030711010122087,0.126351,-1.521165,grouped,310
11942,3080168200121636,0.759541,-1.146261,not_clean,-1
11943,3093220040110060,3.414177,0.427307,grouped,244
11944,3093220040106299,3.603779,0.538946,not_clean,-1
11945,3080168200122456,0.964924,-1.026069,not_clean,-1
11946,3030711010120898,0.078557,-1.551846,not_clean,-1
11947,3080168220124310,0.539108,-1.279143,grouped,93
11948,3093220020114791,3.136383,0.260415,grouped,222
11949,3080168200121239,0.910881,-1.059621,grouped,103
11950,3080168210120034,0.251558,-1.450574,grouped,121
11951,3080168180121723,0.367705,-1.382384,grouped,164
11952,3093220040113657,3.370965,0.395976,not_clean,-1
11953,3088608080120143,1.417734,-0.762693,grouped,134
11954,3080168230124009,-0.266784,-1.760402,grouped,161
11955,3080168180120199,0.350611,-1.395171,grouped,164
11956,3080168200120918,0.996566,-1.014086,grouped,80
11957,3088609030111302,3.843815,0.673459,grouped,131
11958,3093219060105678,2.028580,-0.402974,grouped,36
11959,3030711010120023,-0.077931,-1.651284,not_clean,-1
11960,3080168200121999,0.754738,-1.158330,not_clean,-1
11961,3080168250120030,0.324561,-1.413423,grouped,121
11962,3013596010107349,2.636174,-0.043713,grouped,365
11963,3080168230122040,-0.306714,-1.787947,grouped,159
11964,3093220020105359,3.026237,0.186832,grouped,362
11965,3030711010120997,-0.183030,-1.715645,grouped,125
11966,3080168220122045,0.584123,-1.261862,not_clean,-1
11967,3088609030112201,4.025988,0.778187,grouped,63
11968,3015475030123972,-0.680303,-2.010743,grouped,166
11969,3015475030121451,-0.874248,-2.125523,grouped,158
11970,3093220040107736,3.349897,0.376471,grouped,83
11971,3080168220120388,0.676778,-1.208179,not_clean,-1
11972,3093220040110049,3.586365,0.516410,grouped,80
11973,3080168200120124,0.920083,-1.064211,not_clean,-1
11974,3080168180121126,0.440319,-1.348541,grouped,162
11975,3080168200122293,0.958686,-1.041977,grouped,154
11976,3093220020108148,3.040633,0.190731,not_clean,-1
11977,3093220070107482,3.745179,0.607675,grouped,169
11978,3080168180120898,0.403054,-1.373503,grouped,296
11979,3080168220122019,0.620380,-1.245916,grouped,99
11980,3030711010122611,0.061762,-1.576680,not_clean,-1
11981,3015475030122421,-0.589918,-1.962999,grouped,165
11982,3080168200123953,0.819887,-1.129262,not_clean,-1
11983,3088608090122525,1.945359,-0.462389,not_clean,-1
11984,3093220020109437,3.098266,0.220492,not_clean,-1
11985,3080168240121745,-0.490831,-1.907187,grouped,230
11986,3030711010120497,0.004595,-1.614281,grouped,162
11987,3061000090131563,-0.918102,-2.160412,grouped,333
11988,3080168210120221,0.265330,-1.460616,grouped,148
11989,3030711010121307,0.074379,-1.574231,grouped,159
11990,3030711010121746,0.044646,-1.592252,grouped,164
11991,3093220040108425,3.512894,0.462626,grouped,328
11992,3088609030102842,4.111966,0.817326,grouped,174
11993,3093220020101587,3.165453,0.255468,not_clean,-1
11994,3093220020114125,3.029697,0.174570,grouped,363
11995,3080168180122888,0.412093,-1.376696,grouped,83
11996,3030711010120515,0.034658,-1.600237,grouped,159
11997,3080168230121586,-0.455262,-1.890121,grouped,157
11998,3080168220121149,0.655304,-1.233091,not_clean,-1
11999,3088609030112142,4.154690,0.839781,grouped,174
12000,3093220010102469,2.988343,0.148470,grouped,218
12001,3030711010121461,0.022742,-1.609000,not_clean,-1
12002,3080168230122460,-0.289833,-1.794343,grouped,166
12003,3080168220120976,0.622071,-1.256053,grouped,283
12004,3080168230121169,-0.379270,-1.849243,not_clean,-1
12005,3080168250121543,0.328549,-1.430631,not_clean,-1
12006,3093220020104970,3.145463,0.237177,grouped,363
12007,3080168250122266,0.352558,-1.417609,grouped,164
12008,3088603110120252,1.258921,-0.881113,grouped,118
12009,3030711010120457,0.143991,-1.541293,not_clean,-1
12010,3080168230122273,-0.464925,-1.901905,not_clean,-1
12011,3080168180120061,0.441211,-1.366099,not_clean,-1
12012,3088603110123087,1.250566,-0.887054,not_clean,-1
12013,3080168200120717,0.794157,-1.157787,not_clean,-1
12014,3088608090122665,1.934666,-0.482179,grouped,23
12015,3088608080120592,1.699521,-0.621585,grouped,128
12016,3080168210120526,0.306521,-1.446554,grouped,164
12017,3093220040102777,3.426233,0.401670,grouped,365
12018,3088603110121774,1.268298,-0.877476,not_clean,-1
12019,3080168200122222,0.773616,-1.170597,not_clean,-1
12020,3015475030121302,-0.573103,-1.967361,not_clean,-1
12021,3080168220123816,0.529052,-1.315546,not_clean,-1
12022,3088608090123680,1.804896,-0.560135,not_clean,-1
12023,3088608090126773,1.987806,-0.452030,grouped,35
12024,3088608080121753,1.624938,-0.667457,not_clean,-1
12025,3093220040109204,3.406277,0.387141,grouped,217
12026,3088609030104356,4.026833,0.754484,grouped,169
12027,3013596010108520,2.502477,-0.149474,not_clean,-1
12028,3030711010120575,0.157023,-1.538842,grouped,157
12029,3030711010124031,-0.192870,-1.746214,grouped,325
12030,3093219060101990,2.062962,-0.410627,not_clean,-1
12031,3088603110124609,1.350802,-0.832597,not_clean,-1
12032,3093220020109495,3.069430,0.184920,not_clean,-1
12033,3030711010122789,-0.034808,-1.653731,grouped,164
12034,3080168220122375,0.740496,-1.195164,grouped,163
12035,3088608080120132,1.444157,-0.778449,grouped,146
12036,3088603110120879,1.396362,-0.806925,not_clean,-1
12037,3093220070113572,3.653354,0.529608,not_clean,-1
12038,3088608080120777,1.687739,-0.635505,grouped,0
12039,3088609030105116,3.971889,0.717740,grouped,176
12040,3080168230120503,-0.269211,-1.794657,grouped,162
12041,3030711010120234,0.153172,-1.545074,grouped,161
12042,3088609030108801,3.792936,0.610669,grouped,169
12043,3080168200120307,0.878426,-1.116339,not_clean,-1
12044,3093219090111597,2.475391,-0.170428,not_clean,-1
12045,3080168210120472,0.310617,-1.453341,grouped,164
12046,3030711010121049,-0.001148,-1.639408,not_clean,-1
12047,3088608080121150,1.521045,-0.738532,not_clean,-1
12048,3080168220120190,0.763966,-1.186935,grouped,154
12049,3080168210121275,0.308811,-1.457713,grouped,164
12050,3093220040110678,3.394672,0.369706,grouped,362
12051,3093219090107414,2.471601,-0.177454,not_clean,-1
12052,3093220070108354,3.648038,0.519415,not_clean,-1
12053,3088608080123897,1.662977,-0.656794,grouped,6
12054,3093219090109085,2.484165,-0.170333,not_clean,-1
12055,3080168220121157,0.664903,-1.248420,not_clean,-1
12056,3080168240122053,-0.473004,-1.921452,not_clean,-1
12057,3080168250120762,0.362941,-1.427548,grouped,118
12058,3080168250120100,0.389638,-1.412760,grouped,156
12059,3093220040109937,3.474492,0.413613,grouped,169
12060,3080168220121222,0.533440,-1.329248,grouped,160
12061,3080168240120685,-0.466701,-1.920934,grouped,157
12062,3015475030120013,-0.622148,-2.013879,not_clean,-1
12063,3030711010122686,-0.025538,-1.662518,grouped,159
12064,3015475030121778,-0.791162,-2.115991,not_clean,-1
12065,3080168200120848,0.956446,-1.082871,grouped,98
12066,3080168220120393,0.685250,-1.243836,not_clean,-1
12067,3088609030103347,3.984596,0.710278,grouped,174
12068,3080168220120277,0.611163,-1.287971,not_clean,-1
12069,3013596010108732,2.668910,-0.069888,grouped,37
12070,3080168200120349,0.802525,-1.176006,grouped,156
12071,3015475030120326,-0.646842,-2.034071,grouped,166
12072,3013596010111694,2.843455,0.030529,grouped,86
12073,3088603110123591,1.172326,-0.959834,grouped,148
12074,3088609030107787,4.076710,0.759642,grouped,174
12075,3093220040109415,3.384568,0.348328,grouped,85
12076,3030711010121324,0.185236,-1.546349,grouped,161
12077,3080168220121090,0.562956,-1.323303,grouped,296
12078,3080168230123343,-0.315195,-1.842619,not_clean,-1
12079,3088609030110887,4.000615,0.711162,grouped,367
12080,3093219060100217,2.251278,-0.325931,grouped,246
12081,3080168250121675,0.355537,-1.448525,grouped,162
12082,3093220040101778,3.579438,0.460415,grouped,80
12083,3088609030112927,4.026495,0.724993,not_clean,-1
12084,3093219060110400,2.141542,-0.391598,not_clean,-1
12085,3088609030114987,4.125811,0.783559,grouped,244
12086,3088608080120197,1.664136,-0.675738,grouped,131
12087,3080168220120803,0.576085,-1.320217,grouped,310
12088,3088609030111556,4.013879,0.715158,grouped,174
12089,3030711010120743,0.046099,-1.634083,grouped,158
12090,3080168220121321,0.690220,-1.253172,grouped,162
12091,3093220020108218,3.196654,0.230700,grouped,246
12092,3080168220122046,0.491190,-1.371757,grouped,78
12093,3093220040109652,3.574904,0.454131,not_clean,-1
12094,3093219060104479,2.265839,-0.321851,not_clean,-1
12095,3088609030108365,3.981174,0.693690,grouped,367
12096,3030711010121499,0.139625,-1.581286,grouped,100
12097,3080168220120973,0.752072,-1.219696,grouped,154
12098,3030711010122149,0.175262,-1.562003,not_clean,-1
12099,3088609030111168,4.002096,0.703589,grouped,244
12100,3093219060111192,2.064538,-0.444007,grouped,18
12101,3080168220120555,0.713208,-1.244399,grouped,159
12102,3080168220124838,0.560657,-1.335284,grouped,100
12103,3093220070109501,3.777141,0.569008,grouped,169
12104,3080168230122802,-0.226855,-1.802353,not_clean,-1
12105,3080168210120025,0.289457,-1.497334,not_clean,-1
12106,3080168250123027,0.342128,-1.467395,not_clean,-1
12107,3093220070112028,3.755591,0.553237,not_clean,-1
12108,3030711010123031,-0.146747,-1.757658,not_clean,-1
12109,3080168230121013,-0.409023,-1.912894,not_clean,-1
12110,3030711010121144,0.070435,-1.629662,grouped,159
12111,3093220070109634,3.689369,0.512179,grouped,169
12112,3080168220120340,0.448400,-1.406606,grouped,159
12113,3088609030112224,3.946901,0.664517,grouped,127
12114,3080168200120477,1.053833,-1.049169,grouped,146
12115,3080168240121095,-0.429659,-1.927216,grouped,153
12116,3030711010121132,0.152359,-1.584067,grouped,157
12117,3088608090124001,1.786052,-0.617552,not_clean,-1
12118,3080168200121266,0.916835,-1.132256,not_clean,-1
12119,3088609030112710,4.016338,0.701972,not_clean,-1
12120,3088608080121800,1.567803,-0.748159,not_clean,-1
12121,3093219090108012,2.516260,-0.187941,grouped,217
12122,3080168240120484,-0.444724,-1.940887,not_clean,-1
12123,3013596010106014,2.814515,-0.013641,grouped,357
12124,3080168200122263,1.039116,-1.065006,grouped,156
12125,3088609030113600,3.953197,0.660023,grouped,130
12126,3088603110121640,1.303510,-0.908915,grouped,296
12127,3080168210121164,0.272052,-1.520237,grouped,164
12128,3088608080120088,1.521618,-0.781483,grouped,296
12129,3088603110122558,1.139653,-1.007633,not_clean,-1
12130,3080168220120896,0.704579,-1.266646,not_clean,-1
12131,3088608080120833,1.648290,-0.709019,grouped,80
12132,3093220040106643,3.353572,0.299955,grouped,10
12133,3088608080122847,1.635524,-0.717837,grouped,79
12134,3093219060106169,2.098840,-0.444757,grouped,358
12135,3093220010104630,3.039496,0.111204,grouped,214
12136,3080168200121579,1.063536,-1.060369,grouped,160
12137,3093219060110226,2.141109,-0.423066,grouped,212
12138,3080168250123097,0.426777,-1.437604,grouped,225
12139,3080168230121893,-0.374900,-1.911289,grouped,158
12140,3013596010106939,2.839887,-0.009667,grouped,266
12141,3013596010103727,2.770357,-0.051726,grouped,365
12142,3088609030107052,4.027942,0.692644,grouped,130
12143,3080168220120136,0.760256,-1.241717,grouped,154
12144,3093220040112476,3.401645,0.321587,grouped,372
12145,3080168220121080,0.771994,-1.235138,not_clean,-1
12146,3088608080122506,1.460983,-0.827561,not_clean,-1
12147,3093220010112851,2.943734,0.049910,grouped,127
12148,3093219060109982,2.078584,-0.462991,grouped,246
12149,3080168220121433,0.449629,-1.427170,not_clean,-1
12150,3093220040113088,3.447212,0.345944,not_clean,-1
12151,3080168230120394,-0.268529,-1.852313,grouped,156
12152,3088609030105129,3.946766,0.641413,grouped,169
12153,3080168200121403,0.956783,-1.129170,grouped,88
12154,3088608090120659,1.928542,-0.554225,grouped,246
12155,3088609030107796,3.900960,0.613088,grouped,175
12156,3088608090124948,2.005224,-0.509218,grouped,15
12157,3080168230121485,-0.188734,-1.807232,grouped,156
12158,3093219060100860,2.093910,-0.457377,grouped,365
12159,3080168220121609,0.600325,-1.341200,grouped,160
12160,3030711010120955,0.079469,-1.649044,grouped,283
12161,3093220020115269,3.128695,0.154821,grouped,216
12162,3093220070111015,3.707550,0.497392,not_clean,-1
12163,3080168230121808,-0.367536,-1.915142,grouped,158
12164,3088603110121834,1.171848,-1.005400,not_clean,-1
12165,3080168240123843,-0.443254,-1.961918,not_clean,-1
12166,3088609080109467,4.301699,0.843807,not_clean,-1
12167,3080168250120906,0.328145,-1.507770,grouped,162
12168,3088603110121949,1.417084,-0.864636,grouped,146
12169,3080168260121060,0.853264,-1.198339,not_clean,-1
12170,3030711010121707,0.148101,-1.615632,grouped,160
12171,3088608080122729,1.536673,-0.795237,not_clean,-1
12172,3080168250120091,0.397019,-1.469408,grouped,164
12173,3080168260122155,0.841820,-1.206705,not_clean,-1
12174,3088608080120450,1.662543,-0.721466,not_clean,-1
12175,3084091050112945,4.281094,0.827988,not_clean,-1
12176,3093220040112105,3.516437,0.375325,grouped,362
12177,3088609030100404,4.085390,0.711111,grouped,130
12178,3093220020109249,3.349695,0.275508,grouped,217
12179,3088608080121635,1.514032,-0.811066,not_clean,-1
12180,3088608080120938,1.481300,-0.830815,not_clean,-1
12181,3088608080121892,1.503210,-0.818215,not_clean,-1
12182,3088609030112611,4.138295,0.740937,not_clean,-1
12183,3080168230120492,-0.153984,-1.798405,grouped,334
12184,3030711010121338,0.017157,-1.698034,not_clean,-1
12185,3088609030109527,3.951751,0.628588,grouped,131
12186,3093220020109542,3.306447,0.246292,grouped,362
12187,3088603110122467,1.402018,-0.880716,grouped,83
12188,3080168220120083,0.639283,-1.332096,grouped,162
12189,3088603110120417,1.223706,-0.986724,grouped,154
12190,3088608080120385,1.493197,-0.827336,not_clean,-1
12191,3080168210121726,0.266547,-1.552783,grouped,164
12192,3080168210121465,0.299148,-1.533872,not_clean,-1
12193,3088609030111573,4.203289,0.775489,not_clean,-1
12194,3088609030114328,3.937795,0.618084,grouped,131
12195,3030711010120783,-0.125717,-1.785401,grouped,159
12196,3093220020110039,3.327751,0.256776,grouped,244
12197,3080168230122401,-0.188682,-1.823665,not_clean,-1
12198,3088609030110063,3.970264,0.636027,grouped,131
12199,3093219060113528,2.128168,-0.454164,grouped,17
12200,3080168220121779,0.765336,-1.260529,not_clean,-1
12201,3080168250122983,0.465699,-1.438226,grouped,165
12202,3080168220120816,0.824525,-1.226482,not_clean,-1
12203,3088608080120273,1.590448,-0.774563,grouped,296
12204,3088603110123594,1.306782,-0.942627,not_clean,-1
12205,3080168250120602,0.358273,-1.503578,grouped,164
12206,3080168200123161,0.999996,-1.124431,nan_hardness,-1
12207,3080168240121534,-0.584039,-2.060107,not_clean,-1
12208,3030711010121245,0.232930,-1.578172,not_clean,-1
12209,3088608090123019,1.940983,-0.569120,not_clean,-1
12210,3080168240122242,-0.457870,-1.987394,not_clean,-1
12211,3088609030107704,3.961584,0.625549,grouped,65
12212,3093220020108673,3.213351,0.182663,grouped,362
12213,3088603110121674,1.413698,-0.882856,not_clean,-1
12214,3080168250120541,0.315056,-1.532600,grouped,157
12215,3080168230121612,-0.164766,-1.816380,grouped,125
12216,3080168260120370,0.865710,-1.208401,not_clean,-1
12217,3080168220120888,0.541199,-1.400758,not_clean,-1
12218,3088609030108275,3.854388,0.559037,grouped,244
12219,3084091050106081,4.255628,0.794132,grouped,172
12220,3080168230122113,-0.239631,-1.864296,not_clean,-1
12221,3030711010120229,0.091519,-1.668888,not_clean,-1
12222,3080168220122237,0.682399,-1.320647,not_clean,-1
12223,3093220040105126,3.538431,0.368340,grouped,266
12224,3080168220120465,0.671579,-1.327696,grouped,11
12225,3080168250120229,0.452449,-1.458088,not_clean,-1
12226,3013596010112019,2.643420,-0.162522,grouped,215
12227,3093220020110707,3.149189,0.136025,grouped,219
12228,3080168230120650,-0.274340,-1.888280,grouped,118
12229,3030711010121372,-0.048209,-1.754819,not_clean,-1
12230,3080168250121193,0.366334,-1.510412,grouped,159
12231,3030711010121312,0.242456,-1.583716,not_clean,-1
12232,3080168210120254,0.313635,-1.541975,not_clean,-1
12233,3088609030113774,4.077008,0.682964,nan_hardness,-1
12234,3088608090121887,1.960374,-0.569727,grouped,349
12235,3080168210120571,0.297932,-1.552959,grouped,230
12236,3088609030113044,4.022372,0.648880,grouped,129
12237,3080168250122213,0.400881,-1.493442,grouped,164
12238,3088608090120489,1.902940,-0.605545,grouped,10
12239,3080168220121392,0.741310,-1.292468,not_clean,-1
12240,3080168230121654,-0.159242,-1.824379,grouped,153
12241,3080168250122373,0.432517,-1.475209,grouped,164
12242,3080168220121553,0.594375,-1.379777,not_clean,-1
12243,3080168220122656,0.826709,-1.242790,not_clean,-1
12244,3080168220120279,0.777321,-1.272315,grouped,154
12245,3088609030113897,3.981217,0.622347,grouped,177
12246,3084091050107551,4.322984,0.824408,not_clean,-1
12247,3093219060100675,2.312943,-0.364667,grouped,222
12248,3093220010106849,3.036908,0.062358,grouped,220
12249,3088608090121497,1.927366,-0.594127,not_clean,-1
12250,3088609030111487,3.838086,0.536060,not_clean,-1
12251,3080168230120302,-0.339168,-1.933657,grouped,151
12252,3093220070105229,3.693372,0.449824,grouped,88
12253,3013596010109136,2.905780,-0.016114,grouped,363
12254,3088609030107458,4.055421,0.663865,grouped,129
12255,3093220040109361,3.439135,0.299027,grouped,249
12256,3030711010120421,0.237552,-1.594927,grouped,165
12257,3093220040114514,3.516708,0.342813,not_clean,-1
12258,3088609030110726,3.828094,0.526569,grouped,176
12259,3030711010121379,0.228857,-1.601681,not_clean,-1
12260,3093220040110426,3.446730,0.300166,grouped,218
12261,3030711010120346,0.037550,-1.715856,grouped,162
12262,3080168250120110,0.351381,-1.530663,grouped,369
12263,3093219060103719,2.174296,-0.453615,grouped,22
12264,3088608090123015,1.838596,-0.653297,not_clean,-1
12265,3093220040102608,3.607563,0.392874,grouped,169
12266,3088609030113043,3.979658,0.612821,not_clean,-1
12267,3080168230120019,-0.135745,-1.820580,grouped,121
12268,3088609030111524,4.024820,0.638734,not_clean,-1
12269,3080168250120755,0.370654,-1.522462,grouped,164
12270,3080168260121724,0.943805,-1.184287,not_clean,-1
12271,3080168230120165,-0.331148,-1.937227,grouped,153
12272,3093219060101824,2.119546,-0.489433,grouped,12
12273,3088609030109734,4.187469,0.732624,grouped,244
12274,3093220020108140,3.247154,0.176385,grouped,169
12275,3088612090121971,1.471251,-0.873927,grouped,83
12276,3080168230120378,-0.144144,-1.828242,grouped,156
12277,3093220020111980,3.335487,0.228342,not_clean,-1
12278,3080168230120294,-0.167550,-1.842723,grouped,167
12279,3080168230120668,-0.218660,-1.873105,grouped,160
12280,3080168240120108,-0.542563,-2.064360,grouped,310
12281,3080168230120202,-0.172416,-1.846690,not_clean,-1
12282,3088609030101606,3.850553,0.531135,grouped,131
12283,3080168210120643,0.304647,-1.565629,not_clean,-1
12284,3088608090122992,1.834991,-0.661388,grouped,4
12285,3093220040107822,3.627054,0.398354,grouped,86
12286,3080168230120222,-0.293227,-1.919536,grouped,158
12287,3088608090121757,1.882326,-0.634801,grouped,7
12288,3088609030107083,3.934351,0.578335,not_clean,-1
12289,3084091050112621,4.407486,0.857412,grouped,175
12290,3030711010120925,0.034716,-1.727510,not_clean,-1
12291,3080168240122736,-0.625023,-2.116812,not_clean,-1
12292,3080168260122784,0.841162,-1.251567,not_clean,-1
12293,3030711010122205,-0.049913,-1.778123,not_clean,-1
12294,3093219090111482,2.347251,-0.361718,grouped,349
12295,3080168250120149,0.482427,-1.464584,grouped,154
12296,3093220040109807,3.602562,0.379717,grouped,169
12297,3013596010105262,2.901404,-0.035287,not_clean,-1
12298,3084091050110231,4.389627,0.843806,grouped,175
12299,3080168250121634,0.511756,-1.448827,grouped,162
12300,3030711010120100,0.024672,-1.736402,grouped,162
12301,3013596010109309,2.616168,-0.205507,grouped,218
12302,3093220040110455,3.641797,0.400835,not_clean,-1
12303,3080168230120028,-0.155196,-1.843361,grouped,121
12304,3080168240121285,-0.477330,-2.033529,grouped,166
12305,3080168230120745,-0.219562,-1.882154,grouped,229
12306,3088612090121179,1.476146,-0.881466,grouped,248
12307,3080168230121127,-0.163328,-1.849712,not_clean,-1
12308,3093220040103460,3.425855,0.271061,grouped,10
12309,3080168240120695,-0.404747,-1.992758,grouped,156
12310,3080168230120795,-0.236569,-1.893873,grouped,229
12311,3013596010111071,2.914040,-0.032675,grouped,363
12312,3093220070113312,3.712866,0.438348,grouped,130
12313,3080168260122122,0.853951,-1.251998,not_clean,-1
12314,3093219090103582,2.375933,-0.353915,grouped,123
12315,3088608090122238,1.784247,-0.703832,grouped,1
12316,3080168230120509,-0.281099,-1.923563,grouped,232
12317,3080168250123342,0.507450,-1.458341,not_clean,-1
12318,3080168220120614,0.798842,-1.286744,not_clean,-1
12319,3088603110120496,1.195739,-1.052845,grouped,157
12320,3088609030110749,4.195614,0.720190,not_clean,-1
12321,3088608090120104,1.887721,-0.644483,grouped,12
12322,3080168230120924,-0.152108,-1.850949,grouped,157
12323,3030711010120565,-0.088786,-1.813651,grouped,156
12324,3080168230121538,-0.244650,-1.905636,not_clean,-1
12325,3088612090120866,1.638219,-0.793947,grouped,59
12326,3080168220121353,0.730812,-1.330237,grouped,159
12327,3030711010120020,0.155210,-1.670068,grouped,158
12328,3093220040109975,3.629503,0.382772,grouped,215
12329,3093219060108653,2.224294,-0.449486,grouped,32
12330,3088609030111585,3.875696,0.526193,not_clean,-1
12331,3080168260120428,0.842900,-1.267043,not_clean,-1
12332,3080168220122461,0.587443,-1.418307,grouped,157
12333,3080168220121907,0.754018,-1.320796,not_clean,-1
12334,3093220040107117,3.501587,0.302954,grouped,249
12335,3088609030108364,3.990960,0.592150,grouped,127
12336,3080168240121248,-0.365075,-1.981623,grouped,153
12337,3088612090124968,1.474955,-0.895666,not_clean,-1
12338,3093220070110427,3.786941,0.470975,not_clean,-1
12339,3084091050105501,4.449959,0.862562,not_clean,-1
12340,3088612090120563,1.482174,-0.892014,not_clean,-1
12341,3084091050110245,4.326601,0.789323,grouped,169
12342,3093220070103608,3.811256,0.484500,grouped,130
12343,3093219090112500,2.413757,-0.342073,grouped,221
12344,3093220040108535,3.664473,0.395693,not_clean,-1
12345,3030711010121411,0.192590,-1.656496,not_clean,-1
12346,3088608090122093,1.762996,-0.729214,grouped,349
12347,3088608090122128,1.869466,-0.666360,grouped,1
12348,3030711010121510,-0.004760,-1.774224,not_clean,-1
12349,3093219090114067,2.440102,-0.331709,grouped,221
12350,3088612090121744,1.480429,-0.899165,grouped,146
12351,3088609030115752,4.043591,0.615921,not_clean,-1
12352,3080168250120055,0.448869,-1.508399,grouped,159
12353,3080168240121997,-0.425788,-2.024409,grouped,63
12354,3093220020107425,3.302079,0.177129,not_clean,-1
12355,3088612090123743,1.704043,-0.767682,not_clean,-1
12356,3093220040112305,3.508929,0.298612,grouped,249
12357,3088609030110320,4.178831,0.694051,not_clean,-1
12358,3080168250121901,0.433532,-1.519351,not_clean,-1
12359,3088609030113426,4.188285,0.699221,not_clean,-1
12360,3013596010108786,2.806892,-0.118180,grouped,362
12361,3088609030113489,4.115436,0.655169,grouped,129
12362,3013596010105132,2.847422,-0.094667,grouped,36
12363,3080168240121945,-0.472442,-2.055341,grouped,165
12364,3088608090125467,1.845527,-0.687359,grouped,7
12365,3093219060103542,2.327800,-0.402778,grouped,362
12366,3093220070108256,3.703807,0.410529,grouped,81
12367,3080168250122206,0.341779,-1.576370,not_clean,-1
12368,3093220010116062,2.973596,-0.021564,grouped,364
12369,3084091050110277,4.369978,0.802891,grouped,174
12370,3088609030107431,3.870688,0.506662,not_clean,-1
12371,3088612090120146,1.603116,-0.833917,grouped,63
12372,3080168240120443,-0.363201,-1.994511,grouped,164
12373,3088612090120018,1.490729,-0.900763,grouped,146
12374,3084091050112336,4.266386,0.739560,not_clean,-1
12375,3088609030109870,3.980066,0.569929,grouped,326
12376,3088609030107584,4.095646,0.637229,grouped,372
12377,3093220010106755,3.115994,0.058193,not_clean,-1
12378,3088612090122232,1.634487,-0.817524,not_clean,-1
12379,3088612090120701,1.548179,-0.869536,grouped,164
12380,3080168230121306,-0.270293,-1.943140,grouped,153
12381,3080168220120474,0.696294,-1.373357,not_clean,-1
12382,3080168230120816,-0.182801,-1.892304,not_clean,-1
12383,3080168240121915,-0.382217,-2.009906,grouped,232
12384,3030711010121457,0.029730,-1.767423,grouped,275
12385,3093219090106281,2.342016,-0.402966,grouped,362
12386,3080168220120950,0.658560,-1.397409,not_clean,-1
12387,3093220010104385,2.990235,-0.020004,grouped,214
12388,3080168220120324,0.807593,-1.310128,not_clean,-1
12389,3088608090121632,1.788309,-0.731569,grouped,362
12390,3080168250121326,0.444929,-1.525120,grouped,164
12391,3080168230122295,-0.275859,-1.950676,grouped,225
12392,3080168250120770,0.316179,-1.601632,grouped,157
12393,3030711010121069,0.089462,-1.735553,not_clean,-1
12394,3084091050113255,4.500389,0.869850,not_clean,-1
12395,3013596010106488,2.763511,-0.157029,grouped,357
12396,3030711010122310,0.241755,-1.646477,grouped,231
12397,3088608090123318,1.814126,-0.718625,grouped,349
12398,3088608090120451,1.905551,-0.665515,not_clean,-1
12399,3080168250120059,0.437961,-1.532353,grouped,164
12400,3030711010120261,-0.076545,-1.835957,grouped,156
12401,3080168260124711,0.896836,-1.262524,not_clean,-1
12402,3093220040111080,3.431505,0.233969,grouped,365
12403,3080168240121138,-0.552480,-2.119113,grouped,156
12404,3088609030110621,4.057376,0.602174,not_clean,-1
12405,3080168230121873,-0.177175,-1.898863,grouped,334
12406,3030711010120980,0.146346,-1.708145,grouped,162
12407,3080168250120445,0.385453,-1.567444,not_clean,-1
12408,3093220010109072,2.995214,-0.026842,not_clean,-1
12409,3088609030105506,3.882618,0.497128,not_clean,-1
12410,3088609030109873,3.927717,0.523151,not_clean,-1
12411,3084091050108923,4.462278,0.838059,not_clean,-1
12412,3080168250120631,0.557369,-1.468860,grouped,283
12413,3030711010120074,0.139154,-1.715647,not_clean,-1
12414,3093220080110562,3.815560,0.455209,grouped,130
12415,3093220020109969,3.228171,0.106755,grouped,349
12416,3093220010111008,2.950838,-0.057318,grouped,214
12417,3080168230121037,-0.300742,-1.976864,grouped,125
12418,3080168260121362,0.962018,-1.232389,not_clean,-1
12419,3080168250122091,0.364573,-1.585319,grouped,325
12420,3080168250121183,0.481503,-1.516513,grouped,164
12421,3080168220121276,0.703243,-1.385866,not_clean,-1
12422,3080168250120921,0.314594,-1.615161,grouped,164
12423,3093220030109340,3.327325,0.163845,not_clean,-1
12424,3093220080108998,3.848426,0.471693,grouped,130
12425,3088612090123970,1.479974,-0.928624,not_clean,-1
12426,3093220080112325,3.758076,0.417128,grouped,130
12427,3088609030107387,3.890982,0.494845,grouped,176
12428,3093219090104256,2.419559,-0.374733,grouped,362
12429,3080168250120662,0.354607,-1.594555,grouped,162
12430,3093220080108733,3.717099,0.391020,grouped,84
12431,3080168240123948,-0.490557,-2.093209,not_clean,-1
12432,3080168230121335,-0.136310,-1.884510,grouped,118
12433,3080168250120567,0.527052,-1.493586,not_clean,-1
12434,3080168220122572,0.744927,-1.365528,not_clean,-1
12435,3084091050107644,4.376277,0.778211,grouped,169
12436,3013596010104731,2.803630,-0.151052,not_clean,-1
12437,3088609030113176,3.932680,0.514642,grouped,129
12438,3093219090110058,2.506223,-0.328213,grouped,218
12439,3080168260125514,0.836841,-1.314487,not_clean,-1
12440,3084091050111861,4.420945,0.802253,grouped,175
12441,3080168220120073,0.763237,-1.358795,grouped,121
12442,3080168250120813,0.461341,-1.537249,not_clean,-1
12443,3088609030105840,4.144643,0.637657,grouped,129
12444,3080168250121366,0.331484,-1.614743,grouped,157
12445,3030711010122751,0.013139,-1.804512,not_clean,-1
12446,3088609030116303,4.019009,0.560604,not_clean,-1
12447,3084091050109173,4.489940,0.836432,grouped,177
12448,3030711010121407,0.271812,-1.654539,not_clean,-1
12449,3080168260123807,0.933744,-1.264134,not_clean,-1
12450,3088612090120178,1.570070,-0.888862,grouped,370
12451,3088608090123938,1.969636,-0.654662,grouped,15
12452,3080168220120292,0.645076,-1.436811,not_clean,-1
12453,3080168250120320,0.397608,-1.582850,grouped,275
12454,3088608090121151,1.964532,-0.659112,grouped,19
12455,3093219090104334,2.501723,-0.342248,grouped,221
12456,3088609030112957,3.978508,0.529467,not_clean,-1
12457,3088609030111194,4.224967,0.674023,not_clean,-1
12458,3030711010121090,0.088598,-1.768176,grouped,153
12459,3013596010107901,2.893755,-0.112726,grouped,246
12460,3088608090120756,1.723464,-0.805941,not_clean,-1
12461,3080168220120332,0.649556,-1.439928,not_clean,-1
12462,3088612090121622,1.512330,-0.931033,not_clean,-1
12463,3080168260122290,0.885780,-1.300988,not_clean,-1
12464,3080168260121486,0.836015,-1.330911,not_clean,-1
12465,3088608090122874,1.810120,-0.756846,grouped,12
12466,3093219060108126,2.163142,-0.549399,grouped,20
12467,3080168260120521,0.800150,-1.354021,not_clean,-1
12468,3088608090110109,2.029707,-0.629393,grouped,20
12469,3084091050101695,4.386987,0.762603,grouped,172
12470,3030711010121321,0.052138,-1.797105,grouped,162
12471,3080168240121609,-0.596379,-2.179149,not_clean,-1
12472,3080168250120331,0.456171,-1.559159,not_clean,-1
12473,3080168220120666,0.665428,-1.436287,grouped,151
12474,3088612090121298,1.715772,-0.816779,grouped,296
12475,3093220030107072,3.346503,0.145086,grouped,362
12476,3080168260120246,0.826919,-1.342431,not_clean,-1
12477,3080168250121926,0.501415,-1.534486,grouped,164
12478,3093219090110930,2.597538,-0.297767,grouped,218
12479,3084091050109938,4.502545,0.826872,grouped,362
12480,3080168220121775,0.735289,-1.397414,grouped,228
12481,3030711010120762,0.002007,-1.830180,grouped,283
12482,3088612090121616,1.530263,-0.928979,not_clean,-1
12483,3088612090120818,1.576927,-0.903858,not_clean,-1
12484,3093220080105234,3.791765,0.403160,grouped,169
12485,3093220010109754,3.018862,-0.053523,grouped,363
12486,3084091050112271,4.271508,0.685861,grouped,59
12487,3080168240121922,-0.404082,-2.073225,not_clean,-1
12488,3080168230121780,-0.072265,-1.878024,grouped,161
12489,3088608090120336,1.949600,-0.685614,grouped,13
12490,3093220030113566,3.196971,0.049923,grouped,326
12491,3093219090106784,2.528231,-0.345130,not_clean,-1
12492,3088608090121400,1.843974,-0.749298,grouped,302
12493,3080168220121721,0.657007,-1.449748,not_clean,-1
12494,3080168260121169,0.812578,-1.358048,not_clean,-1
12495,3080168240122756,-0.592892,-2.187207,grouped,165
12496,3080168240120684,-0.568364,-2.172892,grouped,160
12497,3084091050108783,4.444661,0.784550,grouped,326
12498,3088609030110774,3.896821,0.461014,not_clean,-1
12499,3080168230122278,-0.137135,-1.919495,not_clean,-1
12500,3084091050104127,4.409192,0.763164,grouped,129
12501,3084091050105186,4.394359,0.754187,not_clean,-1
12502,3093219090107722,2.514097,-0.356618,not_clean,-1
12503,3080168230121416,-0.209358,-1.963113,grouped,229
12504,3080168260120924,0.795845,-1.371373,not_clean,-1
12505,3030711010120411,0.092158,-1.786169,grouped,229
12506,3080168290120896,-0.266760,-1.997654,grouped,231
12507,3080168260120590,0.763275,-1.390776,not_clean,-1
12508,3080168240123280,-0.471273,-2.118369,not_clean,-1
12509,3080168260120313,0.933401,-1.292944,not_clean,-1
12510,3088609030108616,3.909836,0.462866,grouped,127
12511,3088608090123325,1.783573,-0.792525,nan_hardness,-1
12512,3080168240120976,-0.350401,-2.050767,grouped,165
12513,3080168250120004,0.444468,-1.582713,not_clean,-1
12514,3080168250120949,0.572399,-1.507324,grouped,334
12515,3080168230123719,-0.251741,-1.992899,grouped,370
12516,3093219090111920,2.434010,-0.409150,not_clean,-1
12517,3093219090103361,2.364017,-0.450477,grouped,123
12518,3080168230120773,-0.068886,-1.885436,not_clean,-1
12519,3080168250120551,0.455853,-1.576560,not_clean,-1
12520,3080168220121810,0.698243,-1.434490,not_clean,-1
12521,3084091050109224,4.357177,0.724573,grouped,62
12522,3093220030113866,3.416214,0.168331,grouped,216
12523,3080168260121043,0.748762,-1.406176,not_clean,-1
12524,3088612090121924,1.657731,-0.870457,not_clean,-1
12525,3076318010120519,0.299408,-1.671839,grouped,63
12526,3080168230121828,-0.147596,-1.935270,grouped,333
12527,3030711010120524,0.265523,-1.692092,not_clean,-1
12528,3080168250121415,0.564412,-1.517168,not_clean,-1
12529,3080168290124119,-0.277435,-2.013388,not_clean,-1
12530,3084091050107027,4.322310,0.699806,grouped,59
12531,3030711010122932,0.218767,-1.722191,grouped,164
12532,3080168230120200,-0.133780,-1.929916,grouped,231
12533,3080168260121991,0.627904,-1.481847,grouped,161
12534,3080168240120682,-0.377794,-2.074863,not_clean,-1
12535,3084091050109440,4.298828,0.683709,grouped,174
12536,3093220080112277,3.811347,0.395375,grouped,130
12537,3076318010120523,0.272762,-1.692747,grouped,164
12538,3080168260120297,0.803805,-1.380318,not_clean,-1
12539,3088612090120846,1.547187,-0.942314,not_clean,-1
12540,3030711010122172,0.151026,-1.767689,grouped,224
12541,3093220030106370,3.234589,0.051241,grouped,220
12542,3093220080115877,3.799956,0.384951,not_clean,-1
12543,3076318010121084,0.339745,-1.656841,not_clean,-1
12544,3093220010109964,3.051979,-0.057006,grouped,244
12545,3093220030110451,3.152238,0.001872,grouped,219
12546,3093220080111737,3.761037,0.361168,not_clean,-1
12547,3084091050102685,4.458913,0.772806,grouped,174
12548,3093219090107360,2.381696,-0.453478,grouped,244
12549,3093220080112758,3.771862,0.366664,grouped,130
12550,3088612090122636,1.622659,-0.902084,not_clean,-1
12551,3080168290124774,-0.163218,-1.955966,not_clean,-1
12552,3088608090121165,1.897518,-0.741365,grouped,0
12553,3093220080112383,3.792888,0.377312,grouped,82
12554,3093219090108060,2.463737,-0.407464,not_clean,-1
12555,3080168250120394,0.509960,-1.559981,not_clean,-1
12556,3013596010111971,2.893980,-0.154193,not_clean,-1
12557,3030711010121035,0.001001,-1.860879,not_clean,-1
12558,3030711010121883,0.103326,-1.800836,grouped,224
12559,3088609030109640,4.229381,0.633093,grouped,169
12560,3080168280120201,0.605637,-1.505215,grouped,164
12561,3084091050100531,4.274784,0.659313,grouped,130
12562,3084091050107982,4.412426,0.740321,not_clean,-1
12563,3093220080103308,3.748365,0.348418,grouped,364
12564,3088612090122392,1.711010,-0.854694,not_clean,-1
12565,3088609030110435,3.938303,0.459728,grouped,130
12566,3080168290121431,-0.020931,-1.877048,grouped,296
12567,3013596010107351,2.878516,-0.167588,not_clean,-1
12568,3080168260121875,0.641984,-1.487457,grouped,161
12569,3013596010110101,2.757391,-0.239679,not_clean,-1
12570,3093219090105052,2.647894,-0.306255,grouped,362
12571,3080168290123665,-0.134606,-1.946817,grouped,369
12572,3093220040111106,3.648696,0.284288,grouped,216
12573,3030711010120456,0.107502,-1.804709,grouped,229
12574,3080168250120101,0.547698,-1.545483,grouped,159
12575,3080168260120768,0.678425,-1.468741,grouped,157
12576,3030711010120317,0.209304,-1.745134,not_clean,-1
12577,3080168260121857,0.810855,-1.391371,not_clean,-1
12578,3080168250121604,0.468015,-1.593623,grouped,164
12579,3088612090120622,1.584627,-0.936071,grouped,248
12580,3093220080105932,3.785875,0.362560,grouped,130
12581,3076318010121598,0.343180,-1.668301,grouped,153
12582,3088609030114070,4.025664,0.503046,not_clean,-1
12583,3080168280120216,0.599311,-1.518339,grouped,159
12584,3080168260121105,0.853820,-1.368823,not_clean,-1
12585,3030711010120111,0.196530,-1.757511,not_clean,-1
12586,3030711010121512,0.010630,-1.867327,not_clean,-1
12587,3030711010120989,0.047242,-1.845979,grouped,229
12588,3084091050100825,4.439888,0.744652,not_clean,-1
12589,3030711010120491,0.141877,-1.790707,grouped,162
12590,3008558180122366,-0.196555,-1.990521,not_clean,-1
12591,3093220040102872,3.499372,0.188260,grouped,365
12592,3030711010121197,0.163476,-1.779050,grouped,125
12593,3008558180120172,-0.180654,-1.982259,grouped,162
12594,3088608100108628,2.231391,-0.560847,grouped,362
12595,3080168250120682,0.474843,-1.596768,grouped,153
12596,3080168260120947,0.677151,-1.477990,grouped,164
12597,3080168260120618,0.924114,-1.332774,not_clean,-1
12598,3080168290120810,-0.023377,-1.891009,grouped,158
12599,3008558180120268,-0.145924,-1.963503,grouped,156
12600,3088609030111258,4.142104,0.564490,grouped,367
12601,3093220040110545,3.658765,0.279046,grouped,82
12602,3088609030111522,4.211676,0.604871,not_clean,-1
12603,3088609030104264,4.077777,0.525460,grouped,367
12604,3080168250120066,0.585602,-1.534648,grouped,231
12605,3093220080106823,3.753117,0.333402,grouped,82
12606,3088612090120868,1.452135,-1.025514,grouped,325
12607,3080168260122841,0.876325,-1.365403,not_clean,-1
12608,3084091050108471,4.386850,0.705320,not_clean,-1
12609,3080168240121033,-0.307529,-2.063044,grouped,125
12610,3093219090106729,2.472379,-0.424907,not_clean,-1
12611,3088608090121119,1.771830,-0.838659,not_clean,-1
12612,3088609030109857,4.095608,0.531766,not_clean,-1
12613,3030711010122004,0.101698,-1.823474,grouped,227
12614,3080168290120889,-0.244865,-2.027946,grouped,224
12615,3093219090107875,2.544684,-0.384931,grouped,222
12616,3080168280122016,0.649021,-1.503229,grouped,164
12617,3080168280120654,0.602966,-1.530431,grouped,164
12618,3088608090121268,1.969126,-0.725402,grouped,1
12619,3093219110108265,2.818595,-0.224322,grouped,246
12620,3093220080110698,3.837988,0.376026,grouped,130
12621,3084091050107194,4.374217,0.692287,not_clean,-1
12622,3088609030109962,3.991196,0.466052,grouped,328
12623,3088612090120721,1.567456,-0.964697,grouped,296
12624,3088609030109996,3.959670,0.446168,grouped,169
12625,3084091050109474,4.263113,0.624893,grouped,79
12626,3084091050108134,4.442622,0.730448,grouped,326
12627,3030711010120243,0.156760,-1.798599,grouped,153
12628,3093220080109036,3.788240,0.342277,not_clean,-1
12629,3088608090122902,1.965345,-0.733735,not_clean,-1
12630,3093220040101452,3.729550,0.306625,grouped,362
12631,3080168260124672,0.898787,-1.363259,not_clean,-1
12632,3030711010121054,0.230723,-1.756688,not_clean,-1
12633,3080168260120665,0.969066,-1.322541,not_clean,-1
12634,3093219090101457,2.581426,-0.371980,grouped,217
12635,3088608090121204,1.906344,-0.770184,grouped,3
12636,3080168240121226,-0.332184,-2.088720,grouped,153
12637,3093220080110193,3.782037,0.334421,grouped,86
12638,3080168250120154,0.548285,-1.573081,not_clean,-1
12639,3084091050108757,4.300242,0.638880,not_clean,-1
12640,3080168260121015,0.736374,-1.462716,not_clean,-1
12641,3080168260121317,0.870089,-1.384054,not_clean,-1
12642,3080168280120943,0.643541,-1.518015,grouped,165
12643,3084091050113038,4.401607,0.697129,not_clean,-1
12644,3093220040113345,3.744165,0.309287,not_clean,-1
12645,3093219090112233,2.503191,-0.422776,not_clean,-1
12646,3084091050108696,4.441514,0.719429,grouped,61
12647,3093220080105225,3.841659,0.365321,grouped,220
12648,3080168360122367,0.021073,-1.886816,not_clean,-1
12649,3088608090112905,2.028917,-0.705560,grouped,5
12650,3080168240120490,-0.334436,-2.098370,grouped,162
12651,3008558050120534,-0.079876,-1.948898,not_clean,-1
12652,3080168360120505,0.052083,-1.871505,grouped,229
12653,3076318010120609,0.308025,-1.720991,grouped,153
12654,3080168360121315,0.249746,-1.755707,grouped,283
12655,3088612090123662,1.593600,-0.964531,not_clean,-1
12656,3093220010115734,3.045936,-0.108906,not_clean,-1
12657,3080168360120563,0.061146,-1.867930,grouped,229
12658,3088609030105315,3.936849,0.416079,grouped,169
12659,3076318010120680,0.447395,-1.641097,grouped,333
12660,3076318010120049,0.302107,-1.726722,not_clean,-1
12661,3093220040106688,3.727855,0.291671,grouped,244
12662,3088608090120536,1.962175,-0.751217,grouped,246
12663,3088608090121296,1.901063,-0.787974,grouped,302
12664,3080168260121495,1.049194,-1.290093,not_clean,-1
12665,3088612090120959,1.521053,-1.012482,grouped,148
12666,3080168360120853,0.171092,-1.808156,grouped,158
12667,3080168360120583,0.077471,-1.863262,not_clean,-1
12668,3093220040104812,3.684869,0.262669,grouped,95
12669,3088608100100611,2.330410,-0.536555,grouped,362
12670,3084091050109881,4.546277,0.769912,grouped,249
12671,3093219090107217,2.580323,-0.389868,grouped,364
12672,3093220080104713,3.914307,0.396531,grouped,82
12673,3093219110108827,2.869111,-0.219955,grouped,217
12674,3093220080106617,3.825747,0.343756,grouped,328
12675,3080168360123590,0.193099,-1.797266,grouped,227
12676,3088612090120708,1.722537,-0.897199,grouped,12
12677,3093220080103518,3.838515,0.349774,grouped,217
12678,3093220010110849,3.150575,-0.055983,not_clean,-1
12679,3088612090122743,1.531197,-1.010854,grouped,296
12680,3080168260121764,0.792062,-1.446291,not_clean,-1
12681,3093220010111250,3.086148,-0.094233,grouped,220
12682,3084091050107493,4.313132,0.627990,grouped,326
12683,3088608090122498,1.961339,-0.758841,grouped,296
12684,3088608090121045,1.905686,-0.793004,grouped,302
12685,3093220040105217,3.548111,0.175259,grouped,244
12686,3080168360120671,0.075650,-1.870926,grouped,230
12687,3093220080110445,3.884792,0.373623,grouped,372
12688,3093219110112420,2.956783,-0.173722,grouped,366
12689,3076318010120215,0.487428,-1.629113,grouped,275
12690,3088608090110980,2.055009,-0.706061,grouped,246
12691,3076318010121883,0.475766,-1.636823,grouped,161
12692,3080168360120990,0.015184,-1.907826,grouped,227
12693,3093220080107077,3.946074,0.407759,grouped,217
12694,3080168290121717,-0.227266,-2.051374,grouped,224
12695,3080168260120747,1.048180,-1.301048,not_clean,-1
12696,3088608090120392,1.926576,-0.783882,grouped,296
12697,3093220040110639,3.686952,0.253623,grouped,169
12698,3080168290120097,-0.270056,-2.079911,grouped,231
12699,3093219110111620,2.843896,-0.246449,not_clean,-1
12700,3088612090125191,1.527012,-1.023090,not_clean,-1
12701,3093220030114903,3.312050,0.028074,grouped,220
12702,3084091050102690,4.262237,0.587768,not_clean,-1
12703,3080168280121681,0.636747,-1.549285,grouped,158
12704,3080168250120649,0.559284,-1.595951,grouped,370
12705,3080168260122144,0.817355,-1.444154,not_clean,-1
12706,3080168260122431,0.793342,-1.458406,not_clean,-1
12707,3093220030108427,3.418626,0.087611,grouped,244
12708,3080168280123776,0.601522,-1.572690,grouped,148
12709,3093220080104033,3.861573,0.348174,grouped,364
12710,3088608090121985,1.972159,-0.765985,grouped,246
12711,3088608100111429,2.414081,-0.506187,not_clean,-1
12712,3088608090120186,1.841636,-0.843600,grouped,134
12713,3080168290121514,-0.347528,-2.132262,grouped,160
12714,3080168360121255,0.208447,-1.805510,grouped,148
12715,3093219090109179,2.537947,-0.434244,grouped,218
12716,3093220080111550,3.798626,0.308220,grouped,86
12717,3088608090116102,2.108031,-0.688600,grouped,0
12718,3093219110111775,2.774486,-0.295949,grouped,222
12719,3084091050110584,4.480780,0.709340,grouped,59
12720,3088609030100162,4.109553,0.490529,not_clean,-1
12721,3080168260121161,0.764499,-1.481524,grouped,160
12722,3088609030111096,3.966568,0.405100,not_clean,-1
12723,3080168360122268,0.040419,-1.908322,not_clean,-1
12724,3080168260122267,0.895435,-1.405426,not_clean,-1
12725,3093220080111130,3.871638,0.348476,grouped,266
12726,3080168360120257,0.074083,-1.888982,grouped,63
12727,3093220040111594,3.561902,0.164155,grouped,365
12728,3088609030107977,4.136091,0.502243,grouped,1
12729,3093220040108803,3.617202,0.195846,not_clean,-1
12730,3080168280123927,0.667365,-1.542674,not_clean,-1
12731,3088612090120458,1.638616,-0.971018,not_clean,-1
12732,3088609030103876,4.050443,0.450506,grouped,216
12733,3088608090109808,2.063403,-0.720920,grouped,349
12734,3076318010120350,0.524228,-1.627354,not_clean,-1
12735,3080168360121522,0.205606,-1.816300,grouped,153
12736,3093220080108182,3.799750,0.300548,grouped,86
12737,3080168280122074,0.614322,-1.576305,not_clean,-1
12738,3093219110107636,2.818944,-0.278327,grouped,349
12739,3093220080116249,3.877428,0.344974,not_clean,-1
12740,3093220040111198,3.719520,0.251507,not_clean,-1
12741,3088609030110741,4.118256,0.486465,not_clean,-1
12742,3088608100103578,2.396967,-0.528317,grouped,365
12743,3076318010120636,0.516569,-1.636446,not_clean,-1
12744,3084091050111358,4.385793,0.642264,grouped,63
12745,3084091050108303,4.374698,0.635366,grouped,130
12746,3093220030111377,3.257922,-0.023507,grouped,220
12747,3080168260120905,0.908353,-1.409110,not_clean,-1
12748,3093219090100337,2.633142,-0.393594,grouped,363
12749,3080168260122875,0.837813,-1.451464,not_clean,-1
12750,3088608090122103,2.017703,-0.756999,not_clean,-1
12751,3080168260120962,0.898527,-1.416433,not_clean,-1
12752,3093220080109409,3.901490,0.352666,grouped,80
12753,3093219110110629,2.970384,-0.196359,grouped,372
12754,3080168260121100,0.855581,-1.442151,not_clean,-1
12755,3080168260121909,0.831801,-1.456334,not_clean,-1
12756,3074460010111684,3.123133,-0.106801,not_clean,-1
12757,3076318010120801,0.541141,-1.628131,not_clean,-1
12758,3093220080111089,3.837405,0.313592,grouped,86
12759,3080168360121430,0.078857,-1.900256,grouped,229
12760,3080168360121785,0.070055,-1.905531,grouped,227
12761,3080168250121027,0.553840,-1.621336,grouped,158
12762,3093220040106718,3.559054,0.148519,grouped,362
12763,3084091050112729,4.564467,0.740776,not_clean,-1
12764,3080168360120186,0.130268,-1.871124,grouped,153
12765,3084091050108055,4.386720,0.635617,grouped,131
12766,3084091050114018,4.493707,0.697748,not_clean,-1
12767,3084091050112278,4.537235,0.723350,not_clean,-1
12768,3080168280121917,0.574152,-1.611390,grouped,164
12769,3080168260120779,0.701660,-1.536401,grouped,325
12770,3093220040111468,3.718615,0.240785,grouped,84
12771,3093220030110975,3.272338,-0.022674,grouped,216
12772,3088608090120966,1.978947,-0.785240,grouped,7
12773,3080168290120754,-0.232764,-2.086886,grouped,230
12774,3080168260122359,0.959983,-1.385748,not_clean,-1
12775,3080168360121251,0.228184,-1.816717,grouped,148
12776,3088608090122945,1.950516,-0.803032,nan_hardness,-1
12777,3080168360120263,0.194202,-1.837265,grouped,225
12778,3080168280123704,0.622251,-1.585957,grouped,334
12779,3080168250120545,0.562037,-1.621697,not_clean,-1
12780,3008558050120543,-0.036321,-1.973962,grouped,228
12781,3080168260120141,0.803620,-1.480435,grouped,125
12782,3080168260121141,0.796332,-1.484972,not_clean,-1
12783,3084091050112052,4.518615,0.707288,grouped,169
12784,3088608090121995,1.971549,-0.793685,grouped,358
12785,3074460010107494,3.116037,-0.119778,not_clean,-1
12786,3065145010121084,1.820751,-0.884340,grouped,83
12787,3088609030111893,4.137907,0.480849,not_clean,-1
12788,3088609030111448,4.163868,0.495340,grouped,5
12789,3008558050120220,-0.110711,-2.021727,not_clean,-1
12790,3080168360120387,0.203105,-1.837865,not_clean,-1
12791,3093219110108688,2.976111,-0.205674,not_clean,-1
12792,3088608100108971,2.337706,-0.584050,grouped,362
12793,3084091050103931,4.451093,0.660861,grouped,86
12794,3093220080108669,3.858181,0.311029,not_clean,-1
12795,3076318010120251,0.236158,-1.822048,not_clean,-1
12796,3076318010121412,0.548693,-1.639623,grouped,228
12797,3065145010120189,1.868870,-0.863188,grouped,231
12798,3008558160121220,-0.230923,-2.098382,not_clean,-1
12799,3008558050121051,-0.044554,-1.989735,not_clean,-1
12800,3084091050110812,4.525888,0.700558,not_clean,-1
12801,3088608100103966,2.327740,-0.595457,grouped,348
12802,3080168290122395,-0.261170,-2.118744,grouped,370
12803,3088608090100268,2.168594,-0.689568,grouped,246
12804,3093220080103596,3.798166,0.270478,grouped,169
12805,3084091050107231,4.487447,0.676401,grouped,174
12806,3080168360121068,0.213784,-1.840049,grouped,153
12807,3076318010121668,0.572000,-1.629927,not_clean,-1
12808,3076318010120174,0.471268,-1.689845,not_clean,-1
12809,3080168260121299,0.824947,-1.482430,not_clean,-1
12810,3080168260120063,0.737130,-1.534744,not_clean,-1
12811,3093219110110061,2.955449,-0.228683,not_clean,-1
12812,3076318010120221,0.469238,-1.693252,grouped,161
12813,3008558050121244,-0.222103,-2.100362,not_clean,-1
12814,3084091050111367,4.263485,0.539970,grouped,366
12815,3080168260121582,0.903126,-1.439056,not_clean,-1
12816,3080168280121558,0.663636,-1.580305,grouped,162
12817,3076318010121207,0.518762,-1.665530,grouped,334
12818,3080168290121205,-0.247881,-2.116072,grouped,226
12819,3080168280120780,0.582040,-1.629108,grouped,310
12820,3080168260124481,0.713439,-1.552008,not_clean,-1
12821,3093220080110374,3.758713,0.240570,grouped,131
12822,3088608100111946,2.380628,-0.572386,grouped,348
12823,3080168260124831,0.855169,-1.470721,not_clean,-1
12824,3080168280121375,0.684495,-1.573012,grouped,162
12825,3093220080110668,3.856996,0.294612,not_clean,-1
12826,3088608090123125,1.894537,-0.861941,grouped,76
12827,3093220080106065,3.778338,0.246477,grouped,80
12828,3076318010121460,0.490315,-1.689326,not_clean,-1
12829,3088609030116411,4.111090,0.441794,not_clean,-1
12830,3093220040108820,3.539400,0.104956,grouped,244
12831,3093219090107544,2.712125,-0.382426,grouped,266
12832,3084091050105260,4.393036,0.607298,not_clean,-1
12833,3080168260122836,0.936559,-1.428776,not_clean,-1
12834,3084091050104209,4.422472,0.623724,not_clean,-1
12835,3088609030106553,4.163124,0.470472,grouped,366
12836,3080168360122135,0.180546,-1.873879,not_clean,-1
12837,3088608100110052,2.375709,-0.582802,not_clean,-1
12838,3088608090123266,2.018965,-0.792872,not_clean,-1
12839,3080168260120678,0.984001,-1.402052,not_clean,-1
12840,3088608090111118,2.125636,-0.730392,not_clean,-1
12841,3084091050108009,4.541107,0.691182,grouped,169
12842,3076318010120371,0.493570,-1.691734,not_clean,-1
12843,3088612090121711,1.614566,-1.032483,grouped,296
12844,3080168280120684,0.604879,-1.627301,not_clean,-1
12845,3008558050120530,-0.136979,-2.063360,not_clean,-1
12846,3065145010122058,1.890003,-0.871638,not_clean,-1
12847,3080168290122193,-0.349446,-2.188397,grouped,228
12848,3080168360121341,0.089362,-1.930812,grouped,334
12849,3088609030112098,4.190075,0.480600,not_clean,-1
12850,3080168360121185,0.192411,-1.873869,grouped,63
12851,3088608100103436,2.313624,-0.626527,grouped,362
12852,3093220040109336,3.570398,0.113065,grouped,244
12853,3088608090109520,2.155357,-0.720555,grouped,10
12854,3084091050114098,4.591277,0.713774,not_clean,-1
12855,3008558050120607,-0.017602,-1.998858,grouped,153
12856,3084091050107959,4.506689,0.663207,grouped,130
12857,3008558050120035,0.003923,-1.988374,grouped,121
12858,3088609030113077,4.065275,0.401325,grouped,169
12859,3093220080108465,3.905160,0.306735,grouped,78
12860,3008558050120799,-0.220061,-2.120937,grouped,230
12861,3015475060105764,3.151990,-0.137758,grouped,326
12862,3074460010110406,3.002043,-0.226583,grouped,366
12863,3084091050100010,4.470003,0.637499,not_clean,-1
12864,3093220080111116,3.809942,0.248638,grouped,82
12865,3008558050121007,-0.059930,-2.028440,grouped,223
12866,3093219110110524,2.893699,-0.291770,nan_hardness,-1
12867,3088612090122516,1.597754,-1.054716,grouped,296
12868,3008558050120590,-0.209412,-2.117237,not_clean,-1
12869,3076318010121030,0.600261,-1.642339,not_clean,-1
12870,3093219110105256,2.868624,-0.307645,not_clean,-1
12871,3084091050105596,4.499143,0.652389,grouped,127
12872,3065145010121742,1.667745,-1.014923,grouped,174
12873,3093220080111314,3.897337,0.296876,grouped,214
12874,3076318010120262,0.230186,-1.861503,not_clean,-1
12875,3015475060101911,3.160617,-0.138034,grouped,216
12876,3008558150120979,0.088213,-1.945860,not_clean,-1
12877,3093220080110281,3.940941,0.319209,grouped,79
12878,3088609030105686,4.211632,0.478416,grouped,19
12879,3067981040114009,3.042727,-0.209903,not_clean,-1
12880,3080168280123080,0.672014,-1.605631,not_clean,-1
12881,3080168280122999,0.622964,-1.635461,grouped,370
12882,3080168280121713,0.645624,-1.622406,grouped,370
12883,3084091050110627,4.625783,0.720002,not_clean,-1
12884,3088609040110861,4.056893,0.384863,not_clean,-1
12885,3076318010122929,0.352265,-1.795392,not_clean,-1
12886,3093220030107510,3.398352,-0.004571,grouped,218
12887,3084091050105826,4.313884,0.534187,grouped,249
12888,3084091050102062,4.409450,0.590242,grouped,80
12889,3014809010104000,3.212866,-0.115009,not_clean,-1
12890,3020659010120531,0.206180,-1.883774,not_clean,-1
12891,3093220080100451,3.787699,0.221776,grouped,362
12892,3014809010100626,3.122832,-0.170452,not_clean,-1
12893,3065145010121004,1.689188,-1.015141,grouped,296
12894,3093220080108192,3.841136,0.251256,grouped,86
12895,3093220030102813,3.349369,-0.038803,not_clean,-1
12896,3080168280121120,0.654112,-1.626461,not_clean,-1
12897,3088608100110207,2.281168,-0.669541,grouped,358
12898,3093220080103732,3.829329,0.241141,grouped,88
12899,3065145010120093,1.775227,-0.968312,grouped,75
12900,3076318010120356,0.515539,-1.709043,not_clean,-1
12901,3088608100115102,2.343710,-0.634251,grouped,35
12902,3080168260120709,0.849009,-1.513778,not_clean,-1
12903,3088608090106684,2.062605,-0.800373,grouped,246
12904,3088609040107218,4.119207,0.410127,grouped,169
12905,3080168260121424,0.854607,-1.511254,not_clean,-1
12906,3065145010120268,1.893762,-0.900761,grouped,68
12907,3014809010109116,3.140535,-0.168520,not_clean,-1
12908,3088608090125017,1.987571,-0.847162,grouped,246
12909,3088608100108014,2.512914,-0.538162,grouped,212
12910,3014809010109290,3.134616,-0.173458,grouped,217
12911,3076318010120592,0.252117,-1.868868,grouped,156
12912,3080168260121864,0.923408,-1.475066,not_clean,-1
12913,3088609040111909,3.983969,0.325241,grouped,169
12914,3088609040106936,4.135265,0.414271,grouped,366
12915,3080168280121888,0.684668,-1.616920,not_clean,-1
12916,3080168290121807,-0.292635,-2.191049,not_clean,-1
12917,3084091050112481,4.459079,0.603212,not_clean,-1
12918,3084091050111520,4.577324,0.672612,not_clean,-1
12919,3080168280120075,0.695365,-1.611576,grouped,231
12920,3093220030113496,3.507057,0.042251,not_clean,-1
12921,3093220080113778,3.789866,0.208170,not_clean,-1
12922,3084091050109244,4.312893,0.515879,grouped,217
12923,3084091050109392,4.431037,0.585169,grouped,130
12924,3084091050107596,4.486533,0.615841,not_clean,-1
12925,3080168280120287,0.662661,-1.634213,not_clean,-1
12926,3065145010120690,1.828960,-0.948940,grouped,361
12927,3084091050108371,4.288060,0.497671,grouped,172
12928,3093220060115788,3.632084,0.110175,not_clean,-1
12929,3093219110110302,2.798504,-0.380713,grouped,221
12930,3088608100113420,2.437463,-0.593344,not_clean,-1
12931,3020659010121094,0.150501,-1.937892,not_clean,-1
12932,3020659010120952,0.246621,-1.881496,not_clean,-1
12933,3080168280121318,0.741875,-1.591407,grouped,231
12934,3080168280122131,0.762524,-1.580740,grouped,162
12935,3076318010120160,0.542116,-1.710299,grouped,157
12936,3080168290121738,-0.257608,-2.180469,grouped,230
12937,3093220080105009,3.823117,0.217749,grouped,79
12938,3080168260124061,0.945738,-1.474930,not_clean,-1
12939,3088609040115774,3.978116,0.308396,not_clean,-1
12940,3076318010121762,0.572833,-1.695338,grouped,334
12941,3008558050120379,0.047146,-2.006091,grouped,228
12942,3080168290121842,-0.260125,-2.186885,grouped,226
12943,3008558050121564,-0.112559,-2.100941,grouped,370
12944,3080168260122029,0.891964,-1.514857,not_clean,-1
12945,3008558050120392,-0.065325,-2.076903,not_clean,-1
12946,3080168260120853,0.905369,-1.507079,not_clean,-1
12947,3088609040101703,4.007139,0.316897,grouped,365
12948,3014809010105774,3.095011,-0.220328,grouped,101
12949,3088609040107821,4.039230,0.333477,grouped,169
12950,3080168280122829,0.703234,-1.628897,grouped,227
12951,3076318010120366,0.609742,-1.685053,grouped,370
12952,3076318010121320,0.293017,-1.871449,grouped,232
12953,3080168260121206,0.973363,-1.472094,not_clean,-1
12954,3093220060108351,3.645437,0.097585,grouped,169
12955,3084091050111294,4.579785,0.647172,not_clean,-1
12956,3088608100107905,2.253992,-0.721440,grouped,20
12957,3080168280121488,0.717944,-1.625303,grouped,370
12958,3008558050120276,0.056331,-2.014034,not_clean,-1
12959,3088608100110021,2.328929,-0.678880,grouped,20
12960,3080168260121057,0.794546,-1.581170,grouped,370
12961,3080168280121804,0.705292,-1.634628,grouped,230
12962,3080168260121086,0.817889,-1.568612,grouped,158
12963,3065145010120044,1.659262,-1.074725,grouped,246
12964,3074460010107236,2.989551,-0.292504,not_clean,-1
12965,3080168280125620,0.743278,-1.614385,not_clean,-1
12966,3065145010123070,1.817109,-0.983512,grouped,302
12967,3020659010120605,0.251098,-1.903774,not_clean,-1
12968,3088609040109624,4.264687,0.454229,grouped,21
12969,3093219110106222,2.827134,-0.391537,grouped,363
12970,3093220080107643,3.879623,0.225256,not_clean,-1
12971,3008558050120194,0.021183,-2.042550,grouped,226
12972,3076318010122125,0.322946,-1.865619,not_clean,-1
12973,3093220080101699,3.927957,0.253153,grouped,362
12974,3076318010123016,0.401254,-1.820873,grouped,229
12975,3088608090105515,2.120519,-0.811057,grouped,88
12976,3076318010121485,0.569380,-1.724453,grouped,160
12977,3080168260122163,1.040608,-1.448175,not_clean,-1
12978,3088608100110977,2.316202,-0.698965,grouped,22
12979,3008558050122169,-0.248408,-2.205760,not_clean,-1
12980,3080168260124404,0.920470,-1.520414,not_clean,-1
12981,3084091050105526,4.622765,0.656115,grouped,328
12982,3084091050108974,4.400266,0.524956,grouped,169
12983,3014809010106315,3.328176,-0.105768,grouped,362
12984,3014809010102812,3.080709,-0.251612,grouped,362
12985,3008558050120328,0.008835,-2.056474,grouped,228
12986,3088608100113965,2.464651,-0.617398,not_clean,-1
12987,3008558050123248,-0.078049,-2.111305,not_clean,-1
12988,3084091050112759,4.451883,0.550346,grouped,372
12989,3084091050100909,4.540775,0.602469,grouped,335
12990,3093219110102596,2.934299,-0.342529,grouped,214
12991,3065145010120480,1.776964,-1.023099,grouped,246
12992,3014809010107014,3.246546,-0.159597,not_clean,-1
12993,3093220060113887,3.556758,0.022304,grouped,169
12994,3014809010110271,3.089484,-0.252911,grouped,36
12995,3093220060113856,3.662312,0.083629,grouped,365
12996,3088608100111937,2.161906,-0.798716,grouped,349
12997,3008558150120929,0.148365,-1.981358,grouped,230
12998,3093219110112236,2.819165,-0.412589,not_clean,-1
12999,3065145010122194,1.938419,-0.930936,not_clean,-1
13000,3093220080111977,3.838013,0.185758,grouped,82
13001,3014809010106977,3.131841,-0.229880,grouped,215
13002,3088608090107996,2.030833,-0.878194,grouped,59
13003,3088608110104213,2.591958,-0.548391,not_clean,-1
13004,3020659010120560,0.289319,-1.901011,grouped,230
13005,3076318010120196,0.363932,-1.859098,grouped,156
13006,3080168280120607,0.790831,-1.609413,grouped,153
13007,3076318010120940,0.498144,-1.781419,grouped,310
13008,3020659010120068,0.222413,-1.943442,not_clean,-1
13009,3093220080107088,3.810409,0.164339,grouped,326
13010,3093220080116272,3.891459,0.210668,grouped,80
13011,3065145010125598,1.765787,-1.040918,grouped,296
13012,3020659010120322,0.236112,-1.939015,grouped,232
13013,3076318010120425,0.542198,-1.759488,grouped,229
13014,3008558050121005,0.041489,-2.055471,not_clean,-1
13015,3088608100100740,2.349339,-0.700842,grouped,246
13016,3008558050120975,-0.125279,-2.153802,not_clean,-1
13017,3008558050120759,-0.072887,-2.123592,grouped,226
13018,3088608110107669,2.600491,-0.555215,grouped,18
13019,3088609040108348,4.249129,0.413645,grouped,86
13020,3076318010121364,0.483550,-1.799554,grouped,275
13021,3093220080112932,3.846502,0.176355,grouped,249
13022,3084091050109601,4.496095,0.557368,grouped,372
13023,3088609040108742,4.263139,0.419567,grouped,362
13024,3014809010103217,3.199950,-0.206624,not_clean,-1
13025,3065145010122479,1.854566,-0.997547,grouped,72
13026,3076318010130609,0.476213,-1.808282,not_clean,-1
13027,3065145010122826,1.889263,-0.978877,not_clean,-1
13028,3065145010122995,1.832727,-1.012821,not_clean,-1
13029,3020659010120217,0.309442,-1.907935,grouped,156
13030,3065145010123354,1.741009,-1.067818,grouped,296
13031,3088609040101054,4.282021,0.424560,grouped,362
13032,3015475060108030,3.014146,-0.320884,not_clean,-1
13033,3080168280123633,0.760097,-1.645341,grouped,226
13034,3088609040110402,4.194734,0.372521,not_clean,-1
13035,3088609040109851,3.983886,0.248109,grouped,86
13036,3093219110108232,2.903635,-0.387955,grouped,214
13037,3076318010121510,0.470977,-1.816719,not_clean,-1
13038,3093220060105298,3.810002,0.144471,grouped,127
13039,3014809010103112,3.271633,-0.172809,not_clean,-1
13040,3080168280121171,0.790831,-1.631773,grouped,370
13041,3065145010122167,1.700086,-1.098129,grouped,296
13042,3065145010120227,2.006620,-0.918413,grouped,296
13043,3088608100113324,2.284519,-0.755737,not_clean,-1
13044,3076318010120794,0.561254,-1.768892,not_clean,-1
13045,3088608100113781,2.429639,-0.673334,not_clean,-1
13046,3008558050120469,0.117467,-2.030607,grouped,224
13047,3093219110111800,2.929515,-0.379698,grouped,219
13048,3008558050121402,-0.169336,-2.199524,grouped,230
13049,3088608110104860,2.671283,-0.532471,grouped,22
13050,3076318010124465,0.407416,-1.861992,not_clean,-1
13051,3014809010107263,3.074306,-0.296195,grouped,217
13052,3014809010106463,3.171254,-0.239214,grouped,365
13053,3093220060112169,3.693265,0.067591,grouped,123
13054,3020659010121822,0.290022,-1.931503,not_clean,-1
13055,3020659010120364,0.305394,-1.922734,not_clean,-1
13056,3065145010121954,1.949109,-0.958120,not_clean,-1
13057,3080168290120564,-0.269346,-2.261387,grouped,232
13058,3014809010105665,3.217771,-0.215232,grouped,364
13059,3076318010121492,0.439196,-1.847737,not_clean,-1
13060,3080168280121653,0.693028,-1.698937,grouped,370
13061,3008558050120223,0.163109,-2.009805,not_clean,-1
13062,3065145010120150,1.772004,-1.066028,grouped,231
13063,3088609040113048,4.153352,0.331376,grouped,366
13064,3015475060106087,3.040338,-0.323686,not_clean,-1
13065,3076318010122233,0.469846,-1.833668,not_clean,-1
13066,3093220060106579,3.734397,0.082942,grouped,214
13067,3080168280121678,0.749454,-1.670430,grouped,232
13068,3008558050121041,-0.049224,-2.139192,grouped,226
13069,3008558050120615,0.104441,-2.049222,grouped,223
13070,3015475060104638,3.058054,-0.315887,grouped,244
13071,3076318010121406,0.555864,-1.785817,grouped,103
13072,3080168280120455,0.864129,-1.605225,grouped,63
13073,3088609040110228,4.106433,0.299114,grouped,177
13074,3015475060105545,3.020185,-0.339287,grouped,357
13075,3014809010109171,3.279916,-0.186749,not_clean,-1
13076,3008558050120468,0.080587,-2.065946,grouped,223
13077,3088608100108037,2.312627,-0.757080,not_clean,-1
13078,3084091050108235,4.508670,0.532008,grouped,266
13079,3014809010108252,3.300337,-0.178907,not_clean,-1
13080,3008558160120827,-0.229056,-2.250475,grouped,223
13081,3093220060113587,3.720199,0.067478,not_clean,-1
13082,3014809010105060,3.236432,-0.217060,not_clean,-1
13083,3088609040113912,4.161090,0.326068,grouped,82
13084,3065145010121578,1.942500,-0.977593,grouped,83
13085,3008558050120374,-0.017669,-2.127798,not_clean,-1
13086,3088609040112799,4.124734,0.304015,grouped,86
13087,3080168280122060,0.770944,-1.666237,grouped,370
13088,3014809010108753,3.168786,-0.259840,grouped,365
13089,3065145010121395,1.662077,-1.145260,grouped,156
13090,3088609040109541,4.134586,0.306824,grouped,83
13091,3093220060110181,3.628189,0.009198,grouped,266
13092,3076318010120484,0.368828,-1.905014,not_clean,-1
13093,3088609060104317,3.853691,0.140726,not_clean,-1
13094,3093219110113015,2.887823,-0.428025,not_clean,-1
13095,3020659010120729,0.245142,-1.979324,grouped,232
13096,3076318010120977,0.452895,-1.857812,not_clean,-1
13097,3076318010120024,0.467154,-1.850211,grouped,121
13098,3076318010121231,0.596885,-1.774871,grouped,229
13099,3065145010120912,2.018939,-0.940834,grouped,83
13100,3008558050121412,-0.076350,-2.170354,grouped,125
13101,3080168280122465,0.835561,-1.636708,grouped,227
13102,3008558050121289,0.030875,-2.108288,not_clean,-1
13103,3088609060113751,3.848401,0.130741,not_clean,-1
13104,3014809010105498,3.278016,-0.204672,not_clean,-1
13105,3014809010104540,3.311195,-0.186107,not_clean,-1
13106,3008558050120351,-0.086925,-2.180848,not_clean,-1
13107,3020659010120214,0.204838,-2.010844,grouped,232
13108,3065145010121733,1.740953,-1.110119,grouped,296
13109,3014809010109976,3.331311,-0.177065,grouped,221
13110,3088610050116056,5.042058,0.827664,not_clean,-1
13111,3093220060115279,3.697703,0.037277,grouped,371
13112,3088609040113191,4.109499,0.276428,grouped,81
13113,3088608110100136,2.604518,-0.607747,grouped,16
13114,3065145010120495,1.783935,-1.089674,grouped,211
13115,3093220060102671,3.577604,-0.036797,grouped,362
13116,3008558050120092,0.094745,-2.080981,not_clean,-1
13117,3088609040113120,4.138688,0.292234,not_clean,-1
13118,3093220060110071,3.569693,-0.042369,grouped,217
13119,3076318010121335,0.517303,-1.834592,grouped,275
13120,3014809010103707,3.255309,-0.228646,not_clean,-1
13121,3014809010110871,3.156740,-0.288428,grouped,36
13122,3008558050120557,0.183131,-2.033433,grouped,232
13123,3088609040110015,4.242048,0.347754,grouped,78
13124,3065145010122350,1.989598,-0.976859,grouped,296
13125,3076318010120500,0.584987,-1.800783,grouped,156
13126,3008558050120477,0.107575,-2.080572,grouped,230
13127,3084091050109649,4.509531,0.502755,not_clean,-1
13128,3076318010120882,0.449485,-1.880883,grouped,158
13129,3088608110109343,2.727208,-0.544903,not_clean,-1
13130,3088608110113347,2.671845,-0.577682,grouped,20
13131,3065145010120442,1.840290,-1.066020,grouped,248
13132,3084091050105194,4.588507,0.547252,not_clean,-1
13133,3008558050120796,0.172561,-2.044427,grouped,232
13134,3065145010124970,1.927099,-1.016362,not_clean,-1
13135,3014809010105348,3.130429,-0.309881,grouped,220
13136,3065145010122977,1.658007,-1.175424,grouped,296
13137,3014809010110128,3.329794,-0.194119,not_clean,-1
13138,3093220060115553,3.715004,0.032025,not_clean,-1
13139,3076318010120176,0.689983,-1.743460,not_clean,-1
13140,3088609040102117,4.371975,0.417060,grouped,362
13141,3080168280122184,0.876332,-1.635060,not_clean,-1
13142,3088609060104598,3.970945,0.180785,grouped,81
13143,3088610050106246,5.062290,0.821330,grouped,172
13144,3080168280121063,0.798968,-1.682379,grouped,156
13145,3020659010121879,0.242750,-2.009562,not_clean,-1
13146,3065145010120369,1.822286,-1.084096,grouped,117
13147,3020659010120102,0.284705,-1.986294,grouped,156
13148,3088608100107950,2.446637,-0.719330,grouped,246
13149,3088608110103315,2.735909,-0.549792,not_clean,-1
13150,3065145010124249,1.979658,-0.994399,grouped,63
13151,3065145010120185,1.990032,-0.988920,grouped,248
13152,3080168280120524,0.756130,-1.713883,grouped,230
13153,3076318010120740,0.613108,-1.798160,grouped,325
13154,3020659010120947,0.223850,-2.027036,not_clean,-1
13155,3076318010121390,0.424171,-1.910683,grouped,229
13156,3088608130110556,3.496955,-0.108277,grouped,169
13157,3084091050105632,4.662851,0.573919,grouped,130
13158,3088609040109189,4.157497,0.276571,grouped,214
13159,3014809010105558,3.168131,-0.306572,grouped,217
13160,3088608110108406,2.855765,-0.490097,grouped,365
13161,3088609040107021,4.181974,0.288420,grouped,217
13162,3065145010123340,1.893574,-1.055178,grouped,296
13163,3008558050120942,-0.012003,-2.171904,not_clean,-1
13164,3088609060108528,3.966455,0.161179,grouped,78
13165,3076318010120192,0.533276,-1.854708,grouped,164
13166,3088608110111180,2.711019,-0.578061,not_clean,-1
13167,3076318010122277,0.490934,-1.881021,grouped,325
13168,3030188010100038,6.058675,1.385593,not_clean,-1
13169,3076318010122751,0.582737,-1.828018,not_clean,-1
13170,3076318010120537,0.541016,-1.852589,grouped,153
13171,3065145010120860,1.954671,-1.024949,grouped,12
13172,3084091050110301,4.538384,0.491323,not_clean,-1
13173,3076318010120309,0.601904,-1.819720,grouped,156
13174,3065145010120048,1.863336,-1.080400,not_clean,-1
13175,3008558050121618,0.002691,-2.170622,not_clean,-1
13176,3076318010121186,0.441179,-1.914301,not_clean,-1
13177,3008558050122095,-0.055298,-2.205116,not_clean,-1
13178,3088609040104931,4.386361,0.399789,grouped,86
13179,3088608110103863,2.782159,-0.542766,grouped,21
13180,3088608110107714,2.720556,-0.579041,not_clean,-1
13181,3076318010120427,0.703669,-1.762433,not_clean,-1
13182,3088608130111535,3.523145,-0.109585,not_clean,-1
13183,3093220060111329,3.593423,-0.068437,grouped,266
13184,3093219110114074,2.975685,-0.431341,not_clean,-1
13185,3080168280120188,0.775865,-1.721834,grouped,156
13186,3088609060110381,3.829681,0.069553,not_clean,-1
13187,3080168280121612,0.729638,-1.749248,grouped,283
13188,3020659010120984,0.223196,-2.045816,not_clean,-1
13189,3084091050107777,4.559343,0.497374,grouped,78
13190,3080168280121661,0.849629,-1.679251,grouped,370
13191,3008558050120122,-0.137527,-2.258637,grouped,156
13192,3088609040109235,4.139254,0.248833,grouped,216
13193,3076318010120413,0.493404,-1.890820,not_clean,-1
13194,3014809010103962,3.243557,-0.279196,not_clean,-1
13195,3088609040100703,4.149901,0.252813,grouped,85
13196,3088608100114491,2.469095,-0.734033,not_clean,-1
13197,3076318010120897,0.607931,-1.825189,grouped,153
13198,3088609060103135,3.966030,0.144357,not_clean,-1
13199,3008558050120327,0.148661,-2.094787,not_clean,-1
13200,3015475060108583,3.057460,-0.390178,grouped,35
13201,3008558050120790,-0.040934,-2.206410,grouped,230
13202,3088608110109685,2.633273,-0.639535,grouped,22
13203,3008558050122341,0.067060,-2.144739,not_clean,-1
13204,3088610050115299,5.076260,0.791776,not_clean,-1
13205,3065145010120003,1.854040,-1.099569,not_clean,-1
13206,3020659010120653,0.348404,-1.982242,not_clean,-1
13207,3014809010100513,3.327987,-0.235771,not_clean,-1
13208,3088608100101937,2.232302,-0.878750,grouped,246
13209,3080168280121557,0.729006,-1.760310,grouped,225
13210,3093220060113741,3.589529,-0.082953,grouped,169
13211,3014809010100450,3.200328,-0.311930,not_clean,-1
13212,3014809010106431,3.236607,-0.291342,not_clean,-1
13213,3088609040114864,4.299975,0.332078,grouped,216
13214,3014809010100347,3.246088,-0.288681,not_clean,-1
13215,3076318010120793,0.639642,-1.817579,not_clean,-1
13216,3088609040114960,4.259894,0.304885,grouped,81
13217,3076318010122302,0.541504,-1.875840,grouped,334
13218,3014809010114909,3.489925,-0.148033,grouped,95
13219,3088609040115061,4.239628,0.291588,grouped,86
13220,3076318010122298,0.441458,-1.936047,grouped,370
13221,3088609040109062,4.428944,0.402173,grouped,266
13222,3008558050123193,-0.038349,-2.217432,not_clean,-1
13223,3008558050121104,0.212101,-2.070982,not_clean,-1
13224,3088609040110355,4.272692,0.309752,grouped,216
13225,3088609040108860,4.220491,0.278546,grouped,80
13226,3008558050120636,0.190570,-2.085708,not_clean,-1
13227,3093220060111282,3.723843,-0.014709,grouped,86
13228,3076318010120173,0.549585,-1.875945,grouped,231
13229,3093220060112538,3.637227,-0.065720,grouped,357
13230,3088608130112212,3.515689,-0.137115,not_clean,-1
13231,3065145010120152,1.875359,-1.099544,not_clean,-1
13232,3015475060107056,3.090012,-0.388345,grouped,35
13233,3093220060115423,3.713750,-0.022396,grouped,266
13234,3088608100112379,2.380842,-0.805498,not_clean,-1
13235,3008558050120802,0.134579,-2.121673,not_clean,-1
13236,3020659010120361,0.391874,-1.971362,not_clean,-1
13237,3080168280121037,0.748079,-1.763189,grouped,226
13238,3065145010120337,1.844594,-1.120905,not_clean,-1
13239,3008558050121180,-0.168596,-2.301650,grouped,158
13240,3088609040107589,4.049923,0.170469,grouped,123
13241,3088609060108402,4.009528,0.145277,not_clean,-1
13242,3065145010125285,1.970738,-1.051299,not_clean,-1
13243,3088609060113089,4.018642,0.148501,grouped,80
13244,3076318010125306,0.546755,-1.887712,grouped,227
13245,3008558050121202,0.054075,-2.176092,not_clean,-1
13246,3020659010120266,0.372712,-1.989991,grouped,232
13247,3065145010115749,2.050721,-1.007507,not_clean,-1
13248,3065145010122766,1.953752,-1.064898,not_clean,-1
13249,3080168280121264,0.844242,-1.714981,grouped,229
13250,3065145010121469,1.827581,-1.140176,grouped,325
13251,3084091050109576,4.497528,0.425816,not_clean,-1
13252,3014809010105450,3.259193,-0.301626,grouped,214
13253,3076318010121831,0.493473,-1.922514,grouped,160
13254,3080168280120291,0.769016,-1.761348,grouped,228
13255,3020659010120776,0.238789,-2.074425,grouped,232
13256,3088609040109635,4.356894,0.338035,grouped,169
13257,3080168280121811,0.805915,-1.744613,not_clean,-1
13258,3015475060110882,3.049247,-0.430223,grouped,35
13259,3014809010109796,3.142829,-0.375977,grouped,363
13260,3014809010104673,3.262097,-0.306168,not_clean,-1
13261,3088609100114757,4.689142,0.530553,grouped,127
13262,3065145010120641,1.864400,-1.126379,not_clean,-1
13263,3008558050120230,0.151591,-2.129896,grouped,156
13264,3080168280120064,0.768124,-1.770742,not_clean,-1
13265,3014809010106935,3.168908,-0.364160,grouped,371
13266,3065145010122053,1.828279,-1.150278,not_clean,-1
13267,3084091050107976,4.661526,0.509845,not_clean,-1
13268,3065145010120510,1.908763,-1.104789,grouped,98
13269,3065145010120310,1.736293,-1.206015,grouped,296
13270,3088610050108167,5.080192,0.754863,grouped,169
13271,3076318010121018,0.431118,-1.970246,grouped,228
13272,3008558050120706,0.085463,-2.172603,not_clean,-1
13273,3008558050120978,0.214024,-2.097464,not_clean,-1
13274,3088609060109261,4.036276,0.141034,nan_hardness,-1
13275,3030188010100016,5.988100,1.283714,grouped,170
13276,3076318010120741,0.628119,-1.858335,grouped,158
13277,3088608100115370,2.274653,-0.894053,not_clean,-1
13278,3076318010121213,0.695669,-1.819142,not_clean,-1
13279,3008558050122327,-0.010970,-2.233370,not_clean,-1
13280,3080168280120808,0.778024,-1.772382,not_clean,-1
13281,3080168280120466,0.831239,-1.741395,grouped,334
13282,3008558050120718,0.176531,-2.124537,grouped,226
13283,3020659010121124,0.310005,-2.047236,not_clean,-1
13284,3088609100114952,4.695098,0.521427,grouped,244
13285,3014809010100011,3.236011,-0.335496,not_clean,-1
13286,3088608100108467,2.472988,-0.783888,grouped,362
13287,3014809010108278,3.344030,-0.274162,grouped,35
13288,3088610050109075,5.200156,0.814231,grouped,172
13289,3008558050120059,0.122610,-2.161266,grouped,156
13290,3088608100112430,2.463308,-0.791269,not_clean,-1
13291,3084091050110357,4.523291,0.416627,grouped,17
13292,3088608110108572,2.931744,-0.516829,grouped,40
13293,3088608110104710,2.733504,-0.633578,grouped,27
13294,3076318010120092,0.524599,-1.927957,grouped,63
13295,3076318010120293,0.540179,-1.918991,grouped,153
13296,3008558050120173,0.193915,-2.122419,grouped,230
13297,3065145010120209,1.808857,-1.178362,grouped,103
13298,3080168280121365,0.719775,-1.816382,not_clean,-1
13299,3088609040114250,4.416431,0.349763,not_clean,-1
13300,3008558020100044,-0.745210,-2.672849,grouped,112
13301,3088609040108824,4.352955,0.311764,grouped,326
13302,3088609060106483,3.946059,0.072868,grouped,95
13303,3088609060113952,3.939770,0.068512,not_clean,-1
13304,3088608100108570,2.464820,-0.797110,grouped,220
13305,3076318010120749,0.511545,-1.941632,grouped,229
13306,3088609100113411,4.510490,0.401465,not_clean,-1
13307,3065145010120045,1.979942,-1.082113,grouped,134
13308,3088608100107224,2.442286,-0.811552,nan_hardness,-1
13309,3065145010120576,1.688378,-1.253505,grouped,296
13310,3014809050108557,3.118001,-0.416342,not_clean,-1
13311,3088608100111592,2.588243,-0.726936,grouped,33
13312,3065145010125520,1.955810,-1.099065,not_clean,-1
13313,3020659010120892,0.279994,-2.079985,not_clean,-1
13314,3076318010121232,0.618353,-1.882596,grouped,225
13315,3014809010107278,3.297528,-0.314435,not_clean,-1
13316,3065145010124783,1.985061,-1.083804,not_clean,-1
13317,3008558050120383,0.167156,-2.147856,not_clean,-1
13318,3014809010103918,3.317774,-0.303257,not_clean,-1
13319,3088609040108724,4.431112,0.348807,grouped,127
13320,3020304020120505,0.877590,-1.733550,grouped,226
13321,3088609040113522,4.242810,0.237839,grouped,80
13322,3065145010123133,2.009684,-1.071812,grouped,296
13323,3088609040108864,4.338100,0.292874,grouped,82
13324,3020659010120686,0.299034,-2.073691,grouped,232
13325,3088609060108932,3.856374,0.009371,grouped,127
13326,3088608100107035,2.503056,-0.783990,grouped,246
13327,3088610050112895,5.061448,0.715082,grouped,244
13328,3020659010122202,0.345776,-2.047727,grouped,225
13329,3088609060112681,4.020576,0.103848,grouped,127
13330,3076318010120011,0.597102,-1.901694,not_clean,-1
13331,3020304020121444,0.896960,-1.727447,grouped,226
13332,3030188010100029,6.117448,1.331099,grouped,233
13333,3088609040107155,4.144763,0.174508,not_clean,-1
13334,3014809010104194,3.373951,-0.277522,grouped,22
13335,3020659010121528,0.269129,-2.095532,grouped,223
13336,3088609060112255,4.064791,0.127281,grouped,127
13337,3065145010123023,1.919716,-1.130104,grouped,248
13338,3008558020100024,-0.783313,-2.710283,grouped,229
13339,3088609040109643,4.205823,0.209597,not_clean,-1
13340,3088609060114962,3.899012,0.029440,not_clean,-1
13341,3088609100106444,4.628111,0.456219,grouped,10
13342,3020659010121252,0.264461,-2.100163,grouped,232
13343,3008558050121155,-0.032625,-2.273857,not_clean,-1
13344,3030188010100030,6.108409,1.322402,grouped,170
13345,3015475060102783,3.102910,-0.439007,grouped,221
13346,3065145010120430,1.814762,-1.194391,grouped,92
13347,3014809010100666,3.400285,-0.267317,grouped,357
13348,3076318010120005,0.536264,-1.945410,not_clean,-1
13349,3014809010108380,3.344302,-0.302262,not_clean,-1
13350,3065145010123577,1.753855,-1.235020,grouped,296
13351,3088608100110333,2.394955,-0.859720,grouped,246
13352,3008558050120568,0.198753,-2.145001,not_clean,-1
13353,3088608110100830,2.769325,-0.640645,grouped,266
13354,3088609100115652,4.572860,0.416369,not_clean,-1
13355,3020659010120812,0.414266,-2.019826,not_clean,-1
13356,3088608110106395,2.671393,-0.698779,grouped,19
13357,3076318010120398,0.545741,-1.943200,not_clean,-1
13358,3020659010120771,0.354369,-2.055184,not_clean,-1
13359,3093220060105169,3.735584,-0.075556,grouped,266
13360,3020304020121458,0.800373,-1.794671,grouped,370
13361,3088608130110824,3.601533,-0.155385,grouped,326
13362,3014809010112465,3.474080,-0.230109,not_clean,-1
13363,3030188010100011,6.095195,1.304484,grouped,170
13364,3065145010120686,1.895564,-1.156231,grouped,296
13365,3020304020120655,0.794805,-1.800480,grouped,370
13366,3008558020100051,-0.802010,-2.732890,grouped,224
13367,3088608110110368,2.961086,-0.533203,not_clean,-1
13368,3065145010122151,1.711087,-1.267240,grouped,92
13369,3065145010121289,1.785838,-1.223835,nan_hardness,-1
13370,3088609060104873,4.039445,0.096523,grouped,221
13371,3014809010106983,3.179146,-0.408521,grouped,218
13372,3008558050120146,0.069925,-2.229078,grouped,228
13373,3020304020120492,0.776880,-1.816838,not_clean,-1
13374,3088609060104767,3.973444,0.054929,grouped,21
13375,3088608130108211,3.621312,-0.151882,grouped,221
13376,3030188010100064,6.138664,1.322598,not_clean,-1
13377,3076318010120456,0.707724,-1.859160,grouped,223
13378,3065145010107585,2.031459,-1.084735,grouped,92
13379,3020659010121018,0.334440,-2.078045,grouped,232
13380,3088610050108514,5.101635,0.713023,grouped,127
13381,3088609060114998,4.051057,0.097035,not_clean,-1
13382,3088610050109433,5.107604,0.715619,grouped,76
13383,3014809010106876,3.393502,-0.290036,grouped,221
13384,3088609100109318,4.593393,0.412909,grouped,249
13385,3065145010121324,1.941751,-1.140718,nan_hardness,-1
13386,3088609040104404,4.407166,0.303545,grouped,303
13387,3088608110106111,2.920717,-0.567613,grouped,326
13388,3014809050103101,3.129510,-0.447573,grouped,36
13389,3008558050120604,0.002646,-2.277241,not_clean,-1
13390,3030188010100025,6.036560,1.254796,not_clean,-1
13391,3093219110115504,3.022591,-0.511014,not_clean,-1
13392,3030188010100022,6.184237,1.340698,grouped,157
13393,3088609060108313,4.004538,0.063829,grouped,326
13394,3093219110115673,3.014650,-0.516373,not_clean,-1
13395,3088608100111896,2.420974,-0.864216,grouped,216
13396,3014809010104592,3.414053,-0.282690,not_clean,-1
13397,3065145010121771,2.001798,-1.110333,grouped,248
13398,3065145010114249,2.088661,-1.059734,not_clean,-1
13399,3014809010106093,3.306303,-0.347415,not_clean,-1
13400,3076318010121133,0.633508,-1.911899,grouped,283
13401,3088609060105928,3.975839,0.044422,grouped,18
13402,3080168310122750,0.760753,-1.838359,grouped,223
13403,3014809010103922,3.180279,-0.422179,not_clean,-1
13404,3020659010120169,0.354264,-2.076240,grouped,225
13405,3088609060114605,4.056186,0.090580,grouped,7
13406,3065145010122240,1.910375,-1.167019,not_clean,-1
13407,3088609040109715,4.221592,0.186587,grouped,169
13408,3030188010100013,5.948735,1.197919,grouped,255
13409,3080168300120345,0.724860,-1.863527,grouped,125
13410,3065145010122613,1.997132,-1.119370,grouped,134
13411,3088608110108411,2.847516,-0.622633,grouped,38
13412,3008558050120319,0.143065,-2.204613,not_clean,-1
13413,3088609060113358,3.935274,0.013755,grouped,266
13414,3088609100114839,4.591361,0.397858,grouped,251
13415,3020304020120758,0.814501,-1.814111,grouped,370
13416,3076318010121516,0.544989,-1.971760,grouped,229
13417,3020659010120809,0.283413,-2.125965,grouped,232
13418,3088608110101553,2.910882,-0.588936,grouped,169
13419,3008558050120845,0.211368,-2.168255,not_clean,-1
13420,3088608130113039,3.650196,-0.156344,not_clean,-1
13421,3088608100115585,2.338838,-0.924814,not_clean,-1
13422,3065145010121532,1.975623,-1.138514,grouped,217
13423,3008558020100005,-0.691373,-2.696938,not_clean,-1
13424,3014809010100033,3.345371,-0.336884,not_clean,-1
13425,3020659010121626,0.307321,-2.114636,grouped,232
13426,3020304020125434,0.902631,-1.766990,grouped,223
13427,3008558020100036,-0.850316,-2.790410,grouped,224
13428,3008558050121662,0.192891,-2.182236,not_clean,-1
13429,3088609100111779,4.558073,0.372237,grouped,19
13430,3008558050120911,0.234505,-2.158567,not_clean,-1
13431,3088608100103295,2.401493,-0.891543,grouped,246
13432,3088609060116089,3.937611,0.007770,grouped,35
13433,3008558020100021,-0.886049,-2.813246,grouped,333
13434,3065145010106839,2.033592,-1.108344,grouped,156
13435,3014809010104905,3.208337,-0.421936,grouped,217
13436,3088608130111840,3.620491,-0.180827,grouped,35
13437,3020304020121438,0.955859,-1.740813,grouped,229
13438,3088609100108246,4.754488,0.482531,grouped,3
13439,3065145010120669,1.876437,-1.203597,grouped,360
13440,3008558050121577,-0.009979,-2.306165,grouped,125
13441,3088608110100452,2.699892,-0.721828,grouped,362
13442,3014809010107362,3.177501,-0.442585,not_clean,-1
13443,3088608110108244,2.753133,-0.692291,grouped,363
13444,3076318010122399,0.551036,-1.980485,grouped,228
13445,3020304020120840,0.974493,-1.733130,grouped,228
13446,3088609060106627,4.100279,0.096395,not_clean,-1
13447,3020659010120052,0.334930,-2.107807,not_clean,-1
13448,3014809010104779,3.397254,-0.316622,grouped,217
13449,3088609060102097,3.869821,-0.039846,grouped,363
13450,3014809010103705,3.439604,-0.292434,not_clean,-1
13451,3020304020120079,0.847712,-1.809210,grouped,370
13452,3020659010121035,0.401947,-2.069797,not_clean,-1
13453,3014809010100936,3.188719,-0.439703,grouped,365
13454,3015475060104898,3.124532,-0.477494,grouped,35
13455,3088609060106107,3.924303,-0.009652,grouped,216
13456,3065145010121195,1.800449,-1.253280,grouped,296
13457,3088609100113611,4.660591,0.421487,nan_hardness,-1
13458,3020304020123293,0.940289,-1.757673,not_clean,-1
13459,3088609040106541,4.161651,0.127733,grouped,362
13460,3088610050111646,5.227357,0.751532,grouped,335
13461,3088609100108476,4.482526,0.314323,grouped,169
13462,3088608110108690,2.753739,-0.698791,grouped,326
13463,3008558020100016,-0.719760,-2.728571,grouped,229
13464,3008558050121060,0.038877,-2.286784,grouped,223
13465,3020304020120832,0.977585,-1.740306,grouped,369
13466,3020659010120769,0.321650,-2.123498,grouped,232
13467,3088609060110247,3.964839,0.007852,grouped,266
13468,3093220060111305,3.766664,-0.109847,grouped,36
13469,3088608110107960,2.844126,-0.650269,grouped,33
13470,3008558050120881,0.075447,-2.270040,grouped,225
13471,3088609060104717,3.943154,-0.007833,grouped,266
13472,3015475060108316,3.109846,-0.495932,not_clean,-1
13473,3020659010120235,0.346143,-2.113112,not_clean,-1
13474,3020659010121215,0.468318,-2.042138,not_clean,-1
13475,3065145010124060,1.978661,-1.159532,not_clean,-1
13476,3020659010120134,0.378427,-2.095403,not_clean,-1
13477,3020304020121980,0.865857,-1.810781,not_clean,-1
13478,3088609060114159,4.021591,0.035754,grouped,266
13479,3088608100106486,2.594360,-0.800479,grouped,0
13480,3088609060110699,3.903207,-0.034332,grouped,266
13481,3065145010122543,1.866993,-1.226412,grouped,325
13482,3088609040114123,4.270351,0.180286,not_clean,-1
13483,3065145010113826,2.046146,-1.122207,not_clean,-1
13484,3020304020120135,1.015323,-1.725121,not_clean,-1
13485,3014809010105053,3.286798,-0.396201,not_clean,-1
13486,3088608110112286,2.947963,-0.594631,grouped,169
13487,3008558020100050,-0.642450,-2.692797,grouped,229
13488,3088609040106931,4.458867,0.289494,grouped,172
13489,3014809010108461,3.322124,-0.377168,grouped,266
13490,3065145010109054,2.031853,-1.132952,grouped,296
13491,3020659010120573,0.312324,-2.138027,grouped,232
13492,3088608110114116,2.717168,-0.732295,grouped,17
13493,3088609040101674,4.179179,0.123531,grouped,362
13494,3088610050111393,5.038804,0.626849,grouped,251
13495,3030188010100021,6.019690,1.200779,grouped,160
13496,3088608110109338,2.780039,-0.696017,not_clean,-1
13497,3076318010121489,0.674525,-1.927614,grouped,223
13498,3065145010122189,1.921316,-1.199058,grouped,103
13499,3015475060107964,3.136526,-0.488010,not_clean,-1
13500,3088610050110990,5.224385,0.734275,not_clean,-1
13501,3088609040105065,4.189779,0.128376,grouped,217
13502,3020659010120943,0.268595,-2.165290,not_clean,-1
13503,3088609060113303,3.936647,-0.021331,grouped,266
13504,3020659010120446,0.352654,-2.117970,not_clean,-1
13505,3014809010102631,3.288208,-0.402202,grouped,364
13506,3030188010100001,5.928818,1.143615,grouped,251
13507,3014809010108582,3.255697,-0.421447,grouped,357
13508,3008558020100038,-0.795660,-2.788738,grouped,230
13509,3088609040111009,4.351153,0.219053,not_clean,-1
13510,3020659010121488,0.257607,-2.175406,grouped,232
13511,3014809010100187,3.199492,-0.455498,not_clean,-1
13512,3088609060110538,4.014391,0.021255,grouped,326
13513,3076318010120041,0.691995,-1.922503,grouped,121
13514,3008558050120431,0.224704,-2.196247,not_clean,-1
13515,3030188010100028,6.233794,1.317530,grouped,375
13516,3076318010120342,0.655596,-1.946435,not_clean,-1
13517,3088609060109684,4.098588,0.067612,grouped,220
13518,3080168300121106,0.741729,-1.896316,not_clean,-1
13519,3088609100112136,4.612090,0.367549,grouped,19
13520,3014809010106360,3.239663,-0.436800,not_clean,-1
13521,3020659010121681,0.283310,-2.165461,not_clean,-1
13522,3008558020100014,-0.910164,-2.861714,grouped,162
13523,3076318010121132,0.665073,-1.943499,grouped,230
13524,3008558020100015,-0.735072,-2.761155,grouped,226
13525,3065145010120387,1.832830,-1.263238,grouped,160
13526,3065145010120478,1.934543,-1.203974,grouped,92
13527,3076318010120696,0.578801,-1.996936,grouped,225
13528,3088608130105417,3.588714,-0.236883,grouped,39
13529,3020304020121366,0.971253,-1.767978,grouped,229
13530,3065145010123809,1.762789,-1.305477,grouped,248
13531,3030188010100019,6.015504,1.183250,not_clean,-1
13532,3065145010122107,1.953119,-1.194571,grouped,296
13533,3088609100108831,4.579315,0.342390,grouped,326
13534,3088609060110478,3.985035,-0.007041,grouped,326
13535,3088608130109972,3.632987,-0.214228,grouped,35
13536,3088609040113302,4.292745,0.171778,not_clean,-1
13537,3020304020122974,1.025444,-1.740502,grouped,225
13538,3014809010105758,3.566848,-0.254220,grouped,218
13539,3015475060109427,3.119330,-0.516379,grouped,22
13540,3008558020100056,-0.776436,-2.792320,not_clean,-1
13541,3020659010120766,0.308069,-2.161320,grouped,223
13542,3088610050108459,5.245321,0.725384,grouped,172
13543,3088610050109958,5.173641,0.683040,not_clean,-1
13544,3008558050120066,0.147471,-2.256432,grouped,283
13545,3008558050120118,0.217296,-2.216589,not_clean,-1
13546,3014809010107467,3.520545,-0.286232,not_clean,-1
13547,3065145010121384,1.855489,-1.260475,grouped,83
13548,3088608130108143,3.641138,-0.215857,grouped,29
13549,3088609100101032,4.713957,0.411600,grouped,123
13550,3014809010105399,3.191210,-0.480090,not_clean,-1
13551,3020304020121453,1.002744,-1.759975,grouped,229
13552,3088610010113138,4.844770,0.487478,not_clean,-1
13553,3088609060110725,4.101201,0.052141,grouped,19
13554,3088609060110971,4.072689,0.034352,grouped,266
13555,3076318010122361,0.595189,-2.000159,grouped,368
13556,3014809010100893,3.535818,-0.280996,grouped,246
13557,3088608110111819,3.002094,-0.593738,grouped,86
13558,3076318010121795,0.508966,-2.051116,not_clean,-1
13559,3008558050120839,0.118650,-2.280950,not_clean,-1
13560,3020659010120088,0.318930,-2.164248,not_clean,-1
13561,3088609060109301,3.907336,-0.066946,not_clean,-1
13562,3088609100100016,4.536823,0.301402,grouped,249
13563,3088608110100003,2.860959,-0.680049,not_clean,-1
13564,3020304020123295,0.995733,-1.770479,grouped,161
13565,3014809010108522,3.564807,-0.269867,grouped,218
13566,3076318010120352,0.646372,-1.976543,grouped,232
13567,3076318010121221,0.582237,-2.014066,not_clean,-1
13568,3020659010120851,0.291841,-2.184493,not_clean,-1
13569,3014809010106270,3.194452,-0.488821,grouped,169
13570,3014809010107639,3.349487,-0.398262,not_clean,-1
13571,3014809010105306,3.437277,-0.346926,grouped,389
13572,3088609060110543,3.900999,-0.075913,grouped,367
13573,3088610050105103,5.096480,0.623437,grouped,176
13574,3030188010100020,6.208408,1.273597,grouped,255
13575,3020304020120070,0.813355,-1.881997,not_clean,-1
13576,3030188010100002,6.115921,1.219023,grouped,233
13577,3076318010121368,0.559620,-2.031074,grouped,153
13578,3008558050120406,0.212985,-2.233532,not_clean,-1
13579,3020659010122549,0.263962,-2.204415,not_clean,-1
13580,3088608110108300,2.741117,-0.758365,grouped,169
13581,3020304020121911,1.067827,-1.737783,grouped,156
13582,3008558020100004,-0.789578,-2.820817,grouped,310
13583,3088610050112447,5.312815,0.744397,grouped,335
13584,3065145010121420,1.803182,-1.308879,grouped,92
13585,3014809010107681,3.523333,-0.303021,not_clean,-1
13586,3088610050112158,5.192130,0.672580,not_clean,-1
13587,3088610010111586,4.805073,0.445479,grouped,1
13588,3080168300121748,0.708842,-1.950428,grouped,225
13589,3020659010120354,0.398257,-2.131943,grouped,232
13590,3088608110111264,2.710851,-0.781082,grouped,0
13591,3030188010100055,6.277302,1.304260,not_clean,-1
13592,3020304020120021,0.811327,-1.892066,not_clean,-1
13593,3008558050120580,0.113737,-2.299478,grouped,225
13594,3088609060108099,4.043624,-0.003036,grouped,326
13595,3088609060106900,3.951786,-0.057117,grouped,169
13596,3014809010103419,3.288118,-0.445800,grouped,371
13597,3088609040109370,4.371126,0.186249,grouped,249
13598,3014809010105165,3.208121,-0.494990,grouped,127
13599,3088609060111729,3.910450,-0.084535,grouped,33
13600,3014809010108800,3.335087,-0.421428,grouped,244
13601,3088608130116234,3.661455,-0.230749,grouped,221
13602,3065145010124188,1.948647,-1.232700,grouped,296
13603,3076318010121996,0.540561,-2.055415,grouped,223
13604,3088609100101504,4.600517,0.317638,grouped,249
13605,3020304020121719,1.116227,-1.719697,grouped,153
13606,3088609040109198,4.258144,0.117306,grouped,364
13607,3030188010100003,6.156837,1.227143,grouped,171
13608,3088609060105390,4.012735,-0.027728,grouped,266
13609,3065145010121431,1.979659,-1.217502,grouped,296
13610,3020304020120872,0.847212,-1.879176,grouped,370
13611,3088610100108088,5.470957,0.823683,grouped,172
13612,3020659010121247,0.378287,-2.153605,grouped,230
13613,3014809010107727,3.415238,-0.379644,grouped,244
13614,3014809010109222,3.445366,-0.362275,grouped,101
13615,3020304020121333,1.128631,-1.716739,grouped,229
13616,3030188010100006,6.193777,1.243912,not_clean,-1
13617,3088609060110677,3.886374,-0.105726,grouped,215
13618,3014809010105122,3.285484,-0.457800,grouped,22
13619,3020304020121380,0.808704,-1.905332,not_clean,-1
13620,3088609060112445,3.982756,-0.050246,not_clean,-1
13621,3020659010120414,0.404814,-2.140972,grouped,230
13622,3088609060107183,4.148385,0.045492,grouped,362
13623,3020659010120329,0.263035,-2.225073,not_clean,-1
13624,3088609040108505,4.364019,0.171196,grouped,244
13625,3088608110105925,2.828538,-0.727122,grouped,364
13626,3080168300121137,0.724952,-1.957532,grouped,223
13627,3088608130106136,3.596983,-0.279494,grouped,220
13628,3088610010102602,4.839904,0.446757,grouped,3
13629,3088609040107379,4.323114,0.144413,grouped,9
13630,3088608110109454,2.693406,-0.809871,grouped,83
13631,3020304020121091,0.820402,-1.904279,grouped,164
13632,3088610010108951,4.813851,0.429829,grouped,169
13633,3088608110108150,2.888513,-0.697477,grouped,4
13634,3088610050110537,5.135712,0.616558,grouped,177
13635,3014809010104341,3.338860,-0.434715,not_clean,-1
13636,3080168300122997,0.698131,-1.977845,grouped,224
13637,3020659010121846,0.480898,-2.105087,not_clean,-1
13638,3080168300120057,0.677814,-1.990542,grouped,121
13639,3076318010122040,0.617791,-2.027889,grouped,156
13640,3014809010108928,3.460789,-0.367480,not_clean,-1
13641,3014809010109683,3.399062,-0.403583,not_clean,-1
13642,3030188010100009,6.086607,1.167401,grouped,170
13643,3014809010106048,3.576792,-0.300506,not_clean,-1
13644,3065145010120656,1.975608,-1.236766,grouped,156
13645,3008558050120452,0.177089,-2.286247,not_clean,-1
13646,3088608110102539,2.974764,-0.653129,grouped,12
13647,3065145010108648,2.034667,-1.203583,grouped,156
13648,3008558050121365,0.199548,-2.274922,not_clean,-1
13649,3014809010110047,3.556526,-0.314578,grouped,221
13650,3014809010106773,3.242228,-0.499443,grouped,22
13651,3020659010120738,0.365953,-2.179179,grouped,223
13652,3088608110115381,2.800371,-0.757880,grouped,0
13653,3014809010102474,3.366868,-0.426663,grouped,169
13654,3065145010125522,1.885524,-1.292891,grouped,296
13655,3015475060106819,3.175883,-0.538715,grouped,22
13656,3088609100111578,4.587492,0.286596,grouped,335
13657,3008558020100033,-0.647042,-2.772588,grouped,333
13658,3088610050114484,5.211377,0.647768,not_clean,-1
13659,3088610100108559,5.458147,0.791554,grouped,375
13660,3088610100106750,5.602968,0.875785,grouped,172
13661,3020659010120980,0.363510,-2.186669,not_clean,-1
13662,3088609040106522,4.299530,0.110997,grouped,0
13663,3080168310124951,0.761767,-1.956148,not_clean,-1
13664,3088609100111437,4.700781,0.344377,not_clean,-1
13665,3020304020122104,1.023283,-1.804860,grouped,369
13666,3088609100113360,4.773513,0.385874,not_clean,-1
13667,3088610050110553,5.148569,0.605064,grouped,233
13668,3020659010121214,0.392279,-2.173805,not_clean,-1
13669,3088609060107361,3.940882,-0.101499,grouped,169
13670,3080168310120376,0.751547,-1.964646,grouped,226
13671,3080168300120147,0.734873,-1.974472,grouped,224
13672,3088609100113068,4.536297,0.246136,not_clean,-1
13673,3030188010100023,6.174430,1.203199,grouped,170
13674,3088608120109511,3.140025,-0.571388,not_clean,-1
13675,3014809010102960,3.405564,-0.416714,not_clean,-1
13676,3014809010105102,3.337283,-0.456948,grouped,169
13677,3088608110108623,2.670790,-0.846726,grouped,80
13678,3065145010121878,2.017843,-1.228623,grouped,103
13679,3008558050120312,0.130835,-2.329840,not_clean,-1
13680,3088608110110016,2.968807,-0.673774,grouped,86
13681,3015475060107778,3.194584,-0.542018,grouped,211
13682,3088608110107925,2.851402,-0.743270,grouped,1
13683,3020304020120836,0.975664,-1.838612,not_clean,-1
13684,3088609060110958,3.968787,-0.091184,grouped,33
13685,3088609040110676,4.295526,0.098423,not_clean,-1
13686,3020659010120679,0.326780,-2.219945,grouped,232
13687,3080168310122230,0.768557,-1.962664,grouped,158
13688,3020659010121166,0.295353,-2.239608,grouped,232
13689,3030188010100017,6.024306,1.106325,grouped,170
13690,3020304020121761,1.006200,-1.825843,not_clean,-1
13691,3020659010120249,0.311639,-2.230772,not_clean,-1
13692,3088609100108942,4.647745,0.300798,grouped,218
13693,3088610050110433,5.363747,0.717806,grouped,59
13694,3020659010121433,0.251126,-2.268273,not_clean,-1
13695,3088609060112801,3.941502,-0.113969,grouped,246
13696,3088609060112504,3.960124,-0.103201,not_clean,-1
13697,3030188010100010,6.001894,1.089404,not_clean,-1
13698,3008558050120801,0.164273,-2.320290,grouped,230
13699,3088609060106697,4.227426,0.051779,grouped,366
13700,3020304020122620,0.998426,-1.835658,not_clean,-1
13701,3020304020120533,0.975695,-1.849038,not_clean,-1
13702,3088610050109253,5.105863,0.563444,grouped,375
13703,3088609060103572,3.983264,-0.093190,grouped,266
13704,3020304020121652,0.989036,-1.842587,not_clean,-1
13705,3088608110105136,2.944509,-0.701416,not_clean,-1
13706,3088608110111068,2.954996,-0.695762,not_clean,-1
13707,3080168310120378,0.767992,-1.974135,grouped,153
13708,3014809010103957,3.331189,-0.477835,grouped,19
13709,3088610050113268,5.239969,0.637882,grouped,251
13710,3008558020100017,-0.762022,-2.865517,not_clean,-1
13711,3014809010101500,3.442218,-0.413837,grouped,364
13712,3014809010102938,3.548560,-0.352411,not_clean,-1
13713,3088610100107602,5.454945,0.761388,grouped,59
13714,3088609060111713,4.029119,-0.072029,grouped,82
13715,3014809010100028,3.562650,-0.345201,grouped,363
13716,3088609060109313,3.993536,-0.093612,grouped,246
13717,3088609100102786,4.816419,0.387122,grouped,10
13718,3088610100110827,5.548850,0.814997,grouped,233
13719,3088610050105534,5.216415,0.619880,grouped,177
13720,3088608110104535,2.913101,-0.726662,grouped,127
13721,3088608120107615,3.043027,-0.650769,grouped,24
13722,3014809010102843,3.396266,-0.444342,not_clean,-1
13723,3020304020122383,0.801304,-1.959525,not_clean,-1
13724,3020304020121410,1.130922,-1.767473,not_clean,-1
13725,3014809010107156,3.407988,-0.437922,not_clean,-1
13726,3080168300120187,0.524879,-2.120833,grouped,231
13727,3088609100106908,4.736797,0.337811,grouped,328
13728,3020659010130214,0.441483,-2.170356,grouped,225
13729,3020659010120344,0.456564,-2.162534,grouped,224
13730,3088609100107600,4.813926,0.381335,not_clean,-1
13731,3014809010107555,3.490463,-0.392558,grouped,127
13732,3014809010102832,3.372129,-0.462317,grouped,134
13733,3088608130106517,3.733303,-0.252842,grouped,362
13734,3088608110105464,2.855608,-0.766122,not_clean,-1
13735,3020304020121219,1.053844,-1.818292,grouped,229
13736,3088610100110416,5.399187,0.719722,grouped,335
13737,3088608110110103,2.651322,-0.886689,grouped,82
13738,3014809010100641,3.535952,-0.369881,grouped,169
13739,3088610050102482,5.350057,0.689927,grouped,367
13740,3020304020120765,0.919337,-1.897982,not_clean,-1
13741,3030188010100072,6.233715,1.205649,not_clean,-1
13742,3080168310122711,0.774183,-1.983155,grouped,153
13743,3020659010122329,0.316540,-2.250053,not_clean,-1
13744,3020659010120455,0.233688,-2.298303,grouped,232
13745,3020659010122099,0.283756,-2.269252,grouped,223
13746,3088610010109055,5.059045,0.517953,grouped,328
13747,3014809010105407,3.510406,-0.388096,not_clean,-1
13748,3080168300122497,0.716871,-2.018853,grouped,224
13749,3065145010120985,1.901890,-1.327871,grouped,296
13750,3088608110107048,2.846904,-0.776383,grouped,83
13751,3065145010125473,2.010490,-1.264908,not_clean,-1
13752,3020659010120210,0.410763,-2.198054,not_clean,-1
13753,3088608110108805,2.790471,-0.809863,grouped,80
13754,3080168300121462,0.656662,-2.056681,not_clean,-1
13755,3080168300121915,0.677781,-2.044413,not_clean,-1
13756,3008558020100018,-0.756845,-2.879392,not_clean,-1
13757,3020659010120819,0.389741,-2.212735,not_clean,-1
13758,3020659010120802,0.350454,-2.235619,grouped,160
13759,3088608120110292,3.120707,-0.621312,grouped,21
13760,3088609060108144,4.049465,-0.078685,grouped,34
13761,3088609100115682,4.664584,0.280723,not_clean,-1
13762,3008558020100008,-0.932131,-2.983322,grouped,227
13763,3088608110109677,2.684407,-0.877854,nan_hardness,-1
13764,3008558020100039,-0.746267,-2.877856,not_clean,-1
13765,3088608130105628,3.695153,-0.288822,not_clean,-1
13766,3020659010120047,0.495978,-2.156548,not_clean,-1
13767,3088608130111181,3.656173,-0.313952,grouped,217
13768,3088609100110330,4.509979,0.182827,grouped,249
13769,3088610100109727,5.464729,0.739715,grouped,59
13770,3030188010100018,6.239927,1.192086,grouped,335
13771,3088610100109483,5.648643,0.845887,grouped,251
13772,3067981040109769,3.230572,-0.566966,grouped,249
13773,3008558020100003,-0.685997,-2.850735,not_clean,-1
13774,3088608110115981,2.911393,-0.754833,grouped,366
13775,3088610050110165,5.248852,0.609909,grouped,84
13776,3030188010100043,6.032892,1.067206,grouped,165
13777,3088610100106006,5.449018,0.725917,grouped,59
13778,3088610050105779,5.346008,0.665532,grouped,62
13779,3088610100110509,5.458271,0.730686,grouped,59
13780,3088608110102899,2.938334,-0.743070,grouped,362
13781,3080168300123328,0.564357,-2.127973,not_clean,-1
13782,3088608110110328,2.950604,-0.736841,grouped,169
13783,3030188010100024,6.108532,1.107452,grouped,170
13784,3088609100107498,4.784702,0.333382,grouped,244
13785,3020304020121448,0.940639,-1.910600,grouped,153
13786,3088609100110899,4.536510,0.187616,not_clean,-1
13787,3020659010120752,0.362496,-2.248076,grouped,232
13788,3014809010101223,3.416270,-0.469306,not_clean,-1
13789,3088610100113576,5.454799,0.720849,not_clean,-1
13790,3014809010109752,3.453963,-0.448504,not_clean,-1
13791,3030188010100027,6.143307,1.121843,not_clean,-1
13792,3008558020100022,-0.574259,-2.796914,grouped,333
13793,3020304020120983,1.020699,-1.869885,grouped,369
13794,3088608130112005,3.627187,-0.349195,not_clean,-1
13795,3088608110103908,2.900590,-0.773650,grouped,88
13796,3014809050107699,3.608454,-0.360765,grouped,127
13797,3088610010116208,4.880270,0.381349,grouped,372
13798,3088608110112783,2.965219,-0.737326,not_clean,-1
13799,3030188010100039,6.130798,1.110895,grouped,299
13800,3088608110111787,2.812526,-0.827363,grouped,59
13801,3030188010100026,6.231738,1.169025,not_clean,-1
13802,3008558020100055,-0.717268,-2.883699,grouped,226
13803,3020304020120826,1.068174,-1.846094,grouped,226
13804,3088608120113332,3.234373,-0.582949,not_clean,-1
13805,3014809010108655,3.354918,-0.512564,grouped,249
13806,3088608110112667,2.882452,-0.790182,grouped,169
13807,3088609060105808,3.967365,-0.156623,grouped,13
13808,3020304020120775,0.937040,-1.925631,grouped,158
13809,3080168310121050,0.745374,-2.037316,grouped,310
13810,3088609060112625,4.017669,-0.128687,grouped,31
13811,3088608110109719,2.893526,-0.787325,grouped,169
13812,3020304020120285,1.157497,-1.801821,grouped,369
13813,3088608110111148,2.864117,-0.806503,grouped,80
13814,3020304020122157,1.082941,-1.845794,grouped,369
13815,3088610100112069,5.508076,0.736434,not_clean,-1
13816,3020304020122758,0.972969,-1.910556,not_clean,-1
13817,3020304020121500,1.073954,-1.853272,not_clean,-1
13818,3020304020122789,0.879539,-1.967673,grouped,162
13819,3008558020100006,-0.711459,-2.893176,grouped,229
13820,3014809010100017,3.576529,-0.395207,not_clean,-1
13821,3088608110113957,2.939275,-0.767959,not_clean,-1
13822,3008558020100019,-0.860740,-2.981154,grouped,158
13823,3008558020100011,-0.703916,-2.890197,grouped,224
13824,3088608120104877,3.132501,-0.656478,not_clean,-1
13825,3088608110101342,2.848155,-0.822579,not_clean,-1
13826,3020659010120089,0.316508,-2.298146,grouped,232
13827,3020659010121246,0.376248,-2.265705,grouped,230
13828,3020659010121194,0.351280,-2.280575,grouped,334
13829,3088609060108222,4.109834,-0.090206,grouped,362
13830,3030188010100032,6.215189,1.138495,not_clean,-1
13831,3088610050115171,5.176771,0.532237,grouped,6
13832,3030188010100007,6.134000,1.090418,grouped,170
13833,3088608110108703,2.916501,-0.788055,grouped,59
13834,3088608120111058,3.067205,-0.701166,grouped,362
13835,3088608120111943,3.094951,-0.685116,grouped,246
13836,3088610010103544,4.871613,0.352105,grouped,362
13837,3014809010107715,3.569455,-0.408934,not_clean,-1
13838,3088608120106300,3.201586,-0.623937,grouped,1
13839,3088610010109456,4.946233,0.394627,grouped,251
13840,3088610100103895,5.553892,0.749091,grouped,375
13841,3088608130106701,3.710306,-0.327433,grouped,246
13842,3020304020122709,0.976870,-1.922234,not_clean,-1
13843,3020659010120883,0.385443,-2.267484,grouped,232
13844,3014809010107283,3.327802,-0.552747,not_clean,-1
13845,3014427140100476,7.180320,1.695065,not_clean,-1
13846,3088610010100219,4.853692,0.337463,grouped,16
13847,3020659020121340,0.517100,-2.191954,grouped,160
13848,3030188010100047,6.168129,1.102213,not_clean,-1
13849,3088608120107919,3.125998,-0.673629,grouped,4
13850,3014809010101381,3.499664,-0.455580,not_clean,-1
13851,3088608110106164,3.019696,-0.735804,grouped,2
13852,3020304020120043,1.049823,-1.884517,grouped,231
13853,3020659010120969,0.394233,-2.266225,grouped,230
13854,3088609100110150,4.852481,0.332932,grouped,19
13855,3014427140100708,7.068581,1.624034,not_clean,-1
13856,3014809010106603,3.325823,-0.560080,grouped,246
13857,3020659010120559,0.333306,-2.304329,grouped,230
13858,3088609060110284,4.056509,-0.133900,grouped,22
13859,3088609060102195,3.926924,-0.211716,grouped,372
13860,3020659010120702,0.425391,-2.253028,not_clean,-1
13861,3088608110113487,2.917716,-0.801786,grouped,174
13862,3088609060108977,4.150118,-0.082538,grouped,362
13863,3020304020121190,1.131984,-1.842975,grouped,153
13864,3088608120110894,3.204793,-0.635160,not_clean,-1
13865,3088608130107734,3.662378,-0.369655,not_clean,-1
13866,3088610010103881,4.993423,0.406468,grouped,10
13867,3020304020121016,0.934796,-1.960976,grouped,223
13868,3020304020121505,0.873244,-1.997039,grouped,224
13869,3088610010113023,4.882085,0.340966,grouped,19
13870,3020304020121087,1.055852,-1.891063,grouped,229
13871,3088608110108295,2.895123,-0.819274,grouped,216
13872,3080168310120884,0.726940,-2.083436,grouped,156
13873,3020304020121401,0.918111,-1.972638,grouped,226
13874,3020304020120646,1.064785,-1.887796,not_clean,-1
13875,3020304020122039,1.129245,-1.851089,grouped,161
13876,3088610050109007,5.172350,0.506702,grouped,5
13877,3014427140100303,7.054591,1.604067,not_clean,-1
13878,3088608120108642,3.200979,-0.646553,grouped,169
13879,3088609100103906,4.729191,0.244748,grouped,266
13880,3020304020120904,1.042173,-1.906449,grouped,229
13881,3088610050109247,5.197267,0.515922,grouped,328
13882,3088608110109580,2.803212,-0.881219,grouped,80
13883,3020659010121784,0.387566,-2.288971,grouped,230
13884,3020304020120111,1.032663,-1.913923,grouped,226
13885,3020304020120711,1.086990,-1.882900,grouped,229
13886,3020659010121288,0.371904,-2.300064,grouped,232
13887,3008558020100029,-0.666193,-2.903209,not_clean,-1
13888,3014427140100043,7.059049,1.597890,grouped,170
13889,3020304020120040,0.892373,-1.998320,grouped,121
13890,3088609100108755,4.795934,0.277470,grouped,390
13891,3014809010107861,3.557224,-0.445878,grouped,127
13892,3088608120105525,3.206768,-0.650705,grouped,364
13893,3008558020100123,-0.544930,-2.834612,grouped,158
13894,3014809010103633,3.504898,-0.477221,grouped,362
13895,3020659010121845,0.447725,-2.258816,not_clean,-1
13896,3020304020120314,0.945968,-1.969222,not_clean,-1
13897,3088608120107779,3.137764,-0.692016,grouped,169
13898,3008558020100026,-0.705369,-2.928730,not_clean,-1
13899,3088608120102736,3.142856,-0.689378,grouped,169
13900,3014427140100543,7.111807,1.625212,not_clean,-1
13901,3030188010100096,6.058875,1.009150,grouped,170
13902,3088608120102735,3.147376,-0.689673,grouped,12
13903,3014809010108321,3.461517,-0.508746,not_clean,-1
13904,3014427140100277,7.066331,1.593739,not_clean,-1
13905,3008558020100030,-0.719060,-2.942604,not_clean,-1
13906,3020304020121496,1.070780,-1.903026,grouped,369
13907,3088608130104817,3.706081,-0.367456,grouped,17
13908,3020304020120890,1.100540,-1.886690,grouped,369
13909,3020304020121006,1.019476,-1.933955,grouped,283
13910,3088609100113272,4.593607,0.147782,grouped,362
13911,3020304020120335,1.133792,-1.869640,grouped,229
13912,3088610050110493,5.435589,0.638522,not_clean,-1
13913,3020304020122651,0.928947,-1.989296,not_clean,-1
13914,3030188010100012,6.306380,1.145870,grouped,172
13915,3088608110113788,2.797935,-0.900958,not_clean,-1
13916,3020659010120991,0.292847,-2.359627,not_clean,-1
13917,3088610010106241,4.992773,0.378983,grouped,172
13918,3088610050111459,5.148713,0.469671,grouped,244
13919,3088608110114129,2.963917,-0.805133,not_clean,-1
13920,3008558020100020,-0.664644,-2.916237,not_clean,-1
13921,3020304020120241,1.052753,-1.920603,grouped,226
13922,3088608130107767,3.624636,-0.423031,grouped,169
13923,3014427140100336,7.179983,1.649008,grouped,329
13924,3088610100112491,5.659011,0.761317,not_clean,-1
13925,3088608120102604,3.185626,-0.682953,grouped,6
13926,3020659010120061,0.296560,-2.365394,grouped,232
13927,3020304020120065,1.117520,-1.888123,grouped,369
13928,3088610010107820,5.004799,0.377937,grouped,266
13929,3014427140100274,7.258186,1.691184,grouped,172
13930,3088610100114238,5.462435,0.644657,not_clean,-1
13931,3088610100114026,5.508335,0.671356,grouped,233
13932,3088609100112883,4.629481,0.158485,not_clean,-1
13933,3088610050113760,5.375505,0.593365,grouped,134
13934,3088608120100867,3.176411,-0.689645,grouped,1
13935,3080168310120171,0.723729,-2.120748,grouped,227
13936,3030188010100015,6.062347,0.989543,grouped,299
13937,3014427140100236,7.220009,1.663088,grouped,161
13938,3020304020120051,0.975160,-1.977880,not_clean,-1
13939,3020304020120406,1.095959,-1.908341,grouped,228
13940,3088608120111511,3.330252,-0.606733,not_clean,-1
13941,3008558020100023,-0.607156,-2.898258,not_clean,-1
13942,3020304020120289,0.966633,-1.984653,grouped,153
13943,3088608120114335,3.326314,-0.610836,grouped,169
13944,3088611010114904,5.824046,0.845899,not_clean,-1
13945,3008558020100037,-0.587979,-2.888407,grouped,224
13946,3088610100108081,5.626339,0.729894,grouped,375
13947,3014427140100271,7.105475,1.591498,grouped,171
13948,3088610050113285,5.255800,0.511902,not_clean,-1
13949,3088608130113683,3.732262,-0.377341,grouped,127
13950,3088608120104580,3.243290,-0.663943,grouped,216
13951,3020304020122049,1.072071,-1.928884,not_clean,-1
13952,3020659020120142,0.483898,-2.271147,grouped,148
13953,3088609060106595,3.997672,-0.224668,grouped,246
13954,3088609060111328,4.181174,-0.118186,not_clean,-1
13955,3088608120108825,3.097454,-0.751146,grouped,7
13956,3014427140100565,7.168170,1.621236,not_clean,-1
13957,3088608120100419,3.082125,-0.761399,grouped,12
13958,3080168310123788,0.835443,-2.069849,not_clean,-1
13959,3030188010100014,6.315104,1.122769,grouped,170
13960,3014809010107124,3.455503,-0.544846,not_clean,-1
13961,3088608130106911,3.725807,-0.388978,grouped,20
13962,3020659020120688,0.455836,-2.293643,grouped,231
13963,3014427140100351,7.219638,1.646468,not_clean,-1
13964,3080168310120095,0.791407,-2.099059,grouped,121
13965,3088610010112528,5.067734,0.392247,grouped,4
13966,3020659010121092,0.384287,-2.336254,grouped,232
13967,3020304020121577,1.217630,-1.852510,grouped,224
13968,3088610010102965,5.007965,0.355952,grouped,12
13969,3014809050106290,3.564207,-0.486630,grouped,169
13970,3088608120106161,3.272582,-0.657244,grouped,21
13971,3088609060109010,4.235150,-0.097215,not_clean,-1
13972,3088608120109420,3.248448,-0.675247,grouped,1
13973,3088609060109913,4.077221,-0.193030,grouped,21
13974,3088610010114768,4.927137,0.301313,not_clean,-1
13975,3088611010112916,5.771557,0.793070,not_clean,-1
13976,3088610010111846,4.879942,0.272868,grouped,374
13977,3088608120115869,3.150291,-0.736167,not_clean,-1
13978,3014427140100211,7.057435,1.539382,grouped,161
13979,3088608120112060,3.260806,-0.673947,not_clean,-1
13980,3020304020121861,1.028597,-1.975274,grouped,232
13981,3088610050107587,5.224906,0.469227,grouped,0
13982,3020304020121112,1.052295,-1.962037,not_clean,-1
13983,3014809050105966,3.403520,-0.594320,not_clean,-1
13984,3088610100112102,5.505360,0.630824,grouped,62
13985,3014427140100387,7.182730,1.607637,not_clean,-1
13986,3088610100107793,5.447427,0.596679,grouped,373
13987,3088608120107871,3.268149,-0.674997,grouped,169
13988,3014427140100128,7.044869,1.525930,grouped,171
13989,3088609060106442,4.192392,-0.136882,grouped,169
13990,3088608130107957,3.635038,-0.462381,grouped,169
13991,3080168310122430,0.788515,-2.120905,grouped,296
13992,3014427140100114,7.040905,1.520879,grouped,171
13993,3088608120109852,3.172238,-0.733639,grouped,169
13994,3088608130102164,3.484984,-0.552305,grouped,16
13995,3014427140100247,7.087815,1.546114,grouped,172
13996,3088609100111183,4.827851,0.229304,not_clean,-1
13997,3088608120108593,3.101033,-0.777301,grouped,169
13998,3088608110104883,2.936400,-0.873265,grouped,216
13999,3014427140100383,7.104378,1.555371,grouped,171
14000,3088609060107382,4.141044,-0.171541,grouped,362
14001,3088608120116103,3.424690,-0.590189,grouped,244
14002,3014427140100064,7.119441,1.562555,grouped,170
14003,3088610100108290,5.670588,0.718466,grouped,172
14004,3014427140100227,7.251722,1.638598,grouped,170
14005,3020659020120645,0.367359,-2.370663,grouped,230
14006,3088609100111067,4.684044,0.141875,not_clean,-1
14007,3008558020100012,-0.807972,-3.052660,grouped,231
14008,3020304020122540,0.909139,-2.056696,not_clean,-1
14009,3014427140100257,7.237373,1.629028,grouped,329
14010,3014427140100016,7.212363,1.614240,grouped,299
14011,3014427140100500,7.300831,1.665577,grouped,329
14012,3030188010100005,6.162018,1.002512,grouped,299
14013,3008558020100001,-0.710301,-2.996629,not_clean,-1
14014,3088608130108112,3.691315,-0.437777,grouped,169
14015,3020304020120937,1.087588,-1.953828,grouped,230
14016,3088609100108356,4.724509,0.163776,grouped,374
14017,3088610100107607,5.577514,0.659179,grouped,59
14018,3088609060111577,4.174786,-0.158553,grouped,4
14019,3030188010100004,6.241535,1.045729,grouped,172
14020,3088608120115294,3.422301,-0.597510,not_clean,-1
14021,3020304020121056,0.941385,-2.044285,not_clean,-1
14022,3088610050113997,5.289715,0.485889,not_clean,-1
14023,3008558020100052,-0.617686,-2.951142,not_clean,-1
14024,3088610050111604,5.299718,0.491370,not_clean,-1
14025,3088610050112995,5.314664,0.499769,not_clean,-1
14026,3014427140100600,7.015471,1.489520,grouped,329
14027,3088608130109763,3.670595,-0.459402,grouped,215
14028,3008558020100009,-0.735088,-3.020355,not_clean,-1
14029,3020304020121885,1.037388,-1.992686,grouped,369
14030,3088610100111885,5.584470,0.654687,grouped,249
14031,3088610010107195,4.904160,0.258048,grouped,374
14032,3088610010111571,4.989240,0.307579,grouped,18
14033,3093220050113523,3.450664,-0.589131,grouped,367
14034,3014427140100318,7.216084,1.603473,grouped,329
14035,3020304020120363,1.058625,-1.982522,grouped,228
14036,3014427140100204,7.156138,1.568087,grouped,329
14037,3020304020125576,1.090967,-1.966382,not_clean,-1
14038,3088610100109709,5.501518,0.600632,not_clean,-1
14039,3088610100111336,5.514001,0.607744,not_clean,-1
14040,3088608120109346,3.110591,-0.793298,grouped,4
14041,3020304020121446,1.045061,-1.996142,grouped,369
14042,3088608120104876,3.436062,-0.605484,grouped,214
14043,3088610010106923,5.083554,0.354361,grouped,303
14044,3020304020124472,1.229275,-1.891460,grouped,225
14045,3008558020100053,-0.757167,-3.043675,grouped,231
14046,3030188010100008,6.214986,1.009882,grouped,251
14047,3014427140100124,7.117180,1.534935,grouped,170
14048,3020304020122187,1.140073,-1.945395,not_clean,-1
14049,3088608120107223,3.087567,-0.812330,grouped,362
14050,3088610010101191,5.032511,0.320712,not_clean,-1
14051,3088608120100256,3.242368,-0.722611,not_clean,-1
14052,3088610100109399,5.741293,0.732969,not_clean,-1
14053,3088610010108370,5.174933,0.402136,grouped,172
14054,3088610100110728,5.627356,0.662532,grouped,251
14055,3080168310120114,0.827749,-2.132341,grouped,121
14056,3088608120111401,3.334312,-0.674600,grouped,21
14057,3088610100112470,5.716280,0.712973,grouped,251
14058,3088609060100516,4.133595,-0.209229,grouped,249
14059,3020304020124016,0.905249,-2.088264,not_clean,-1
14060,3088609060106242,4.262500,-0.134737,grouped,362
14061,3088610100106893,5.614392,0.652528,grouped,59
14062,3088609060105747,4.169390,-0.191495,grouped,326
14063,3088609060110146,4.112687,-0.224945,grouped,365
14064,3088608120104764,3.119577,-0.804123,grouped,7
14065,3088608120112077,3.078945,-0.827849,not_clean,-1
14066,3088610010107146,5.061116,0.325844,grouped,1
14067,3014427140100213,7.126873,1.527719,grouped,171
14068,3088609100110044,4.710320,0.120653,grouped,266
14069,3088608120109661,3.066320,-0.837038,grouped,249
14070,3020304020120353,0.934881,-2.077008,not_clean,-1
14071,3088610100112401,5.679228,0.683993,not_clean,-1
14072,3088609090107616,4.011960,-0.287590,grouped,244
14073,3008558020100027,-0.546148,-2.936901,grouped,230
14074,3088611010114282,5.884913,0.802835,grouped,177
14075,3014427140100103,7.171175,1.551158,grouped,171
14076,3088608130111269,3.623935,-0.514450,grouped,82
14077,3020304020121879,1.077894,-1.995997,not_clean,-1
14078,3088610100110300,5.622721,0.649040,grouped,330
14079,3088609060112458,4.234967,-0.159825,not_clean,-1
14080,3088608120108333,3.290668,-0.710506,grouped,13
14081,3088608120102265,3.336090,-0.684071,grouped,16
14082,3020304020124077,1.192203,-1.932260,not_clean,-1
14083,3020304020120223,1.226408,-1.912456,grouped,369
14084,3088608120101855,3.372238,-0.664188,grouped,13
14085,3088608120114709,3.207469,-0.761479,not_clean,-1
14086,3088610010106915,5.005548,0.285061,grouped,375
14087,3014427140100193,7.167325,1.543185,grouped,171
14088,3088610100109266,5.439437,0.537119,grouped,172
14089,3088608120112847,3.240811,-0.744298,grouped,364
14090,3088610050105917,5.367971,0.494485,not_clean,-1
14091,3014427140100462,7.271483,1.602057,grouped,251
14092,3088610100112154,5.536500,0.592204,grouped,172
14093,3020304020121972,0.993824,-2.052602,not_clean,-1
14094,3088608120100034,3.312253,-0.704408,grouped,26
14095,3080168310120098,0.878767,-2.120856,grouped,121
14096,3088610010111444,4.826183,0.176023,grouped,372
14097,3088610100114391,5.621601,0.637789,grouped,299
14098,3088608120112569,3.218793,-0.761836,not_clean,-1
14099,3088608120109218,3.177746,-0.786681,grouped,0
14100,3008558020100010,-0.582638,-2.970844,grouped,230
14101,3014427140100134,7.200875,1.555019,not_clean,-1
14102,3014427140100027,7.184079,1.545210,grouped,171
14103,3014427140100235,7.257038,1.587211,grouped,329
14104,3088610010116319,4.941053,0.237996,grouped,374
14105,3014427140100512,7.125102,1.508508,grouped,171
14106,3088609090100019,4.121796,-0.240138,not_clean,-1
14107,3008558020100028,-0.680361,-3.030434,grouped,230
14108,3008558020100031,-0.723641,-3.055727,grouped,230
14109,3088611010112891,5.970676,0.835289,grouped,169
14110,3020304020121858,1.220320,-1.930996,not_clean,-1
14111,3088609090104670,4.090195,-0.263171,grouped,7
14112,3020304020121024,0.913133,-2.111426,grouped,125
14113,3008558020100043,-0.582356,-2.978554,not_clean,-1
14114,3088608130105870,3.592332,-0.554357,not_clean,-1
14115,3088610010104469,4.967375,0.245701,grouped,374
14116,3093220050107454,3.761048,-0.456868,not_clean,-1
14117,3014427140100410,7.055156,1.458214,grouped,171
14118,3088609090104669,4.093544,-0.266670,grouped,8
14119,3088611010114680,5.976852,0.829267,grouped,177
14120,3014427140100201,7.119520,1.493983,not_clean,-1
14121,3014427140100013,7.205122,1.543545,grouped,172
14122,3020304020121422,0.965153,-2.087195,grouped,125
14123,3014427140100195,7.117083,1.490972,not_clean,-1
14124,3088611010115354,5.876411,0.768951,not_clean,-1
14125,3088608120106007,3.340555,-0.707739,grouped,16
14126,3088610010106943,4.931943,0.217810,not_clean,-1
14127,3088608130110807,3.650361,-0.528716,not_clean,-1
14128,3088611010105757,5.942206,0.804352,not_clean,-1
14129,3088611010111299,5.999544,0.837625,not_clean,-1
14130,3088608120103266,3.375885,-0.692119,grouped,15
14131,3088608120113003,3.275295,-0.752492,grouped,19
14132,3088608120100695,3.226483,-0.781379,grouped,131
14133,3088608120112108,3.463716,-0.644908,grouped,19
14134,3014427140100019,7.054107,1.444691,grouped,329
14135,3020304020120170,1.008030,-2.072533,grouped,231
14136,3088609090105807,4.301011,-0.157680,not_clean,-1
14137,3088610010111330,4.875214,0.176435,not_clean,-1
14138,3020304020120753,0.953650,-2.104568,grouped,229
14139,3088610100101207,5.542545,0.563943,grouped,129
14140,3088611010106824,5.985208,0.820122,grouped,329
14141,3088610070106725,5.354785,0.453176,grouped,303
14142,3088611010114197,6.030062,0.845532,grouped,251
14143,3088608120103095,3.297633,-0.745390,grouped,19
14144,3088610010113974,5.070015,0.285861,grouped,17
14145,3088611010106640,5.937130,0.790468,grouped,175
14146,3088610010105909,4.973353,0.229120,grouped,366
14147,3014427140100196,7.267105,1.563282,grouped,171
14148,3088610100107522,5.742486,0.676003,grouped,59
14149,3088611010112564,5.907029,0.771107,grouped,233
14150,3088608120112110,3.074076,-0.878008,not_clean,-1
14151,3088608120100993,3.363883,-0.710753,grouped,86
14152,3088611010104003,5.857292,0.739785,grouped,170
14153,3088608120105830,3.247268,-0.779654,grouped,366
14154,3020304020121216,1.155722,-1.995723,grouped,230
14155,3014427140100061,7.369805,1.618142,grouped,171
14156,3014427140100240,7.182610,1.508472,not_clean,-1
14157,3014427140100161,7.079031,1.447029,not_clean,-1
14158,3020304020121680,1.165652,-1.993447,grouped,369
14159,3088608120108239,3.159629,-0.835579,grouped,22
14160,3008558020100002,-0.571920,-3.001401,grouped,231
14161,3030257010122477,1.293887,-1.921006,grouped,231
14162,3088610040106666,4.697817,0.057288,grouped,249
14163,3014427140100130,7.235165,1.532485,not_clean,-1
14164,3020304020120485,1.052720,-2.064835,grouped,156
14165,3088611010109725,6.052672,0.841312,grouped,172
14166,3014427140100529,7.243242,1.531683,not_clean,-1
14167,3088608120109352,3.232031,-0.802088,grouped,20
14168,3020304020120562,1.233170,-1.963913,grouped,370
14169,3088609090113248,4.168698,-0.257887,grouped,374
14170,3009976020100552,7.494773,1.676350,nan_hardness,-1
14171,3088609090108310,4.211127,-0.234435,not_clean,-1
14172,3014427140100337,7.217477,1.514112,not_clean,-1
14173,3088611010110293,5.854360,0.721122,not_clean,-1
14174,3088610010111048,4.907298,0.169746,grouped,371
14175,3088608120113033,3.109657,-0.876547,not_clean,-1
14176,3088610040109056,4.762696,0.085041,grouped,326
14177,3088609090106724,4.250709,-0.213116,not_clean,-1
14178,3088610010107945,4.823566,0.120214,grouped,266
14179,3020304020121544,1.140262,-2.021551,grouped,225
14180,3020304020120532,1.184313,-1.996746,grouped,283
14181,3009976020100212,7.390637,1.611126,grouped,170
14182,3088611010105711,5.831292,0.703727,grouped,255
14183,3088608120113224,3.461754,-0.676376,grouped,6
14184,3009976020100138,7.342721,1.580644,grouped,170
14185,3088610040108722,4.711703,0.050441,grouped,374
14186,3020304020120395,0.968811,-2.125612,grouped,167
14187,3088608120107690,3.243821,-0.804371,grouped,169
14188,3014427140100324,7.120381,1.450564,grouped,171
14189,3014427140100176,7.294738,1.551836,grouped,329
14190,3088609090106397,3.966455,-0.384388,grouped,244
14191,3014427140100141,7.289602,1.547606,grouped,329
14192,3020304020120208,1.065912,-2.071457,grouped,156
14193,3093220050105736,3.706032,-0.539572,grouped,82
14194,3088611010114267,5.810693,0.684567,not_clean,-1
14195,3088609090110734,4.170022,-0.271095,grouped,216
14196,3088611010106892,5.940237,0.758059,grouped,373
14197,3088611010103502,5.850811,0.705997,not_clean,-1
14198,3088610010109341,4.863061,0.130725,grouped,218
14199,3088608120109477,3.417264,-0.711476,grouped,2
14200,3088608120111082,3.291750,-0.784552,grouped,22
14201,3088608120112355,3.279288,-0.792006,not_clean,-1
14202,3088610070104382,5.285941,0.375026,grouped,234
14203,3088608120102801,3.240305,-0.815205,grouped,362
14204,3093220050106259,3.520506,-0.652455,grouped,362
14205,3088608120115218,3.321986,-0.768262,grouped,19
14206,3088611010104063,5.896822,0.729453,grouped,174
14207,3020304020121797,1.223859,-1.988821,grouped,296
14208,3088608120110064,3.214813,-0.832274,grouped,249
14209,3088611010107609,6.050916,0.817248,grouped,255
14210,3088610100105287,5.728249,0.627913,grouped,375
14211,3088608120110252,3.120062,-0.889599,nan_hardness,-1
14212,3014427140100177,7.291933,1.535894,grouped,329
14213,3088610070109626,5.498406,0.492417,grouped,372
14214,3014427140100189,7.219884,1.493066,grouped,329
14215,3020304020121613,1.073559,-2.080853,not_clean,-1
14216,3088609090114158,4.214314,-0.256182,not_clean,-1
14217,3020304020120323,1.002627,-2.122763,grouped,226
14218,3078277020121385,1.350205,-1.921243,not_clean,-1
14219,3093220050105356,3.550906,-0.643500,grouped,169
14220,3009976020100283,7.338964,1.559073,grouped,171
14221,3093220050100042,3.663528,-0.578563,not_clean,-1
14222,3020304020121968,1.087714,-2.080661,grouped,226
14223,3088611010108010,5.951009,0.745703,grouped,233
14224,3088608120102346,3.428038,-0.721771,grouped,246
14225,3009976020100339,7.391171,1.581606,not_clean,-1
14226,3093220050109818,3.591918,-0.627594,grouped,79
14227,3014427140100231,7.306443,1.531259,grouped,233
14228,3088609090100461,4.347541,-0.189697,not_clean,-1
14229,3014427140100003,7.236983,1.489565,grouped,299
14230,3088611010100772,5.879913,0.699948,not_clean,-1
14231,3083019040116059,4.507708,-0.099044,grouped,249
14232,3009976020100743,7.458679,1.616096,grouped,375
14233,3088611010107755,5.912866,0.717234,not_clean,-1
14234,3093220050105799,3.766324,-0.531299,grouped,10
14235,3083019040100534,4.379538,-0.175170,not_clean,-1
14236,3088608120110262,3.238422,-0.838913,grouped,246
14237,3014427140100111,7.151624,1.435574,grouped,170
14238,3014427140100230,7.167899,1.444414,grouped,329
14239,3030257010121929,0.976893,-2.154096,grouped,225
14240,3088611010110710,5.890665,0.699874,not_clean,-1
14241,3014427140100855,7.046302,1.370405,not_clean,-1
14242,3088611010106641,5.885657,0.694648,not_clean,-1
14243,3088609090107473,4.145467,-0.318780,grouped,372
14244,3014427140100297,7.216444,1.466273,grouped,101
14245,3014427140100801,7.178473,1.444066,grouped,101
14246,3020304020120081,1.016430,-2.136959,grouped,153
14247,3088610010104419,5.014771,0.185647,grouped,169
14248,3088610040108308,4.745741,0.027098,grouped,249
14249,3083019040106539,4.471464,-0.133588,grouped,251
14250,3088608120107157,3.166441,-0.893022,grouped,246
14251,3093220050111304,3.531739,-0.680948,grouped,216
14252,3009976020100326,7.452511,1.597560,grouped,170
14253,3088610100102022,5.606312,0.524292,grouped,172
14254,3009976020100411,7.444579,1.591977,not_clean,-1
14255,3009976020100532,7.407619,1.570324,not_clean,-1
14256,3009976020100267,7.414651,1.573601,grouped,161
14257,3014427140100269,7.151779,1.419170,grouped,95
14258,3093220050108975,3.605694,-0.642166,not_clean,-1
14259,3020304020122563,1.134324,-2.077528,grouped,225
14260,3020304020125568,1.166231,-2.060993,not_clean,-1
14261,3093220050105530,3.505213,-0.703194,grouped,127
14262,3088608120111243,3.420081,-0.753423,grouped,364
14263,3014427140100017,7.199938,1.442904,not_clean,-1
14264,3088611010100716,5.904794,0.690418,grouped,172
14265,3088608120113848,3.367800,-0.784788,grouped,127
14266,3014427140100029,7.087766,1.376866,grouped,299
14267,3014427140100008,7.245957,1.467737,grouped,171
14268,3020304020120254,1.039412,-2.137627,not_clean,-1
14269,3009976020100244,7.333852,1.518008,not_clean,-1
14270,3088609090109031,4.220442,-0.292472,grouped,249
14271,3009976020100906,7.527159,1.628861,not_clean,-1
14272,3088608120112555,3.335389,-0.807823,grouped,23
14273,3020304020121498,1.253684,-2.016775,not_clean,-1
14274,3088609090107599,4.240730,-0.282795,grouped,365
14275,3009976020100279,7.408458,1.556359,grouped,329
14276,3014427140100147,7.200801,1.435674,grouped,171
14277,3014427140100105,7.120445,1.388860,grouped,375
14278,3083019040102478,4.621864,-0.063373,grouped,249
14279,3009976020100835,7.548202,1.636279,grouped,329
14280,3009976020100286,7.379690,1.537853,grouped,375
14281,3014427140100140,7.225321,1.446724,not_clean,-1
14282,3088610010108243,5.099169,0.210383,grouped,19
14283,3083019040110596,4.544384,-0.113626,grouped,249
14284,3078277020120575,1.389736,-1.945608,grouped,369
14285,3014427140100335,7.307482,1.491592,not_clean,-1
14286,3093220050110905,3.804925,-0.544447,not_clean,-1
14287,3088608120104967,3.295213,-0.840984,grouped,13
14288,3088610040100012,4.792139,0.028361,not_clean,-1
14289,3088611010111342,5.851826,0.643783,not_clean,-1
14290,3014427140100133,7.238750,1.448768,not_clean,-1
14291,3014427140100348,7.177042,1.412104,grouped,171
14292,3088608120101694,3.272555,-0.857016,grouped,246
14293,3088609090107980,4.238339,-0.297414,not_clean,-1
14294,3093220050112511,3.662144,-0.632275,not_clean,-1
14295,3088611010107210,5.911733,0.674991,grouped,299
14296,3093220050109515,3.775955,-0.567056,not_clean,-1
14297,3088611010105857,6.047091,0.751630,grouped,335
14298,3088610010111339,4.998794,0.141610,grouped,371
14299,3088608120106256,3.254493,-0.872635,grouped,244
14300,3093220050113377,3.501268,-0.729745,not_clean,-1
14301,3088610070114464,5.387922,0.366618,grouped,80
14302,3014427140100012,7.224481,1.433013,not_clean,-1
14303,3088611010116050,5.953717,0.692796,not_clean,-1
14304,3088611010116354,5.933114,0.680548,grouped,177
14305,3088611060111630,6.185346,0.826353,grouped,170
14306,3014427140100053,7.220174,1.426744,not_clean,-1
14307,3088610040111707,4.852253,0.049880,grouped,371
14308,3009976020100630,7.541365,1.610949,grouped,161
14309,3088610100109879,5.752352,0.571999,not_clean,-1
14310,3078277020123487,1.356083,-1.981246,grouped,369
14311,3088611010108132,6.083716,0.763386,grouped,255
14312,3088609090105163,4.172832,-0.347257,not_clean,-1
14313,3009976020100969,7.626269,1.658122,grouped,165
14314,3009976020100358,7.599360,1.642486,grouped,299
14315,3088611010111298,5.886075,0.646461,grouped,373
14316,3088609090106077,4.086725,-0.399248,not_clean,-1
14317,3014427140100001,7.235733,1.428024,not_clean,-1
14318,3014427140100183,7.090969,1.342219,grouped,103
14319,3078277020121565,1.442679,-1.937513,grouped,224
14320,3088608120106897,3.295272,-0.862906,grouped,18
14321,3078277020121399,1.320527,-2.008678,grouped,162
14322,3083019040109314,4.427049,-0.206357,grouped,249
14323,3083019040109516,4.713701,-0.044145,not_clean,-1
14324,3088610040100853,4.834030,0.024220,not_clean,-1
14325,3014427140100239,7.287652,1.446694,grouped,171
14326,3093220050115823,3.540642,-0.729477,not_clean,-1
14327,3088611010113452,5.852291,0.613151,grouped,59
14328,3078277020120834,1.307660,-2.025201,grouped,224
14329,3088610010101530,4.973750,0.102540,grouped,303
14330,3009976020100005,7.546747,1.595333,grouped,299
14331,3088610010110996,4.928899,0.075207,grouped,374
14332,3030257010122853,1.248745,-2.061127,not_clean,-1
14333,3020304020121792,1.127816,-2.131612,grouped,156
14334,3093220050110190,3.618700,-0.687175,grouped,328
14335,3020304020122256,1.232148,-2.073166,not_clean,-1
14336,3083019040110185,4.458466,-0.202767,grouped,169
14337,3088611010110170,6.074972,0.736055,grouped,255
14338,3088610040104465,4.859590,0.029521,not_clean,-1
14339,3078277020122036,1.319086,-2.025857,grouped,224
14340,3088611010112939,5.886776,0.624761,grouped,233
14341,3088611060110860,6.178036,0.793460,grouped,255
14342,3009976020100145,7.342094,1.468446,grouped,172
14343,3093220050111014,3.734669,-0.626446,grouped,249
14344,3088610100104740,5.621823,0.469725,grouped,172
14345,3009976020100228,7.489445,1.553474,not_clean,-1
14346,3014427140100218,7.206014,1.388437,not_clean,-1
14347,3083019040105673,4.499722,-0.182989,not_clean,-1
14348,3083019040107812,4.713908,-0.058571,grouped,244
14349,3088611010116489,5.816254,0.581198,not_clean,-1
14350,3014427140100002,7.237015,1.405767,not_clean,-1
14351,3083019040107668,4.506528,-0.180153,not_clean,-1
14352,3078277020120482,1.507161,-1.920931,grouped,231
14353,3088611010104823,6.040792,0.709627,grouped,176
14354,3078277020121072,1.329320,-2.026593,grouped,226
14355,3088610100113301,5.657531,0.485037,not_clean,-1
14356,3088609020110926,3.934969,-0.516381,grouped,0
14357,3009976020100322,7.475020,1.537372,grouped,171
14358,3088610010110079,5.009454,0.106055,grouped,249
14359,3014427140100226,7.276136,1.421747,grouped,171
14360,3083019040106322,4.554275,-0.158690,not_clean,-1
14361,3088611010108852,5.996237,0.676704,grouped,233
14362,3009976020100434,7.578392,1.593608,grouped,233
14363,3088611060108263,6.343007,0.876496,grouped,375
14364,3088608120113627,3.227257,-0.933242,grouped,217
14365,3009976020100547,7.618493,1.615801,grouped,170
14366,3030257010122575,1.265402,-2.072799,grouped,370
14367,3078277020123072,1.415522,-1.986758,grouped,226
14368,3009976020100015,7.488357,1.536751,grouped,375
14369,3088610010110528,4.958626,0.067799,grouped,373
14370,3088610010109928,5.054787,0.123039,grouped,371
14371,3014427140100385,7.154226,1.341145,grouped,171
14372,3088609020108083,4.038061,-0.468299,grouped,12
14373,3078277020121670,1.373768,-2.014121,grouped,160
14374,3088610010114977,5.084872,0.138834,not_clean,-1
14375,3009976020100364,7.342493,1.447892,not_clean,-1
14376,3083019040108495,4.512002,-0.195281,not_clean,-1
14377,3009976020100685,7.532511,1.557324,not_clean,-1
14378,3088611010105045,5.988939,0.661802,grouped,373
14379,3030257010121666,1.255804,-2.084824,grouped,283
14380,3088610100114749,5.751833,0.523702,not_clean,-1
14381,3009976020100414,7.475897,1.524007,grouped,161
14382,3009976020100292,7.470142,1.520205,not_clean,-1
14383,3014427140100330,7.297854,1.418620,not_clean,-1
14384,3088611010108687,6.062616,0.701700,not_clean,-1
14385,3088610100100732,5.679363,0.479101,grouped,328
14386,3078277020121838,1.468838,-1.964017,not_clean,-1
14387,3088611010112680,5.915611,0.616007,not_clean,-1
14388,3011220150112412,5.159090,0.174216,not_clean,-1
14389,3083019040101732,4.451098,-0.237505,not_clean,-1
14390,3014427140100259,7.198149,1.356768,grouped,101
14391,3088610070113722,5.522093,0.381038,not_clean,-1
14392,3030257010120783,1.260859,-2.091105,grouped,229
14393,3009976020100874,7.580320,1.574745,not_clean,-1
14394,3078277020122921,1.521730,-1.941557,grouped,225
14395,3009976020100173,7.605105,1.587471,grouped,170
14396,3009976020100312,7.406171,1.472153,grouped,170
14397,3088609020111155,4.022206,-0.492595,grouped,249
14398,3078277020120626,1.474094,-1.970710,not_clean,-1
14399,3088611010110068,6.099517,0.712312,not_clean,-1
14400,3014427140100474,7.179194,1.337931,grouped,170
14401,3009976020100353,7.399176,1.464411,grouped,165
14402,3088611010109004,5.966346,0.631828,grouped,63
14403,3014427140100355,7.242999,1.371826,not_clean,-1
14404,3088611010105215,6.027264,0.666022,grouped,172
14405,3088610120108286,5.809857,0.539259,grouped,176
14406,3088611010111149,6.037768,0.669979,not_clean,-1
14407,3088610100107099,5.775943,0.517477,grouped,88
14408,3078277020121116,1.356358,-2.046833,grouped,224
14409,3088610070114628,5.376671,0.283894,not_clean,-1
14410,3088611010109534,6.005444,0.647808,grouped,233
14411,3088611010111658,5.942454,0.610630,grouped,59
14412,3088611010108196,6.139913,0.724860,grouped,233
14413,3078277020120275,1.250830,-2.111410,grouped,228
14414,3009976020100087,7.414422,1.461383,grouped,170
14415,3088611010108353,5.865095,0.562741,grouped,335
14416,3009976020100707,7.555421,1.542276,not_clean,-1
14417,3078277020122345,1.523476,-1.956284,grouped,227
14418,3088611010111546,5.904316,0.583948,grouped,373
14419,3078277020121515,1.536463,-1.950335,grouped,227
14420,3009976020100352,7.409793,1.455906,grouped,171
14421,3088611010108599,5.887323,0.571985,grouped,373
14422,3078277020120015,1.467847,-1.991758,grouped,368
14423,3011220150110003,5.315687,0.238782,grouped,371
14424,3078277020120873,1.304088,-2.087643,not_clean,-1
14425,3088611010109475,6.003799,0.637779,grouped,251
14426,3078277020122960,1.326298,-2.075892,grouped,224
14427,3078277020120933,1.422947,-2.020394,not_clean,-1
14428,3009976020100584,7.482586,1.490512,grouped,375
14429,3088609020109001,3.840446,-0.623312,not_clean,-1
14430,3088611060111324,6.181606,0.734607,grouped,375
14431,3078277020121850,1.402382,-2.037367,grouped,224
14432,3014427140100270,7.281249,1.371566,grouped,171
14433,3088610010107143,5.003188,0.049995,not_clean,-1
14434,3088611060104739,6.217619,0.753649,grouped,375
14435,3009976020100390,7.669726,1.594769,grouped,375
14436,3078277020120012,1.418688,-2.030400,not_clean,-1
14437,3078277020120145,1.456015,-2.008867,grouped,228
14438,3088611060110338,6.273204,0.782728,grouped,299
14439,3009976020100067,7.372321,1.419064,grouped,171
14440,3078277020125036,1.507894,-1.982041,not_clean,-1
14441,3083019040107788,4.680798,-0.142892,not_clean,-1
14442,3078277020120137,1.450210,-2.015810,grouped,226
14443,3088611010114477,5.992694,0.616818,not_clean,-1
14444,3088611010112214,5.914128,0.568436,grouped,299
14445,3093220050110259,3.565235,-0.794479,grouped,4
14446,3078277020121697,1.404965,-2.046266,grouped,226
14447,3088611010100300,6.043036,0.641969,grouped,233
14448,3009976020100021,7.431943,1.446085,not_clean,-1
14449,3078277020122976,1.568838,-1.953516,not_clean,-1
14450,3088611060113964,6.282456,0.779468,not_clean,-1
14451,3088609020109789,3.948021,-0.574959,grouped,80
14452,3078277020120389,1.264236,-2.129890,grouped,232
14453,3009976020100602,7.656349,1.575231,grouped,95
14454,3078277020123386,1.496344,-1.996286,grouped,224
14455,3009976020100310,7.589529,1.536031,grouped,170
14456,3083019040109162,4.497358,-0.257341,not_clean,-1
14457,3083019040108981,4.510088,-0.250193,not_clean,-1
14458,3088611060102719,6.320868,0.800196,not_clean,-1
14459,3088610070100865,5.380375,0.254543,grouped,373
14460,3088610070107744,5.425804,0.280112,grouped,18
14461,3088611010113177,5.995706,0.610439,grouped,172
14462,3088611010108844,5.942116,0.579141,grouped,335
14463,3009976020100573,7.540457,1.505528,grouped,171
14464,3014427140100620,7.325406,1.380495,not_clean,-1
14465,3088611060109692,6.212325,0.734954,grouped,377
14466,3009976020100429,7.426218,1.438480,grouped,171
14467,3083019040100001,4.580621,-0.212221,not_clean,-1
14468,3088610120100054,5.871241,0.534326,not_clean,-1
14469,3088610040111366,4.974770,0.014160,not_clean,-1
14470,3009976020100463,7.400605,1.419686,not_clean,-1
14471,3088611010112531,5.955456,0.581158,grouped,251
14472,3009976020100304,7.645799,1.560181,grouped,329
14473,3088610090106985,5.054682,0.057839,grouped,376
14474,3009976020100493,7.564531,1.512014,grouped,329
14475,3014427140100238,7.227981,1.316337,grouped,171
14476,3009976020100334,7.385108,1.406659,grouped,165
14477,3088610090115683,5.063308,0.060263,grouped,372
14478,3078277020120975,1.529875,-1.987676,grouped,153
14479,3083019040107031,4.502858,-0.266227,not_clean,-1
14480,3088609020112283,3.968862,-0.576128,grouped,169
14481,3009976020100009,7.506302,1.474057,grouped,172
14482,3088611010109250,5.991983,0.596111,not_clean,-1
14483,3014427140100181,7.346742,1.381386,grouped,171
14484,3088611060115272,6.350463,0.803732,not_clean,-1
14485,3009976020100190,7.524734,1.483271,not_clean,-1
14486,3009976020100915,7.559952,1.503366,grouped,299
14487,3009976020100106,7.590437,1.520431,grouped,375
14488,3009976020100313,7.437934,1.427454,grouped,171
14489,3078277020121273,1.294251,-2.133408,grouped,227
14490,3014427140100305,7.336957,1.367100,not_clean,-1
14491,3078277020121514,1.308799,-2.126572,grouped,224
14492,3009976020100040,7.658036,1.552492,grouped,233
14493,3078277020120422,1.372731,-2.091021,not_clean,-1
14494,3009976020100555,7.651631,1.545571,grouped,171
14495,3078277020122269,1.407050,-2.073754,grouped,226
14496,3088609020103890,3.953895,-0.599007,grouped,88
14497,3088610120112127,5.858115,0.504810,grouped,237
14498,3009976020100689,7.625397,1.528735,grouped,171
14499,3009976020100118,7.569745,1.496133,grouped,375
14500,3088611060105401,6.315624,0.769417,grouped,373
14501,3011220150107438,5.267164,0.158708,not_clean,-1
14502,3088611060104290,6.341391,0.781460,not_clean,-1
14503,3011220150101517,5.332173,0.194047,not_clean,-1
14504,3078277020123014,1.315468,-2.134421,grouped,230
14505,3009976020100617,7.585664,1.496173,grouped,100
14506,3078277020125455,1.516576,-2.020386,not_clean,-1
14507,3083019040107503,4.646529,-0.207851,not_clean,-1
14508,3078277020122541,1.357855,-2.114887,not_clean,-1
14509,3009976020100041,7.509031,1.448341,grouped,171
14510,3088609020106376,3.963464,-0.607144,grouped,169
14511,3078277020120757,1.414733,-2.084034,not_clean,-1
14512,3011220150112353,5.187899,0.100990,grouped,235
14513,3088611010109817,5.905025,0.516012,grouped,335
14514,3011220150105532,5.219374,0.117745,grouped,235
14515,3078277020122183,1.389403,-2.100641,not_clean,-1
14516,3088611060111394,6.297706,0.741719,grouped,170
14517,3078277020122513,1.380210,-2.107274,grouped,224
14518,3083019040106570,4.686031,-0.193084,not_clean,-1
14519,3083019040101900,4.616087,-0.234093,not_clean,-1
14520,3014427140100216,7.293531,1.316595,not_clean,-1
14521,3088609020109889,3.892893,-0.654434,grouped,80
14522,3078277020120026,1.423084,-2.084997,grouped,226
14523,3009976020100278,7.643474,1.517931,not_clean,-1
14524,3088610120112405,5.877305,0.494732,grouped,255
14525,3088611010110672,6.075086,0.609250,grouped,170
14526,3011220150110114,5.189619,0.094861,grouped,374
14527,3078277020122792,1.521100,-2.031148,grouped,226
14528,3078277020121517,1.448206,-2.073522,grouped,370
14529,3009976020100223,7.545841,1.458524,not_clean,-1
14530,3009976020100604,7.637408,1.510260,grouped,171
14531,3088609020107660,3.955132,-0.623785,grouped,169
14532,3078277020120830,1.373863,-2.119517,grouped,226
14533,3078277020120652,1.385901,-2.112594,grouped,227
14534,3088609020106223,3.915367,-0.650199,grouped,362
14535,3014427140100498,7.291628,1.306170,grouped,329
14536,3088611060114028,6.216816,0.682335,not_clean,-1
14537,3009976020101098,7.581420,1.472236,not_clean,-1
14538,3088609020102239,4.104668,-0.543486,not_clean,-1
14539,3078277020122099,1.349068,-2.139023,grouped,230
14540,3014427140100241,7.316614,1.316649,not_clean,-1
14541,3078277020121679,1.397894,-2.112108,grouped,224
14542,3009976020100626,7.471181,1.402874,grouped,329
14543,3088611060112671,6.203378,0.667867,not_clean,-1
14544,3078277020122246,1.599396,-2.000252,not_clean,-1
14545,3078277020120179,1.411550,-2.110401,not_clean,-1
14546,3078277020120281,1.453897,-2.086301,grouped,226
14547,3078277020121827,1.528439,-2.044095,grouped,368
14548,3009976020100669,7.672926,1.514057,grouped,329
14549,3078277020123355,1.468918,-2.081083,not_clean,-1
14550,3088611060109157,6.331916,0.734791,grouped,176
14551,3088611010113746,6.017973,0.552524,grouped,59
14552,3014427140100287,7.343326,1.320067,grouped,171
14553,3088611010111079,5.953656,0.513991,grouped,373
14554,3078277020122070,1.422048,-2.110635,grouped,223
14555,3009976020100582,7.691468,1.517969,grouped,100
14556,3009976020100450,7.677833,1.508339,grouped,171
14557,3078277020124541,1.409339,-2.121281,grouped,226
14558,3083019040108790,4.436435,-0.369646,not_clean,-1
14559,3088609020104756,3.983023,-0.632874,grouped,362
14560,3088611010108225,5.997083,0.534063,not_clean,-1
14561,3009976020100682,7.540802,1.427736,not_clean,-1
14562,3011220150110651,5.280033,0.118191,not_clean,-1
14563,3088611060102008,6.241266,0.674555,not_clean,-1
14564,3009976020100210,7.405375,1.348553,grouped,171
14565,3078277020123890,1.365878,-2.148155,not_clean,-1
14566,3078277020120642,1.317458,-2.176356,grouped,153
14567,3088611010111559,5.990577,0.528925,grouped,375
14568,3078277020121941,1.589739,-2.020523,grouped,368
14569,3088609090108138,4.354727,-0.423080,grouped,303
14570,3011220150110608,5.344420,0.149160,grouped,235
14571,3009976020100170,7.572348,1.439338,grouped,171
14572,3011220150110393,5.354773,0.155126,grouped,251
14573,3078277020121344,1.432271,-2.116458,grouped,226
14574,3009976020100530,7.727749,1.525335,grouped,329
14575,3009976020100058,7.540935,1.415839,grouped,170
14576,3078277020120131,1.395216,-2.143409,not_clean,-1
14577,3078277020120587,1.365831,-2.163592,grouped,224
14578,3011220150103976,5.169224,0.037086,grouped,371
14579,3078277020123144,1.388795,-2.151037,grouped,232
14580,3009976020100696,7.624613,1.457397,grouped,329
14581,3088609020101350,3.863079,-0.721361,not_clean,-1
14582,3088610040100269,5.053141,-0.032781,not_clean,-1
14583,3078277020123713,1.489659,-2.095877,grouped,224
14584,3078277020120508,1.453984,-2.117032,grouped,226
14585,3078277020122614,1.463648,-2.112394,grouped,224
14586,3078277020125039,1.521498,-2.079154,not_clean,-1
14587,3078277020120899,1.513430,-2.085314,grouped,226
14588,3009976020100730,7.696128,1.492260,grouped,329
14589,3088611060112340,6.327167,0.699912,grouped,329
14590,3078277020120082,1.348154,-2.181950,grouped,232
14591,3078277020121546,1.617072,-2.027856,grouped,224
14592,3009976020100323,7.709369,1.497834,grouped,375
14593,3009976020100477,7.535152,1.394406,grouped,171
14594,3009976020100873,7.565876,1.410009,grouped,98
14595,3078277020121243,1.506868,-2.098502,grouped,154
14596,3078277020120745,1.542872,-2.077986,not_clean,-1
14597,3009976020100036,7.641659,1.451229,grouped,329
14598,3078277020120718,1.393565,-2.165263,not_clean,-1
14599,3088611010110276,6.054988,0.531083,not_clean,-1
14600,3088609020107903,3.995066,-0.662753,grouped,85
14601,3011220150107176,5.253004,0.064928,grouped,335
14602,3078277020122250,1.503902,-2.104519,grouped,224
14603,3078277020120885,1.455348,-2.133522,grouped,227
14604,3009976020100551,7.730387,1.494093,grouped,95
14605,3009976020100897,7.683033,1.464586,grouped,171
14606,3078277020124827,1.296451,-2.232277,not_clean,-1
14607,3088611010111085,5.982583,0.478053,not_clean,-1
14608,3009976020100298,7.604076,1.413799,grouped,171
14609,3078277020120824,1.620865,-2.048153,grouped,227
14610,3088611060110456,6.271539,0.642181,grouped,233
14611,3088609020103714,3.943391,-0.706821,grouped,216
14612,3088610040116224,4.920308,-0.141291,not_clean,-1
14613,3088611010104908,6.141454,0.563498,grouped,172
14614,3078277020123238,1.388544,-2.186487,grouped,232
14615,3088611010107557,6.013397,0.487944,grouped,373
14616,3011220150107452,5.308056,0.078510,grouped,373
14617,3009976020100556,7.752906,1.491713,grouped,329
14618,3009976020100672,7.638602,1.425442,grouped,329
14619,3088609020111166,3.950724,-0.710030,grouped,86
14620,3078277020124485,1.547012,-2.099836,not_clean,-1
14621,3088611060112269,6.324933,0.662387,grouped,233
14622,3078277020120330,1.435003,-2.168824,grouped,232
14623,3078277020123645,1.360748,-2.211742,grouped,232
14624,3078277020121737,1.415500,-2.180535,grouped,232
14625,3088611060111093,6.389746,0.695608,not_clean,-1
14626,3009976020100723,7.484327,1.328128,grouped,171
14627,3009976020100645,7.570891,1.378012,not_clean,-1
14628,3088611060108276,6.315984,0.652140,grouped,177
14629,3078277020122274,1.330477,-2.232195,not_clean,-1
14630,3078277020123276,1.358067,-2.217695,grouped,230
14631,3088611060108976,6.209188,0.586961,grouped,375
14632,3009976020100438,7.708127,1.449155,grouped,329
14633,3078277020124781,1.536262,-2.120506,not_clean,-1
14634,3088611060105037,6.240250,0.597586,grouped,177
14635,3078277020120637,1.400590,-2.202477,not_clean,-1
14636,3078277020120968,1.643915,-2.063137,grouped,225
14637,3078277020124002,1.450057,-2.175880,not_clean,-1
14638,3009976020100142,7.677028,1.424311,grouped,170
14639,3009976020100376,7.656594,1.411887,grouped,329
14640,3009976020100391,7.513482,1.328955,grouped,171
14641,3009976020100699,7.504841,1.323116,grouped,100
14642,3078277020123096,1.366122,-2.226536,grouped,232
14643,3088611060103964,6.259339,0.599779,not_clean,-1
14644,3088611060105473,6.349804,0.651921,grouped,171
14645,3009976020100160,7.631000,1.392056,grouped,170
14646,3078277020121022,1.472701,-2.169889,grouped,232
14647,3078277020120457,1.529239,-2.139427,grouped,228
14648,3088611060109499,6.305774,0.621339,grouped,329
14649,3078277020121563,1.535057,-2.136833,not_clean,-1
14650,3088609020110023,3.884989,-0.779840,grouped,169
14651,3009976020100423,7.712385,1.433319,grouped,171
14652,3009976020100734,7.529202,1.326572,grouped,98
14653,3078277020120735,1.371186,-2.233618,grouped,232
14654,3078277020120549,1.283492,-2.285785,grouped,369
14655,3009976020100399,7.735928,1.443977,grouped,101
14656,3078277020121826,1.421154,-2.207025,grouped,232
14657,3009976020100506,7.550633,1.336189,grouped,171
14658,3009976020100767,7.718559,1.430526,grouped,93
14659,3009976020100747,7.770704,1.459882,not_clean,-1
14660,3078277020121417,1.508255,-2.161952,not_clean,-1
14661,3009976020100964,7.453886,1.274564,grouped,102
14662,3009976020100028,7.597108,1.355477,grouped,101
14663,3078277020122216,1.378273,-2.239312,grouped,232
14664,3009976020100295,7.619878,1.366730,grouped,170
14665,3088611060104411,6.362818,0.638685,grouped,172
14666,3009976020100447,7.578702,1.340399,grouped,330
14667,3078277020120444,1.368759,-2.250756,grouped,232
14668,3009976020100466,7.584765,1.339975,not_clean,-1
14669,3078277020121904,1.501446,-2.176169,not_clean,-1
14670,3088610040106028,4.957586,-0.179911,not_clean,-1
14671,3078277020121121,1.527419,-2.163318,not_clean,-1
14672,3088609020112213,3.978167,-0.748389,nan_hardness,-1
14673,3078277020120016,1.419834,-2.226240,grouped,231
14674,3009976020100011,7.596178,1.341360,not_clean,-1
14675,3078277020120566,1.541989,-2.157851,not_clean,-1
14676,3078277020121730,1.645398,-2.101054,grouped,226
14677,3009976020100650,7.458715,1.258037,not_clean,-1
14678,3009976020100206,7.683573,1.387911,grouped,170
14679,3078277020120861,1.468066,-2.206623,not_clean,-1
14680,3011220150105221,5.321388,0.017400,not_clean,-1
14681,3078277020122715,1.542246,-2.165941,grouped,224
14682,3009976020100282,7.754902,1.423698,grouped,101
14683,3078277020120877,1.505118,-2.187642,not_clean,-1
14684,3088611030108497,6.033645,0.427146,grouped,251
14685,3088611060103052,6.465305,0.675239,grouped,172
14686,3078277020121245,1.349892,-2.280155,not_clean,-1
14687,3009976020100982,7.735143,1.408484,not_clean,-1
14688,3088611060112687,6.374748,0.621228,not_clean,-1
14689,3088611060109161,6.422571,0.648007,grouped,299
14690,3078277020122336,1.371068,-2.271754,grouped,160
14691,3088611060115529,6.328477,0.591806,not_clean,-1
14692,3088611030104041,6.095958,0.457165,grouped,172
14693,3078277020120617,1.415691,-2.247575,not_clean,-1
14694,3078277020120113,1.479185,-2.212682,not_clean,-1
14695,3009976020100541,7.688699,1.369221,grouped,95
14696,3009976020100018,7.475722,1.243971,not_clean,-1
14697,3088609070107311,4.417885,-0.525539,grouped,82
14698,3088611060110481,6.437199,0.640030,grouped,169
14699,3088611030113704,6.220361,0.513892,grouped,251
14700,3009976020100400,7.697449,1.365899,grouped,170
14701,3088610040106480,5.002090,-0.193802,not_clean,-1
14702,3009976020100524,7.661636,1.342345,grouped,375
14703,3088611030112382,6.145619,0.466514,grouped,299
14704,3009976020101009,7.558758,1.282474,not_clean,-1
14705,3078277020122022,1.405840,-2.272272,grouped,223
14706,3009976020100480,7.672110,1.346306,grouped,171
14707,3009976020100687,7.596514,1.301111,grouped,375
14708,3009976020100997,7.622952,1.314833,grouped,171
14709,3078277020120705,1.601948,-2.162841,grouped,296
14710,3009976020100479,7.674434,1.342022,grouped,101
14711,3088609070110567,4.412822,-0.544343,grouped,328
14712,3088609020107786,4.205026,-0.664496,grouped,249
14713,3088611060107913,6.328328,0.561152,grouped,177
14714,3009976020100461,7.710130,1.358882,grouped,171
14715,3088611060108772,6.428361,0.612903,grouped,335
14716,3009976020100653,7.663689,1.325092,grouped,171
14717,3078277020120805,1.412749,-2.285449,grouped,227
14718,3009976020100180,7.537341,1.250566,grouped,255
14719,3088609070100586,4.408210,-0.558017,grouped,266
14720,3078277020123044,1.430924,-2.277120,not_clean,-1
14721,3088611030116374,6.154968,0.449774,grouped,255
14722,3078277020120301,1.465557,-2.258159,grouped,232
14723,3078277020121874,1.488839,-2.246441,grouped,223
14724,3078277020121028,1.574997,-2.198400,not_clean,-1
14725,3011220150109575,5.382970,-0.001090,not_clean,-1
14726,3088611030114164,6.040137,0.377194,not_clean,-1
14727,3088611060105936,6.355477,0.557239,not_clean,-1
14728,3009976020100115,7.679642,1.319957,grouped,377
14729,3009976020100221,7.575778,1.259569,grouped,312
14730,3009976020100766,7.631725,1.287683,grouped,118
14731,3009976020100319,7.659041,1.303332,grouped,375
14732,3009976020100521,7.652514,1.299077,grouped,100
14733,3009976020100307,7.742130,1.349317,grouped,299
14734,3088609070109694,4.458446,-0.547938,grouped,216
14735,3078277020122440,1.416765,-2.302447,not_clean,-1
14736,3009976020100971,7.518191,1.217629,grouped,171
14737,3078277020121061,1.517082,-2.246964,not_clean,-1
14738,3078277020124180,1.560842,-2.223168,not_clean,-1
14739,3088611030112941,6.078413,0.382731,grouped,233
14740,3069199010104311,5.687355,0.156150,grouped,233
14741,3088611030113622,6.132694,0.412993,grouped,299
14742,3078277020121624,1.464002,-2.281271,grouped,232
14743,3078277020120993,1.667553,-2.164237,grouped,228
14744,3088609070107997,4.322133,-0.633952,grouped,328
14745,3078277020120486,1.479791,-2.274824,grouped,156
14746,3009976020100010,7.694877,1.310907,grouped,329
14747,3078277020121638,1.577288,-2.219793,grouped,227
14748,3088611030111838,6.071866,0.373258,grouped,63
14749,3084506020101042,7.870803,1.411035,not_clean,-1
14750,3078277020121007,1.564890,-2.228088,not_clean,-1
14751,3088611030107023,6.040681,0.354035,grouped,128
14752,3009976020100131,7.730126,1.328955,grouped,329
14753,3088611030104944,6.058790,0.362563,grouped,335
14754,3078277020120032,1.411436,-2.318729,grouped,226
14755,3078277020121707,1.486106,-2.277118,grouped,223
14756,3078277020125574,1.641294,-2.189842,grouped,223
14757,3088609070109041,4.295364,-0.661430,grouped,82
14758,3084506020100237,7.920331,1.429542,grouped,255
14759,3078277020121586,1.368103,-2.353143,grouped,232
14760,3078277020122054,1.630791,-2.202897,grouped,368
14761,3088609070110206,4.360356,-0.629550,not_clean,-1
14762,3078277020120660,1.421939,-2.324683,grouped,223
14763,3078277020121870,1.468000,-2.300913,not_clean,-1
14764,3078277020121617,1.482367,-2.292770,grouped,226
14765,3009976020100851,7.653397,1.266285,grouped,171
14766,3069199010108802,5.706471,0.140077,grouped,376
14767,3078277020121739,1.570583,-2.246171,grouped,156
14768,3078277020120318,1.406944,-2.343126,grouped,224
14769,3078277020120999,1.611489,-2.225644,not_clean,-1
14770,3084506020100262,7.861974,1.379558,grouped,375
14771,3088611030108042,6.069150,0.344982,grouped,170
14772,3078277020121279,1.661456,-2.199622,grouped,224
14773,3009976020100380,7.643955,1.249827,grouped,233
14774,3088611030104947,6.158715,0.391110,grouped,299
14775,3088611060115304,6.332546,0.483985,grouped,330
14776,3009976020100458,7.626730,1.228817,grouped,377
14777,3078277020123786,1.433496,-2.342707,grouped,154
14778,3069199010110499,5.732935,0.135796,grouped,371
14779,3009976020101006,7.687643,1.262675,grouped,381
14780,3088609120112177,4.602455,-0.518490,not_clean,-1
14781,3069199010108536,5.660882,0.092001,not_clean,-1
14782,3088611030108431,6.192329,0.398454,grouped,299
14783,3088609120115968,4.714639,-0.455240,not_clean,-1
14784,3078277020123637,1.544656,-2.284891,not_clean,-1
14785,3079575010109269,5.926924,0.239644,not_clean,-1
14786,3079575010108863,6.019993,0.291432,grouped,373
14787,3088611030108770,6.057115,0.308865,grouped,251
14788,3088611030109169,6.173109,0.375601,grouped,335
14789,3088611030110199,6.163462,0.368786,grouped,335
14790,3088611030108423,6.185518,0.379054,not_clean,-1
14791,3088611030114183,6.050540,0.300941,not_clean,-1
14792,3009976020100150,7.745339,1.276203,grouped,170
14793,3084506020100455,7.825740,1.321958,grouped,375
14794,3088611060112043,6.459564,0.532999,grouped,335
14795,3088609120113701,4.696355,-0.487744,grouped,362
14796,3078277020120991,1.531205,-2.312508,grouped,230
14797,3078277020120155,1.635440,-2.257195,not_clean,-1
14798,3078277020123206,1.428247,-2.380354,grouped,232
14799,3079575010112424,6.015104,0.262282,grouped,81
14800,3088611030114872,6.159145,0.343496,not_clean,-1
14801,3088611060113706,6.497101,0.537838,grouped,299
14802,3011220150110005,5.300052,-0.152894,not_clean,-1
14803,3079575010110230,5.921254,0.201349,grouped,251
14804,3088609120112807,4.655525,-0.530944,not_clean,-1
14805,3088611030107345,6.143530,0.327079,grouped,335
14806,3078277020122846,1.678814,-2.248430,grouped,231
14807,3088611030111222,6.228983,0.373315,grouped,335
14808,3079575010110480,6.027557,0.256759,not_clean,-1
14809,3078277020120282,1.539831,-2.330818,grouped,227
14810,3069199010109362,5.711350,0.072104,grouped,129
14811,3088610060111383,5.112114,-0.273951,not_clean,-1
14812,3078277020125264,1.463206,-2.376697,grouped,368
14813,3088611060112111,6.468299,0.505960,grouped,375
14814,3079575010107507,6.031009,0.253356,grouped,375
14815,3069199010104559,5.673258,0.046339,grouped,303
14816,3079575010103802,5.944659,0.201493,grouped,24
14817,3079575010109663,6.055304,0.261146,grouped,78
14818,3069199010100529,5.694882,0.051970,not_clean,-1
14819,3088611060111634,6.520715,0.525664,grouped,172
14820,3078277020121068,1.589143,-2.315635,not_clean,-1
14821,3088611030112778,6.167495,0.320914,not_clean,-1
14822,3088611030107952,6.242324,0.355696,grouped,299
14823,3088609070105127,4.356069,-0.739651,grouped,10
14824,3078277020124719,1.513604,-2.379235,not_clean,-1
14825,3079575010110949,6.026574,0.215424,grouped,177
14826,3088609120103418,4.647580,-0.587951,grouped,4
14827,3088609120110981,4.735998,-0.537636,grouped,249
14828,3079575010111217,6.129426,0.259805,grouped,373
14829,3079575010111159,6.067971,0.220675,not_clean,-1
14830,3088610060105273,5.157938,-0.305752,not_clean,-1
14831,3069199010109439,5.731373,0.020433,grouped,377
14832,3079575010111373,5.964305,0.152253,not_clean,-1
14833,3088609120115832,4.799145,-0.520464,not_clean,-1
14834,3079575010111356,5.860188,0.090617,grouped,375
14835,3079575010109100,6.096845,0.223663,grouped,87
14836,3088611030110356,6.202352,0.283775,grouped,176
14837,3079575010101803,6.122898,0.224354,not_clean,-1
14838,3084506020100878,7.838440,1.210626,not_clean,-1
14839,3069199010101870,5.737714,-0.003527,grouped,303
14840,3079575010109142,6.149230,0.233060,grouped,375
14841,3079575010111110,5.882007,0.076070,grouped,375
14842,3088609120104019,4.796728,-0.551414,grouped,362
14843,3088611030105020,6.059590,0.170852,grouped,373
14844,3011220150112760,5.475935,-0.166931,not_clean,-1
14845,3069199010108405,5.742122,-0.013782,grouped,375
14846,3088609070103579,4.340801,-0.821343,grouped,362
14847,3088609120101549,4.809171,-0.552152,grouped,127
14848,3088609120113854,4.762714,-0.579290,not_clean,-1
14849,3079575010109924,6.139206,0.208738,grouped,335
14850,3069199010109922,5.762244,-0.009058,grouped,233
14851,3069199010104330,5.811264,0.011411,grouped,371
14852,3079575010102179,6.143537,0.201024,not_clean,-1
14853,3088611030113208,6.342346,0.313571,not_clean,-1
14854,3069199010110258,5.492592,-0.176257,not_clean,-1
14855,3088611030110669,6.234890,0.250264,grouped,233
14856,3069199010101418,5.723150,-0.045021,not_clean,-1
14857,3069199010106377,5.539673,-0.152552,not_clean,-1
14858,3088609120106329,4.719611,-0.625580,grouped,8
14859,3069199010104704,5.566673,-0.138551,not_clean,-1
14860,3069199010106482,5.680242,-0.074336,grouped,17
14861,3088609120111343,4.741867,-0.614593,grouped,0
14862,3069199010114651,5.838660,0.014075,grouped,19
14863,3069199010104729,5.522192,-0.169645,not_clean,-1
14864,3088609120103670,4.762182,-0.608082,grouped,169
14865,3069199010105897,5.573982,-0.144863,not_clean,-1
14866,3088609070109545,4.659423,-0.671981,grouped,177
14867,3069199010105185,5.635360,-0.112218,not_clean,-1
14868,3069199010106206,5.801234,-0.022131,grouped,17
14869,3079575010115638,5.916431,0.041877,grouped,335
14870,3069199010103724,5.562100,-0.163150,not_clean,-1
14871,3079575010109022,5.900752,0.027158,grouped,335
14872,3069199010103723,5.566138,-0.167834,not_clean,-1
14873,3079575010100050,6.144153,0.164702,not_clean,-1
14874,3088611030112610,6.258578,0.227601,grouped,0
14875,3088609120107222,4.685002,-0.686927,grouped,172
14876,3069199010104844,5.571226,-0.177416,not_clean,-1
14877,3084506020100709,7.957765,1.194869,grouped,93
14878,3069199010107586,5.785298,-0.055119,grouped,22
14879,3069199010112495,5.877691,-0.002917,grouped,4
14880,3069199010108453,5.638336,-0.141512,not_clean,-1
14881,3088611030113328,6.322064,0.250213,not_clean,-1
14882,3088609120114122,4.851537,-0.596007,not_clean,-1
14883,3079575010112786,5.933327,0.026019,grouped,303
14884,3069199010106149,5.598121,-0.168094,not_clean,-1
14885,3069199010101061,5.563591,-0.188132,not_clean,-1
14886,3069199010103223,5.707560,-0.110465,not_clean,-1
14887,3069199010104590,5.602435,-0.172745,not_clean,-1
14888,3069199010109974,5.785738,-0.067681,not_clean,-1
14889,3069199010109326,5.613005,-0.174862,not_clean,-1
14890,3069199010104824,5.651734,-0.153623,not_clean,-1
14891,3069199010103844,5.711076,-0.124365,not_clean,-1
14892,3069199010101526,5.657688,-0.155290,not_clean,-1
14893,3069199010102973,5.592487,-0.194850,not_clean,-1
14894,3069199010110595,5.877299,-0.036438,grouped,176
14895,3084506020100315,8.026477,1.187602,not_clean,-1
14896,3069199010108969,5.634470,-0.189669,not_clean,-1
14897,3088609120114019,4.842337,-0.649858,grouped,80
14898,3088611030112723,6.250031,0.158741,not_clean,-1
14899,3079575010109896,6.236144,0.150646,not_clean,-1
14900,3088611030113013,6.267579,0.168638,not_clean,-1
14901,3088610030101267,5.144503,-0.477941,not_clean,-1
14902,3088609120110697,4.797584,-0.682482,not_clean,-1
14903,3069199010105815,5.591669,-0.226559,not_clean,-1
14904,3079575010108336,6.240144,0.144291,grouped,235
14905,3069199010103720,5.645713,-0.199029,not_clean,-1
14906,3088609120112933,4.821900,-0.678000,not_clean,-1
14907,3069199010109613,5.721258,-0.162090,not_clean,-1
14908,3013574220114632,6.469719,0.262255,grouped,86
14909,3088609070109297,4.635748,-0.796720,grouped,84
14910,3088609120100462,4.786764,-0.711803,grouped,216
14911,3013574260106294,6.847203,0.471599,not_clean,-1
14912,3069199010114584,5.910197,-0.069008,grouped,372
14913,3088609120114317,4.900538,-0.655453,not_clean,-1
14914,3013574230112780,6.725333,0.391838,not_clean,-1
14915,3013574220112566,6.270703,0.128686,grouped,303
14916,3079575010113868,6.153807,0.059198,not_clean,-1
14917,3088609120111595,4.692093,-0.781312,grouped,174
14918,3050385010110096,5.784912,-0.157761,not_clean,-1
14919,3079575010108610,6.148051,0.050319,grouped,172
14920,3013574230110519,6.614194,0.317157,grouped,78
14921,3050385010110002,5.778729,-0.164432,not_clean,-1
14922,3050385010107768,5.795806,-0.164886,not_clean,-1
14923,3088610030111518,5.218091,-0.500221,grouped,235
14924,3088609120111845,4.734880,-0.779113,grouped,249
14925,3079575010116383,6.074169,-0.010722,grouped,233
14926,3088609120108493,4.708732,-0.794665,grouped,174
14927,3079575010111558,6.006502,-0.049699,not_clean,-1
14928,3079575010106089,6.124917,0.015424,grouped,177
14929,3088610030115228,5.306435,-0.454886,not_clean,-1
14930,3050385010104725,5.773826,-0.186622,not_clean,-1
14931,3088609120114376,4.731390,-0.787485,not_clean,-1
14932,3088610030115009,5.022352,-0.620634,not_clean,-1
14933,3079575010114284,6.119400,0.008856,grouped,251
14934,3088610030103001,5.091466,-0.581416,grouped,19
14935,3050385010103889,5.844420,-0.150708,grouped,373
14936,3050385010108166,5.839480,-0.155844,grouped,330
14937,3088610030110691,5.128963,-0.569068,grouped,244
14938,3079575010111422,6.188043,0.030334,grouped,330
14939,3088610030112301,5.159597,-0.565083,not_clean,-1
14940,3088609120111114,4.966805,-0.676048,grouped,244
14941,3013574230104178,6.736376,0.333232,grouped,134
14942,3013574230114191,6.640953,0.277328,not_clean,-1
14943,3050385010106345,5.780237,-0.218411,not_clean,-1
14944,3079575010112518,5.993583,-0.096297,not_clean,-1
14945,3050385010107139,5.786108,-0.215502,not_clean,-1
14946,3050385010104677,5.795260,-0.210783,not_clean,-1
14947,3088610030105654,5.229561,-0.542034,grouped,235
14948,3088610030110497,5.143818,-0.593506,grouped,335
14949,3079575010112464,5.995792,-0.106166,not_clean,-1
14950,3013574230112796,6.695381,0.294119,grouped,335
14951,3088610030110606,5.200707,-0.574459,grouped,328
14952,3050385010107852,5.804011,-0.229605,not_clean,-1
14953,3013574230115200,6.668445,0.266187,grouped,233
14954,3050385010108217,5.908353,-0.176741,grouped,375
14955,3079575010105493,6.073718,-0.082026,grouped,172
14956,3013574220101861,6.525838,0.167529,grouped,172
14957,3050385010108439,5.936911,-0.174299,not_clean,-1
14958,3050385010110555,5.871279,-0.212964,grouped,235
14959,3013574220107075,6.481160,0.135316,not_clean,-1
14960,3088610030111370,5.291956,-0.550416,grouped,172
14961,3050385010106844,5.984801,-0.154122,grouped,233
14962,3050385010106306,5.922555,-0.193861,grouped,251
14963,3079575010105484,6.187210,-0.042297,not_clean,-1
14964,3013574220108819,6.607249,0.196815,not_clean,-1
14965,3088610030112138,5.131079,-0.651290,grouped,244
14966,3088610030113602,5.180170,-0.623876,not_clean,-1
14967,3088610080112261,5.429087,-0.488698,not_clean,-1
14968,3050385010107131,5.779202,-0.289592,not_clean,-1
14969,3050385010107506,5.795225,-0.283245,not_clean,-1
14970,3050385010101011,5.958812,-0.189569,not_clean,-1
14971,3013574260102830,6.953466,0.379873,not_clean,-1
14972,3010326190109185,5.069664,-0.704846,grouped,249
14973,3050385010106524,5.989784,-0.183565,not_clean,-1
14974,3013574230109194,6.689932,0.213840,grouped,233
14975,3013574260108043,7.024417,0.403514,grouped,2
14976,3088610080113477,5.453411,-0.496879,not_clean,-1
14977,3050385010104219,5.955984,-0.211008,not_clean,-1
14978,3013574260111420,7.091720,0.436005,grouped,233
14979,3013574230109514,6.713348,0.219122,grouped,233
14980,3079575010109858,6.052795,-0.159422,grouped,17
14981,3088610030107449,5.297518,-0.594402,grouped,22
14982,3088610030108881,5.280074,-0.605305,grouped,375
14983,3088610080108319,5.491901,-0.489440,grouped,20
14984,3013574220108752,6.333607,-0.007258,grouped,10
14985,3088610030109321,5.378142,-0.554789,not_clean,-1
14986,3013574230109102,6.858591,0.290469,grouped,172
14987,3050385010102426,5.959578,-0.228042,not_clean,-1
14988,3050385010103199,5.963733,-0.232162,not_clean,-1
14989,3088610080111206,5.487455,-0.505015,grouped,303
14990,3013574260105187,6.964656,0.338830,grouped,303
14991,3013574220109584,6.652875,0.159095,grouped,377
14992,3013574230108153,6.698586,0.182502,not_clean,-1
14993,3088609050113817,6.125214,-0.148566,not_clean,-1
14994,3013574230114935,6.754872,0.209377,grouped,82
14995,3050385010107792,6.009810,-0.221292,grouped,235
14996,3013574230107954,6.801872,0.232073,not_clean,-1
14997,3088610030110183,5.411969,-0.564605,grouped,19
14998,3050385010109917,5.915300,-0.283157,grouped,235
14999,3013574220107570,6.530548,0.067707,grouped,13
15000,3050385010107036,6.015250,-0.231014,grouped,235
15001,3050385010109006,5.843201,-0.334409,not_clean,-1
15002,3010326190110713,5.179381,-0.714413,grouped,169
15003,3010326190111486,5.196412,-0.704773,grouped,330
15004,3050385010107963,6.023525,-0.234134,not_clean,-1
15005,3050385010104434,5.881541,-0.318311,grouped,335
15006,3050385010106822,5.894385,-0.318913,grouped,391
15007,3050385010107030,5.843664,-0.348025,not_clean,-1
15008,3050385010110551,5.922118,-0.303234,not_clean,-1
15009,3013574230109393,6.765290,0.179351,grouped,330
15010,3013574220106918,6.517851,0.037142,grouped,235
15011,3013574260109710,7.097865,0.367925,grouped,234
15012,3050385010102705,5.884579,-0.328121,grouped,255
15013,3050385010105930,5.956925,-0.287643,grouped,330
15014,3088609050100468,6.131549,-0.190539,not_clean,-1
15015,3013574230112879,6.887444,0.241839,not_clean,-1
15016,3013574260107546,6.968430,0.286069,grouped,303
15017,3050385010105811,5.936045,-0.306646,grouped,234
15018,3088609050109738,6.220152,-0.144701,grouped,374
15019,3088609050106207,6.083035,-0.226874,grouped,330
15020,3010326190110031,5.240002,-0.710356,grouped,244
15021,3013574220114937,6.523269,0.023707,not_clean,-1
15022,3088609050112428,6.091871,-0.223769,grouped,374
15023,3088610080109844,5.586193,-0.514908,grouped,20
15024,3088610080103401,5.518154,-0.554032,grouped,249
15025,3088610080103827,5.480886,-0.578156,grouped,234
15026,3088609050112173,6.226256,-0.157567,grouped,172
15027,3013574250106887,6.910476,0.228094,grouped,375
15028,3013574220113988,6.533469,0.009746,not_clean,-1
15029,3050385010109825,5.892348,-0.358988,grouped,375
15030,3050385010106534,5.950759,-0.329352,grouped,235
15031,3088610080112002,5.502805,-0.588911,not_clean,-1
15032,3088609050112676,6.113657,-0.242415,grouped,235
15033,3013574260106863,7.039318,0.286057,not_clean,-1
15034,3050385010111542,5.827364,-0.410761,not_clean,-1
15035,3013574260108907,7.162398,0.349657,grouped,239
15036,3013574220111348,6.498801,-0.032326,grouped,377
15037,3050385010105268,5.897396,-0.379470,grouped,373
15038,3013574230107251,6.831226,0.149740,grouped,233
15039,3050385010108301,5.922731,-0.370130,grouped,235
15040,3013574230111320,6.866174,0.164547,not_clean,-1
15041,3050385010109064,5.950550,-0.360554,grouped,235
15042,3088610080110396,5.678739,-0.516977,grouped,234
15043,3050385010104847,5.763084,-0.470588,not_clean,-1
15044,3013574220111160,6.737302,0.083659,not_clean,-1
15045,3013574220110636,6.676001,0.048283,not_clean,-1
15046,3050385010107016,5.910977,-0.389168,grouped,376
15047,3013574220107718,6.362772,-0.135544,not_clean,-1
15048,3013574260100798,6.997553,0.226220,grouped,235
15049,3013574230110813,6.824393,0.125244,not_clean,-1
15050,3050385010109899,5.964026,-0.375365,grouped,233
15051,3050385010109312,5.916837,-0.405827,not_clean,-1
15052,3013574250111357,6.928749,0.166134,grouped,7
15053,3013574220104672,6.357321,-0.166489,grouped,299
15054,3088609050111476,6.235447,-0.237219,grouped,376
15055,3013574260111498,7.066646,0.235513,not_clean,-1
15056,3013574260109772,6.998125,0.192644,not_clean,-1
15057,3013574220110026,6.377197,-0.162801,grouped,8
15058,3088609050109127,6.127883,-0.305713,grouped,235
15059,3050385010100689,5.941141,-0.416453,grouped,234
15060,3088610080112249,5.658582,-0.579565,grouped,251
15061,3050385010109553,5.952512,-0.413560,not_clean,-1
15062,3013574220109026,6.363919,-0.184432,not_clean,-1
15063,3050385010109819,5.953945,-0.421293,not_clean,-1
15064,3013574250107255,6.787653,0.050657,grouped,170
15065,3013574250110098,6.923646,0.124298,grouped,377
15066,3050385010111403,6.117786,-0.337641,not_clean,-1
15067,3050385010103273,5.865823,-0.485240,not_clean,-1
15068,3088609050111040,6.251475,-0.266134,not_clean,-1
15069,3050385010105301,6.118062,-0.342620,grouped,235
15070,3013574250107033,6.843296,0.069489,grouped,303
15071,3050385010107749,5.915478,-0.461223,not_clean,-1
15072,3088611050100457,6.344837,-0.217664,not_clean,-1
15073,3050385010111064,5.979860,-0.429039,not_clean,-1
15074,3050385010107542,5.936717,-0.456099,not_clean,-1
15075,3088609050105817,6.134823,-0.347561,not_clean,-1
15076,3050385010107488,6.114494,-0.360807,grouped,374
15077,3013574220108796,6.444047,-0.174722,grouped,238
15078,3088609050109457,6.172202,-0.339246,not_clean,-1
15079,3088609050110559,6.310472,-0.260831,not_clean,-1
15080,3088609050107076,6.184885,-0.336570,grouped,235
15081,3013574250109644,6.905140,0.074099,not_clean,-1
15082,3088609050111715,6.311635,-0.270964,grouped,235
15083,3013574250107304,6.935959,0.084716,grouped,377
15084,3013574260105375,7.144733,0.203275,grouped,239
15085,3013574220100032,6.465570,-0.184453,not_clean,-1
15086,3013574250106798,6.966234,0.099611,not_clean,-1
15087,3013574220102941,6.459582,-0.189722,not_clean,-1
15088,3088609050100733,6.135906,-0.376446,not_clean,-1
15089,3050385010109588,5.974933,-0.470327,not_clean,-1
15090,3013574260110772,7.088285,0.164768,not_clean,-1
15091,3088609050110439,6.248900,-0.314408,grouped,335
15092,3088610080105354,5.612122,-0.678137,grouped,17
15093,3010326190112695,5.252153,-0.883487,not_clean,-1
15094,3088610080111359,5.662505,-0.651114,not_clean,-1
15095,3088609050106707,6.130949,-0.383904,not_clean,-1
15096,3050385010109853,6.037532,-0.440273,grouped,374
15097,3013574220108297,6.447093,-0.210396,grouped,335
15098,3013574220107713,6.426646,-0.223054,not_clean,-1
15099,3050385010104973,5.936923,-0.502492,not_clean,-1
15100,3088609050110214,6.156149,-0.379902,not_clean,-1
15101,3013574220106803,6.608107,-0.123972,not_clean,-1
15102,3050385010106387,5.999250,-0.472823,not_clean,-1
15103,3088609050110878,6.281431,-0.317442,not_clean,-1
15104,3088609050109294,6.346408,-0.284371,grouped,251
15105,3088610080112202,5.675710,-0.669363,grouped,371
15106,3088611050110839,6.382703,-0.271120,grouped,235
15107,3013574220109779,6.575959,-0.162818,grouped,239
15108,3013574220110803,6.507388,-0.201947,grouped,377
15109,3088609050110483,6.243668,-0.354481,grouped,236
15110,3013574250111505,6.931913,0.037251,grouped,376
15111,3013574220111503,6.486790,-0.225633,not_clean,-1
15112,3088609050111210,6.280434,-0.350425,grouped,172
15113,3050385010107295,5.933680,-0.550337,not_clean,-1
15114,3013574250115475,6.916499,0.009227,grouped,380
15115,3088610080108751,5.676933,-0.700567,grouped,235
15116,3013574220102315,6.489201,-0.241421,not_clean,-1
15117,3013574220104723,6.641317,-0.157832,not_clean,-1
15118,3088610080111523,5.603614,-0.754232,grouped,22
15119,3088609050107705,6.324820,-0.343718,grouped,177
15120,3013574280106282,7.250306,0.181641,grouped,237
15121,3088609050108611,6.288271,-0.369644,not_clean,-1
15122,3088609050106177,6.339880,-0.342438,grouped,238
15123,3013574250107229,6.898944,-0.025705,grouped,235
15124,3013574250103590,6.867750,-0.045114,grouped,378
15125,3050385010107502,6.074811,-0.500714,grouped,172
15126,3088609050116526,6.243294,-0.404732,not_clean,-1
15127,3013574240100171,6.717627,-0.135896,not_clean,-1
15128,3013574280108501,7.252642,0.165819,grouped,237
15129,3013574240109289,6.802331,-0.096308,grouped,239
15130,3013574280105177,7.173865,0.114971,grouped,26
15131,3013574250107633,6.832976,-0.083484,grouped,373
15132,3013574240109201,6.439441,-0.309205,not_clean,-1
15133,3050385010115038,6.066984,-0.523167,not_clean,-1
15134,3050385010105582,6.047804,-0.537210,grouped,237
15135,3050385010101968,5.967181,-0.583619,not_clean,-1
15136,3088609050108989,6.381229,-0.349765,not_clean,-1
15137,3013574240111842,6.613038,-0.217880,not_clean,-1
15138,3050385010103196,6.031450,-0.552579,not_clean,-1
15139,3013574280111693,7.201535,0.113616,grouped,380
15140,3013574240101934,6.621690,-0.219976,not_clean,-1
15141,3013574240106016,6.774552,-0.134061,grouped,239
15142,3013574280114718,7.084658,0.040550,not_clean,-1
15143,3088609050112623,6.273326,-0.423169,not_clean,-1
15144,3013574250109364,7.022906,-0.001878,grouped,375
15145,3013574280110177,7.111290,0.044986,grouped,330
15146,3013574240109546,6.434275,-0.340917,not_clean,-1
15147,3013574280105128,7.202695,0.094205,grouped,21
15148,3088611050111795,6.432113,-0.352064,grouped,374
15149,3013574240107038,6.645012,-0.232079,not_clean,-1
15150,3013574240101615,6.525465,-0.307903,grouped,237
15151,3013574240111608,6.478653,-0.337473,grouped,335
15152,3088609050110856,6.346381,-0.416754,not_clean,-1
15153,3088609050103433,6.326762,-0.428251,not_clean,-1
15154,3088609050104140,6.275747,-0.457595,not_clean,-1
15155,3088609050113030,6.238700,-0.485847,not_clean,-1
15156,3088609050111191,6.251367,-0.483431,not_clean,-1
15157,3013574280108604,7.156439,0.030898,not_clean,-1
15158,3088611050114421,6.418621,-0.393874,grouped,234
15159,3088609050100233,6.330408,-0.444597,grouped,172
15160,3013574240100855,6.455842,-0.374071,not_clean,-1
15161,3013574280113031,7.281488,0.095829,not_clean,-1
15162,3013574290114921,7.435839,0.180518,not_clean,-1
15163,3088610080113093,5.706716,-0.805033,not_clean,-1
15164,3088610080116410,5.679501,-0.821313,not_clean,-1
15165,3013574280109780,7.179475,0.028862,grouped,233
15166,3013574240106003,6.760061,-0.214686,not_clean,-1
15167,3013574280109095,7.307293,0.090373,grouped,240
15168,3013574240107670,6.597535,-0.314375,not_clean,-1
15169,3088609050107552,6.314838,-0.476187,not_clean,-1
15170,3013574240109476,6.566636,-0.334617,grouped,235
15171,3088611050110609,6.454307,-0.402306,grouped,234
15172,3013574280103689,7.235334,0.037733,grouped,335
15173,3013574280113906,7.124434,-0.029656,not_clean,-1
15174,3013574240100847,6.696555,-0.273343,not_clean,-1
15175,3013574240103577,6.717767,-0.261876,not_clean,-1
15176,3088609050113810,6.239866,-0.534223,not_clean,-1
15177,3013574250105798,6.977612,-0.116560,grouped,335
15178,3088609050109531,6.214659,-0.551109,grouped,238
15179,3013574290107365,7.449418,0.148483,grouped,240
15180,3088611050110411,6.429460,-0.433508,grouped,373
15181,3088610080103764,5.603741,-0.904072,grouped,335
15182,3013574280109786,7.153006,-0.024396,grouped,335
15183,3088611040105912,6.405829,-0.454551,grouped,238
15184,3013574240105837,6.847492,-0.203395,not_clean,-1
15185,3013574280109071,7.201872,-0.006488,grouped,233
15186,3013574290104320,7.442693,0.129012,grouped,238
15187,3013574240104891,6.864751,-0.200044,not_clean,-1
15188,3088611040109385,6.358969,-0.488726,grouped,236
15189,3013574280100207,7.162238,-0.033661,grouped,377
15190,3088611040110083,6.168490,-0.599125,grouped,237
15191,3088611040105403,6.380007,-0.482088,not_clean,-1
15192,3013574240108129,6.669148,-0.317913,not_clean,-1
15193,3013574240107795,6.557686,-0.381970,grouped,239
15194,3088611040107784,6.265760,-0.551451,not_clean,-1
15195,3013574240110623,6.795646,-0.256097,grouped,376
15196,3013574240102649,6.691878,-0.315093,grouped,239
15197,3088611040100304,6.379348,-0.499680,not_clean,-1
15198,3088611040107717,6.407214,-0.485148,not_clean,-1
15199,3088611040110614,6.143143,-0.637670,grouped,236
15200,3013574280112806,7.259902,-0.004741,grouped,378
15201,3013574240104922,6.606141,-0.376701,grouped,335
15202,3013574240108851,6.789649,-0.273379,grouped,377
15203,3013574240114075,6.820592,-0.257111,grouped,376
15204,3088611050113663,6.481381,-0.451049,not_clean,-1
15205,3088611040104159,6.290173,-0.559933,not_clean,-1
15206,3013574280105304,7.232259,-0.027855,grouped,233
15207,3013574280105442,7.224782,-0.038823,grouped,19
15208,3013574240104708,6.635304,-0.374563,not_clean,-1
15209,3013574270109374,7.090755,-0.115906,not_clean,-1
15210,3013574280112884,7.290862,-0.003382,not_clean,-1
15211,3013574240108692,6.838812,-0.260319,grouped,374
15212,3088611040100687,6.443308,-0.485287,grouped,374
15213,3013574280108185,7.346302,0.027093,grouped,330
15214,3088611040104372,6.375484,-0.525605,not_clean,-1
15215,3088611040111848,6.313871,-0.562074,grouped,233
15216,3088611040112523,6.163069,-0.652466,grouped,234
15217,3013574240106473,6.541849,-0.439920,not_clean,-1
15218,3013574240107984,6.816378,-0.286525,grouped,376
15219,3013574280108526,7.189484,-0.080579,grouped,239
15220,3088611040110449,6.120087,-0.697121,grouped,234
15221,3013574240100020,6.513172,-0.474003,grouped,335
15222,3013574240107969,6.657520,-0.393039,not_clean,-1
15223,3013574270110035,7.050184,-0.173307,not_clean,-1
15224,3013574270101175,7.066276,-0.165854,grouped,375
15225,3013574280111460,7.254496,-0.059173,grouped,233
15226,3088611040110055,6.321318,-0.589388,grouped,236
15227,3013574240110992,6.795248,-0.320893,not_clean,-1
15228,3013574240109720,6.738542,-0.356610,not_clean,-1
15229,3013574310105778,7.499781,0.075290,grouped,233
15230,3088611050110117,6.488297,-0.499958,grouped,236
15231,3013574310113189,7.422335,0.028553,grouped,378
15232,3088611040113529,6.274529,-0.627413,not_clean,-1
15233,3013574280108334,7.194505,-0.106024,grouped,234
15234,3088611040114143,6.290705,-0.625092,not_clean,-1
15235,3013574240114355,6.705208,-0.390411,grouped,335
15236,3088611040103188,6.456734,-0.532564,grouped,236
15237,3013574240107994,6.654647,-0.429061,not_clean,-1
15238,3013574270106631,7.136219,-0.156004,grouped,376
15239,3013574310112438,7.600556,0.107462,grouped,8
15240,3088611040110820,6.459684,-0.540447,grouped,237
15241,3013574270105967,7.108343,-0.173564,grouped,330
15242,3088611040105647,6.272039,-0.651084,grouped,234
15243,3088611040111306,6.345598,-0.609480,grouped,236
15244,3088611040107967,6.241736,-0.670719,not_clean,-1
15245,3013574240111402,6.895307,-0.304683,not_clean,-1
15246,3013574240107680,6.786150,-0.369777,not_clean,-1
15247,3088611050109674,6.532619,-0.513878,not_clean,-1
15248,3013574240100557,6.831399,-0.348146,not_clean,-1
15249,3088611050100474,6.524278,-0.524521,not_clean,-1
15250,3013574310114118,7.429852,-0.017135,not_clean,-1
15251,3013574310111712,7.650090,0.107816,grouped,329
15252,3088611040108050,6.371269,-0.624462,grouped,177
15253,3013574270108904,7.167278,-0.173203,not_clean,-1
15254,3013574240104409,6.578919,-0.508440,not_clean,-1
15255,3013574270111743,7.161150,-0.178403,not_clean,-1
15256,3013574280109304,7.237703,-0.137371,grouped,378
15257,3013574240106944,6.596138,-0.502463,not_clean,-1
15258,3013574310109199,7.463647,-0.010537,grouped,373
15259,3088611040116252,6.183083,-0.740166,grouped,22
15260,3013574310103930,7.491296,-0.005650,grouped,238
15261,3013574240105332,6.832007,-0.381244,grouped,376
15262,3013574240111583,6.648616,-0.491552,not_clean,-1
15263,3088611040101083,6.338550,-0.669121,grouped,236
15264,3013574280109221,7.302184,-0.124802,grouped,375
15265,3013574310113530,7.511345,-0.008494,not_clean,-1
15266,3013574270108730,7.187607,-0.194680,grouped,330
15267,3013574310114073,7.631441,0.054128,not_clean,-1
15268,3013574240100343,6.853577,-0.392632,grouped,172
15269,3088611050107908,6.619279,-0.526409,not_clean,-1
15270,3013574240107246,6.745946,-0.455454,grouped,239
15271,3013574240110234,6.834406,-0.413251,not_clean,-1
15272,3013574270109024,6.926304,-0.361636,grouped,237
15273,3013574310115146,7.576697,0.005873,grouped,237
15274,3013574310101844,7.455552,-0.063639,grouped,255
15275,3013574310105789,7.468012,-0.064442,grouped,376
15276,3013574240110132,6.843595,-0.426624,grouped,251
15277,3013574280104523,7.337135,-0.149373,grouped,255
15278,3013574310114530,7.505249,-0.057087,grouped,380
15279,3013574310115646,7.471308,-0.081817,grouped,330
15280,3013574310114030,7.630189,0.005947,not_clean,-1
15281,3088611040111303,6.415076,-0.687907,grouped,303
15282,3088611040105828,6.477129,-0.653622,grouped,377
15283,3088611040110008,6.235297,-0.799085,grouped,18
15284,3013574310112717,7.645572,-0.001665,grouped,240
15285,3088611040112298,6.456449,-0.688439,grouped,234
15286,3013574310104736,7.678394,-0.013591,grouped,330
15287,3013574310111911,7.591506,-0.076466,grouped,376
15288,3050317010100099,8.276558,0.301340,not_clean,-1
15289,3013574310105199,7.650667,-0.071195,grouped,4
15290,3050317010100373,8.257860,0.268870,not_clean,-1
15291,3013574310109726,7.581055,-0.116573,grouped,330
15292,3088611040109113,6.498680,-0.740965,grouped,6
15293,3013574310112527,7.598690,-0.131720,grouped,380
15294,3050317010100543,8.256392,0.233200,not_clean,-1
15295,3013574300111331,7.526176,-0.188815,grouped,378
15296,3050317010100278,8.315738,0.248367,not_clean,-1
15297,3050317010100047,8.401955,0.282881,grouped,282
15298,3050317010100003,8.424001,0.286669,grouped,381
15299,3050317010100528,8.169609,0.142735,grouped,20
15300,3050317010100492,8.429246,0.251426,not_clean,-1
15301,3050317010100477,8.242560,0.145202,not_clean,-1
15302,3050317010100500,8.283856,0.167944,not_clean,-1
15303,3050317010100318,8.325251,0.176910,grouped,20
15304,3050317010100679,8.176127,0.087803,not_clean,-1
15305,3050317010100238,8.311469,0.162722,grouped,19
15306,3050317010100498,8.192143,0.091877,not_clean,-1
15307,3050317010100370,8.285207,0.142686,grouped,19
15308,3050317010100164,8.376224,0.190879,not_clean,-1
15309,3050317010100246,8.402144,0.198695,not_clean,-1
15310,3050317010100532,8.455603,0.226824,not_clean,-1
15311,3050317010100364,8.497107,0.249156,grouped,381
15312,3050317010100306,8.238748,0.099038,not_clean,-1
15313,3050317010100497,8.248735,0.097462,grouped,378
15314,3050317010100317,8.297669,0.121280,grouped,378
15315,3050317010100135,8.477591,0.219421,grouped,255
15316,3050317010100424,8.181378,0.045232,grouped,240
15317,3050317010100143,8.210119,0.056946,grouped,381
15318,3050317010100171,8.485509,0.208508,grouped,19
15319,3050317010100518,8.245417,0.072323,not_clean,-1
15320,3050317010100542,8.197647,0.041891,not_clean,-1
15321,3050317010100471,8.264773,0.077552,not_clean,-1
15322,3050317010100511,8.285832,0.087002,grouped,381
15323,3050317010100299,8.372355,0.134700,not_clean,-1
15324,3050317010100261,8.213578,0.035930,grouped,379
15325,3050317010100379,8.506618,0.198981,grouped,381
15326,3050317010100396,8.468168,0.175169,grouped,21
15327,3050317010100652,8.253496,0.049703,grouped,239
15328,3050317010100400,8.507166,0.182719,grouped,282
15329,3050317010100674,8.236379,0.028551,not_clean,-1
15330,3050317010100398,8.283997,0.054242,grouped,381
15331,3050317010100043,8.550102,0.201066,grouped,282
15332,3050317010100337,8.345806,0.081763,grouped,19
15333,3050317010100426,8.318950,0.061528,grouped,381
15334,3050317010100385,8.490074,0.155769,not_clean,-1
15335,3050317010100420,8.425649,0.113352,not_clean,-1
15336,3050317010100631,8.262471,0.020577,grouped,379
15337,3050317010100312,8.509813,0.153218,grouped,381
15338,3050317010100160,8.304855,0.027722,grouped,379
15339,3050317010100399,8.399720,0.074167,grouped,380
15340,3050317010100380,8.275174,0.003655,grouped,380
15341,3050317010100535,8.338454,0.033531,grouped,282
15342,3050317010100268,8.277919,-0.003142,grouped,282
15343,3050317010100413,8.295503,-0.009637,grouped,240
15344,3050317010100599,8.354013,0.012422,not_clean,-1
15345,3050317010100460,8.341767,0.002059,grouped,381
15346,3050317010100266,8.464084,0.059469,not_clean,-1
15347,3050317010100433,8.385507,0.000151,grouped,282
15348,3050317010100459,8.372011,-0.012805,not_clean,-1
15349,3050317010100211,8.456339,0.023634,not_clean,-1
15350,3050317010100421,8.438597,0.013243,not_clean,-1
15351,3050317010100649,8.361706,-0.034341,grouped,240
15352,3050317010100272,8.513873,0.047714,grouped,381
15353,3050317010100358,8.352676,-0.056249,grouped,380
15354,3050317010100377,8.304594,-0.085879,grouped,22
15355,3050317010100228,8.472879,0.008769,not_clean,-1
15356,3050317010100378,8.542717,0.043673,not_clean,-1
15357,3050317010100280,8.544310,0.039188,grouped,381
15358,3050317010100341,8.364967,-0.069300,grouped,378
15359,3050317010100392,8.393674,-0.054814,grouped,240
15360,3050317010100262,8.366218,-0.079533,grouped,240
15361,3050317010100319,8.505461,-0.003104,not_clean,-1
15362,3050317010100455,8.433021,-0.053303,grouped,378
15363,3050317010100483,8.560476,0.014726,grouped,380
15364,3050317010100040,8.415638,-0.067925,grouped,240
15365,3050317010100349,8.408252,-0.072953,grouped,240
15366,3050317010100450,8.545882,0.000246,not_clean,-1
15367,3050317010100354,8.319528,-0.128587,grouped,378
15368,3050317010100351,8.343159,-0.119160,grouped,380
15369,3050317010100427,8.519337,-0.024545,grouped,381
15370,3050317010100486,8.453362,-0.071297,grouped,378
15371,3050317010100168,8.428598,-0.111107,grouped,379
15372,3040575020100005,8.784162,0.088119,grouped,381
15373,3050317010100366,8.537540,-0.050605,grouped,240
15374,3050317010100525,8.557919,-0.046597,grouped,381
15375,3050317010100499,8.374619,-0.156297,grouped,381
15376,3050317010100406,8.555436,-0.055042,grouped,381
15377,3050317010100322,8.503464,-0.086800,grouped,380
15378,3050317010100484,8.396823,-0.147094,grouped,380
15379,3050317010100515,8.476669,-0.102374,grouped,380
15380,3050317010100479,8.596235,-0.039179,grouped,380
15381,3050317010100257,8.458475,-0.119761,grouped,380
15382,3050317010100531,8.484074,-0.108873,not_clean,-1
15383,3050317010100405,8.616265,-0.044045,grouped,378
15384,3040575020100422,8.840202,0.079726,grouped,82
15385,3050317010100418,8.620159,-0.047627,grouped,379
15386,3050317010100315,8.411406,-0.166613,grouped,242
15387,3040575020100348,8.800783,0.045725,grouped,351
15388,3040575020100400,8.870259,0.080055,grouped,381
15389,3040575020100256,8.919808,0.056593,not_clean,-1
15390,3040575020100228,8.629806,-0.112881,not_clean,-1
15391,3040575020100442,8.924073,0.035694,grouped,381
15392,3040575020100261,8.897017,-0.001215,grouped,282
15393,3040575020100271,8.960397,-0.007900,grouped,282
15394,3040575020100496,8.975558,-0.008564,not_clean,-1
15395,3067369010100370,8.621117,-0.242606,nan_hardness,-1
15396,3040575020100328,8.817340,-0.250914,not_clean,-1
15397,3040575020100007,8.849263,-0.251876,grouped,351
15398,3040575020100508,8.820494,-0.271697,not_clean,-1
15399,3040575020100289,8.843920,-0.260747,grouped,23
15400,3040575020100230,8.825388,-0.277777,grouped,381
15401,3040575020100140,8.919034,-0.238890,grouped,282
15402,3040575020100175,8.903391,-0.285259,grouped,18
15403,3040575020100658,8.928930,-0.279065,not_clean,-1
15404,3015283280103103,10.271710,0.461648,grouped,123
15405,3015283280101308,10.195297,0.415916,not_clean,-1
15406,3040575020100229,8.954054,-0.288248,grouped,282
15407,3015283280100842,10.219739,0.385360,grouped,381
15408,3014584010100105,10.228181,0.343067,not_clean,-1
15409,3014584010103191,10.251786,0.352522,not_clean,-1
15410,3014584010101120,10.153256,0.293946,grouped,381
15411,3014584010101773,10.291183,0.360530,grouped,211
15412,3014584010101630,10.334070,0.378398,grouped,123
15413,3014584010100258,10.378037,0.393156,grouped,282
15414,3014584010100496,10.206369,0.296441,grouped,381
15415,3014584010100706,10.182395,0.274133,grouped,351
15416,3014584010101306,10.303750,0.339977,grouped,211
15417,3014584010100162,10.322782,0.332303,not_clean,-1
15418,3014584010101476,10.204425,0.265049,not_clean,-1
15419,3014584010101073,10.137647,0.218015,not_clean,-1
15420,3014584010101152,10.343993,0.309343,grouped,123
15421,3014584010100850,10.381475,0.329988,grouped,241
15422,3014584010102018,10.260898,0.261526,grouped,280
15423,3014584010100921,10.176032,0.200404,grouped,381
15424,3014584010100388,10.286649,0.253362,grouped,282
15425,3014584010100758,10.148239,0.175976,grouped,282
15426,3014584010100789,10.344820,0.279527,grouped,280
15427,3014584010100977,10.258749,0.213170,not_clean,-1
15428,3014584010100083,10.430643,0.307582,not_clean,-1
15429,3014821010171031,9.844070,-0.039636,grouped,241
15430,3014584010100992,10.185821,0.141425,grouped,280
15431,3014821010172588,9.863108,-0.042443,not_clean,-1
15432,3014821010170603,9.799336,-0.081263,grouped,381
15433,3014584010101030,10.430420,0.268522,no_ext_contour,-1
15434,3014821010170118,9.837595,-0.067779,not_clean,-1
15435,3014584010100763,10.362733,0.218943,not_clean,-1
15436,3014821010170923,9.829884,-0.077909,not_clean,-1
15437,3014821010170479,9.801112,-0.097850,grouped,381
15438,3014821010170246,9.868958,-0.060258,grouped,381
15439,3014821010170146,9.857372,-0.070748,not_clean,-1
15440,3014821010170157,9.937534,-0.029838,grouped,280
15441,3014821010170656,9.848070,-0.081212,not_clean,-1
15442,3014584010100447,10.229964,0.127069,grouped,280
15443,3014821010170508,9.869427,-0.079028,grouped,280
15444,3014821010170239,9.914748,-0.054866,grouped,381
15445,3014584010101601,10.238203,0.117544,grouped,381
15446,3014821010170095,9.819369,-0.117972,not_clean,-1
15447,3014821010171377,9.768831,-0.150762,grouped,380
15448,3014821010170478,9.884161,-0.088259,grouped,381
15449,3014584010100416,10.308785,0.147077,not_clean,-1
15450,3014821010170386,9.929849,-0.063904,grouped,280
15451,3014821010170324,9.851400,-0.108238,grouped,280
15452,3014584010100651,10.302536,0.136879,not_clean,-1
15453,3014821010170564,9.806776,-0.139279,not_clean,-1
15454,3014821010170182,9.869093,-0.107157,not_clean,-1
15455,3014821010170128,9.953601,-0.067440,grouped,381
15456,3014821010170132,9.852531,-0.123682,grouped,381
15457,3014821010170313,9.790570,-0.160915,grouped,381
15458,3014584010100638,10.471944,0.216571,no_ext_contour,-1
15459,3014821010170583,9.979333,-0.059918,grouped,280
15460,3014584010100914,10.401105,0.171799,not_clean,-1
15461,3014584010100851,10.384575,0.156899,grouped,241
15462,3014584010100505,10.436144,0.184246,not_clean,-1
15463,3014584010101340,10.304098,0.108384,grouped,280
15464,3014821010170341,9.849628,-0.150839,grouped,381
15465,3014821010170436,9.828407,-0.167307,grouped,241
15466,3055460040101394,10.104405,-0.017979,not_clean,-1
15467,3014584010100134,10.499217,0.197754,not_clean,-1
15468,3014821010170455,9.928212,-0.119795,not_clean,-1
15469,3014584010101020,10.410713,0.145944,not_clean,-1
15470,3014584010100586,10.496500,0.192997,no_ext_contour,-1
15471,3014821010170480,9.990409,-0.088503,grouped,381
15472,3014821010170139,10.018072,-0.079931,not_clean,-1
15473,3014821010170393,9.891339,-0.150574,not_clean,-1
15474,3014821010170340,9.913709,-0.140206,grouped,241
15475,3014584010100397,10.307604,0.075184,grouped,241
15476,3014821010170180,9.826172,-0.200700,not_clean,-1
15477,3014584010100209,10.503681,0.173303,not_clean,-1
15478,3014584010100476,10.329528,0.074105,not_clean,-1
15479,3014584010103136,10.410146,0.107118,not_clean,-1
15480,3014821010170528,10.052447,-0.091777,not_clean,-1
15481,3014821010170617,9.962904,-0.143736,not_clean,-1
15482,3014584010100216,10.407824,0.102802,no_ext_contour,-1
15483,3014821010170570,9.832129,-0.217308,grouped,282
15484,3014821010170369,9.948381,-0.152905,grouped,242
15485,3014584010100671,10.462661,0.132650,not_clean,-1
15486,3014584010101329,10.361317,0.074883,not_clean,-1
15487,3014821010170764,10.063601,-0.091258,not_clean,-1
15488,3014584010102027,10.230642,-0.001580,grouped,381
15489,3014821010170165,9.911191,-0.182120,not_clean,-1
15490,3014821010170285,9.996076,-0.138710,not_clean,-1
15491,3014821010170174,9.929098,-0.182609,not_clean,-1
15492,3014821010170186,9.891354,-0.207584,not_clean,-1
15493,3014821010170122,10.017884,-0.140677,not_clean,-1
15494,3014821010170705,9.871016,-0.222850,not_clean,-1
15495,3014821010170048,9.786394,-0.271024,grouped,241
15496,3014821010170426,9.964140,-0.173030,grouped,242
15497,3014821010170072,10.038754,-0.134159,not_clean,-1
15498,3014821010170533,9.842043,-0.250330,grouped,242
15499,3014584010100587,10.435169,0.076534,not_clean,-1
15500,3014584010100974,10.420429,0.068054,not_clean,-1
15501,3014821010170379,9.929962,-0.212491,grouped,242
15502,3014821010170960,9.915452,-0.220759,grouped,242
15503,3014821010170084,9.970316,-0.191937,grouped,282
15504,3014821010170452,10.039545,-0.154414,not_clean,-1
15505,3014584010100262,10.376332,0.030018,grouped,280
15506,3014584010100717,10.447187,0.062663,not_clean,-1
15507,3014821010170126,9.887709,-0.258689,not_clean,-1
15508,3014821010170356,10.050981,-0.168951,not_clean,-1
15509,3014821010170542,9.827283,-0.295389,not_clean,-1
15510,3014821010170488,10.004487,-0.199031,not_clean,-1
15511,3014821010170368,10.007788,-0.204179,not_clean,-1
15512,3014821010170493,10.061494,-0.176430,not_clean,-1
15513,3014821010171184,10.191312,-0.104541,not_clean,-1
15514,3014821010170086,9.954163,-0.236825,not_clean,-1
15515,3014821010170682,9.842953,-0.304216,not_clean,-1
15516,3014584010101821,10.462534,0.038525,no_ext_contour,-1
15517,3014584010100126,10.367420,-0.014708,grouped,241
15518,3014584010100492,10.508573,0.054251,not_clean,-1
15519,3014821010170378,9.937599,-0.267290,not_clean,-1
15520,3014821010170262,10.078529,-0.194910,not_clean,-1
15521,3014821010170002,9.995851,-0.241910,not_clean,-1
15522,3014821010170780,10.068965,-0.202111,not_clean,-1
15523,3014821010170539,9.801188,-0.351987,not_clean,-1
15524,3014821010170474,9.896102,-0.305710,grouped,381
15525,3014584010102322,10.461117,0.006687,not_clean,-1
15526,3014584010101155,10.322189,-0.071662,not_clean,-1
15527,3014584010100482,10.451094,-0.000214,not_clean,-1
15528,3014821010170299,10.040355,-0.228171,not_clean,-1
15529,3014821010170448,9.806344,-0.361883,not_clean,-1
15530,3014821010170449,9.901498,-0.311214,grouped,381
15531,3014821010171018,10.013704,-0.250285,not_clean,-1
15532,3014584010100338,10.331765,-0.075369,not_clean,-1
15533,3014821010170158,9.916432,-0.310845,grouped,241
15534,3014821010170074,9.840700,-0.355300,grouped,241
15535,3014821010170247,9.976088,-0.281287,grouped,241
15536,3014821010170260,9.820231,-0.371857,grouped,241
15537,3014821010170345,9.874748,-0.342529,grouped,241
15538,3014821010170100,9.965409,-0.293422,not_clean,-1
15539,3014821010170179,9.997181,-0.282298,not_clean,-1
15540,3014821010170759,9.945779,-0.312091,grouped,241
15541,3014821010170031,10.092166,-0.241247,grouped,381
15542,3014821010170120,10.049534,-0.268672,not_clean,-1
15543,3014821010170417,9.981102,-0.310559,not_clean,-1
15544,3014821010170355,10.017329,-0.292155,not_clean,-1
15545,3014821010170692,9.958120,-0.327927,not_clean,-1
15546,3014821010170202,10.058192,-0.280550,grouped,241
15547,3014821010170257,10.096251,-0.268153,grouped,241
15548,3014821010170320,9.992304,-0.330756,grouped,381
15549,3014821010170243,10.111496,-0.266448,not_clean,-1
15550,3014821010170373,10.060165,-0.307280,not_clean,-1
15551,3014821010170424,10.051914,-0.312216,not_clean,-1
15552,3014821010170391,10.019033,-0.331184,not_clean,-1
15553,3014821010170416,9.966484,-0.364903,not_clean,-1
15554,3014821010170198,10.021536,-0.337174,grouped,282
15555,3014821010170298,9.972772,-0.365267,not_clean,-1
15556,3014821010170101,10.112645,-0.292274,grouped,282
15557,3014821010170263,9.934623,-0.396598,not_clean,-1
15558,3014821010170604,9.894644,-0.428138,not_clean,-1
15559,3014821010170093,10.049284,-0.343899,not_clean,-1
15560,3014821010170623,10.070333,-0.336550,not_clean,-1
15561,3014821010170319,9.944942,-0.411147,grouped,381
15562,3014821010170026,10.009411,-0.381893,not_clean,-1
15563,3014821010170702,9.924752,-0.435651,grouped,381
15564,3014821010170064,9.960981,-0.425054,grouped,241
15565,3014821010170204,10.070839,-0.366593,not_clean,-1
15566,3014821010170704,9.932427,-0.448934,not_clean,-1
15567,3014821010170173,9.941974,-0.443724,grouped,282
15568,3014821010170094,10.090894,-0.362626,grouped,241
15569,3014821010170404,9.985418,-0.423752,not_clean,-1
15570,3014821010170060,10.058783,-0.389968,grouped,282
15571,3014821010170088,10.156916,-0.335969,not_clean,-1
15572,3014821010170509,10.011115,-0.421830,grouped,241
15573,3014821010170836,10.040724,-0.418304,grouped,381
15574,3014821010170235,10.025365,-0.436186,not_clean,-1
15575,3014821010170089,10.081990,-0.408111,grouped,351
15576,3014584020100105,9.395127,-0.788100,grouped,82
15577,3014821010170328,10.110954,-0.401728,grouped,282
15578,3014821010170098,10.057101,-0.442257,not_clean,-1
15579,3014821010170566,10.079931,-0.440975,grouped,282
15580,3014584020100018,9.420477,-0.822543,grouped,282
15581,3014821040101251,10.028155,-0.488729,grouped,381
15582,3014584020100067,9.349330,-0.877528,grouped,381
15583,3014584020100054,9.485247,-0.820027,grouped,351
15584,3014584020100025,9.401603,-0.872265,grouped,282
15585,3014584020100100,9.415512,-0.884039,grouped,79
15586,3014584020100058,9.391721,-0.924106,grouped,135
15587,3014584020100043,9.472227,-0.881171,grouped,79
15588,3014584020100032,9.455112,-0.890693,grouped,381
15589,3014584020100041,9.235595,-1.015430,grouped,351
15590,3014584020100002,9.294568,-1.002978,not_clean,-1
15591,3014584020100094,9.473995,-0.910867,grouped,381
15592,3014584020100027,9.524011,-0.892062,grouped,282
15593,3014584020100060,9.441123,-0.948983,grouped,79
15594,3014584020100063,9.431974,-0.969086,grouped,351
15595,3014584020100065,9.396209,-0.990696,not_clean,-1
15596,3014584020100012,9.491752,-0.939901,grouped,351
15597,3014584020100013,9.440934,-0.974888,grouped,351
15598,3014584020100040,9.490440,-0.947794,grouped,351
15599,3014584020100015,9.408211,-1.000417,grouped,73
15600,3014584020100042,9.492354,-0.955160,grouped,351
15601,3014584020100044,9.383554,-1.016030,grouped,351
15602,3014584020100034,9.429740,-0.997438,not_clean,-1
15603,3014584020100061,9.438797,-0.995637,grouped,282
15604,3014584020100081,9.278926,-1.083915,not_clean,-1
15605,3014584020100004,9.412999,-1.013467,grouped,381
15606,3014584020100059,9.407411,-1.041661,not_clean,-1
15607,3014584020100031,9.416978,-1.045167,grouped,351
15608,3014584020100026,9.439370,-1.036437,grouped,351
15609,3014584020100020,9.370889,-1.078493,grouped,351
15610,3014584020100080,9.529604,-0.999016,grouped,351
15611,3014584020100099,9.364520,-1.091778,grouped,351
15612,3014584020100038,9.602928,-0.960992,grouped,78
15613,3014584020100052,9.442345,-1.052525,grouped,242
15614,3014584020100053,9.424550,-1.065729,grouped,351
15615,3014584020100075,9.454151,-1.052673,not_clean,-1
15616,3014584020100072,9.548733,-1.003585,not_clean,-1
15617,3014584020100066,9.421575,-1.077956,grouped,112
15618,3014584020100051,9.381516,-1.106642,grouped,351
15619,3014584020100055,9.361145,-1.140851,grouped,351
15620,3014584020100005,9.465205,-1.087568,grouped,351
15621,3014584020100087,9.425109,-1.110552,grouped,351
15622,3014584020100024,9.479012,-1.084209,not_clean,-1
15623,3014584020100057,9.392692,-1.137123,grouped,351
15624,3014584020100023,9.491358,-1.084094,grouped,351
15625,3014584020100014,9.543087,-1.057717,grouped,351
15626,3014584020100008,9.417084,-1.129736,not_clean,-1
15627,3014584020100036,9.468752,-1.108006,grouped,351
15628,3014584020100001,9.405354,-1.144060,grouped,351
15629,3014584020100039,9.417749,-1.137596,not_clean,-1
15630,3014584020100084,9.523664,-1.085549,grouped,351
15631,3014584020100010,9.434884,-1.139880,not_clean,-1
15632,3014584020100096,9.525867,-1.092712,grouped,351
15633,3014584020100068,9.578291,-1.068022,not_clean,-1
15634,3014584020100090,9.599645,-1.061736,grouped,351
15635,3014584020100033,9.574867,-1.077813,grouped,351
15636,3014584020100003,9.555631,-1.091615,grouped,351
15637,3014584020100016,9.583788,-1.085101,grouped,351
15638,3014584020100045,9.569660,-1.094149,grouped,351
15639,3014584020100006,9.552359,-1.107340,grouped,351
15640,3014584020100046,9.518653,-1.128193,grouped,351
15641,3014584020100049,9.390763,-1.204185,grouped,351
15642,3014584020100168,9.421649,-1.189053,not_clean,-1
15643,3014584020100009,9.526969,-1.134161,grouped,351
15644,3014584020100035,9.517804,-1.140150,grouped,351
15645,3014584020100028,9.472620,-1.166315,grouped,103
15646,3014584020100037,9.519570,-1.150003,not_clean,-1
15647,3014584020100050,9.509540,-1.174237,grouped,351
15648,3014584020100030,9.544254,-1.160852,grouped,351
15649,3014584020100082,9.512599,-1.181327,grouped,101
15650,3014584020100108,9.426105,-1.229715,grouped,351
15651,3014584020100085,9.421971,-1.245754,grouped,351
15652,3014584020100029,9.446843,-1.255236,grouped,351
15653,3014584020100083,9.508041,-1.226006,not_clean,-1
15654,3014584020100022,9.480668,-1.248827,not_clean,-1
